words,definition,pos_tag,freq_of_use,kata_dasar,kata_terbitan,num_variations
perdana,[per.da.na]  Definisi :1. yg terutama P~ Menteri ketua menteri sesebuah negara mengepalai jemaah menteri 2. yg mula-mula yg pertama sekali pertunjukan tayangan ~ tayangan filem yg pertama kali 3. sl bendahara.Kamus Dewan Edisi Keempat[per.da.na]  Definisi :1 paling tinggi tarafnya atau pangkatnya: ~ Menteri. 2 yg mula-mula yg pertama: tayangan ~ tayangan bagi pertama kalinya.Kamus Pelajar Edisi Kedua,-,-,-,-,0
datuk,[da.tu]  Definisi :1. bapa kpd ayah atau ibu seseorang 2. panggilan oleh seseorang terhadap bapa kpd ayahnya ibunya atau terhadap seseorang lain yg sedemikian tuanya aki kakek ~ nenek nenek moyang leluhur 3. ark panggilan orang ramai kpd anggota polis atau panggilan mata-mata kpd pegawai atasannya 4. Mn penghulu adat 5. hantu puaka penunggu sesuatu tempat: ~ di pokok itu kononnya selalu mengganggu orang-orang yg lalu di situ 6. topekong berhala atau dewa kpd orang Cina yg mempunyai kepercayaan tertentu rumah ~ rumah berhala 7. bp sebutan bagi harimau ~ betina sl ketua dayang-dayang dlm istana ~ kayu ark pegawai dan kakitangan jabatan hutan mendatukkan menjadikan memanggil datuk: Tok Embong dituankan oleh orang-orang suruhannya diayahkan oleh peringkat anak-anak dan didatukkan oleh peringkat cucunya.Kamus Dewan Edisi Keempat[da.tu]  Definisi :1. gelaran kehormat kpd orang yg berpangkat atau bermartabat tinggi yg biasanya menjadi pembesar negeri: ~ Bendahara ~ Paduka Raja ~ Panglima ~ Temenggung 2. gelaran kehormat di Malaysia yg dianugerahkan oleh Yang di-Pertuan Agong Yang Dipertua Negeri Melaka Yang Dipertua Negeri Sarawak dan Yang Dipertua Negeri Sabah kpd orang yg telah dianugerahi pingat tertentu sbg penghargaan terhadap jasa atau khidmatnya kpd negara ~ Bandar ketua pentadbiran sesebuah bandar raya ~ Patinggi gelaran kehormat yg dianugerahkan oleh Yang Dipertua Negeri Sarawak kpd orang yg telah dianugerahi pingat tertentu ~ Seri gelaran kehormat yg dianugerahkan oleh Yang Dipertua Negeri Melaka kpd orang yg telah dianugerahi pingat tertentu.Kamus Dewan Edisi Keempat[da.tu]  Definisi :1 bapa kpd ayah atau ibu sendiri. 2 panggilan utk bapa kpd ayah atau ibu sendiri panggilan utk orang lelaki yg lebih kurang sebaya dgn datuk 1. mendatukkan memanggil seseorang datuk.Kamus Pelajar Edisi Kedua[da.tu]  Definisi :1 gelaran kehormatan yg dianugerahkan oleh Ketua Negara atau Ketua Negeri kpd orang-orang tertentu kerana menghormati jasanya dll: Antara tetamu yg hadir termasuklah ~ Hussein Onn dan isterinya Datin Suhaila. 2 gelaran kehormatan yg diberikan kpd orang-orang yg berpangkat: ~ Bandar ~ Bendahara ~ Panglima.Kamus Pelajar Edisi Kedua,-,-,-,-,0
anwar,-,-,-,-,-,0
ibrahim,-,-,-,-,-,0
hari,[ha.ri]  Definisi :1 masa dua puluh empat jam yg bermula dr matahari terbit sehingga matahari terbit sekali lagi: Dlm seminggu ada tujuh ~. 2  siang ~ masa dr matahari terbit sehingga matahari terbenam: tiga ~ tiga malam. 3 masa bekerja dlm satu hari: Dia bekerja enam ~ dlm seminggu. 4 keadaan alam cuaca dll dlm sesuatu hari: Apabila ~ hujan dia tidak keluar rumah. ~ akhirat kemudian masa selepas musnahnya atau hancurnya alam ini iaitu selepas hari kiamat. ~ Bapa hari utk mengenang atau memperingati jasa bapa iaitu pd hari Ahad ketiga dlm bulan Jun. ~ besar hari yg dirayakan utk memperingati sesuatu perkara atau peristiwa penting. ~ bulan tarikh dlm sesuatu bulan yg tertentu tanggal. ~ depan masa yg akan datang. ~ Guru hari yg disambut utk mengenang atau memperingati jasa guru iaitu pd 16 Mei. ~ Ibu hari utk mengenang atau memperingati jasa ibu iaitu pd hari Ahad kedua dlm bulan Mei. ~ Ibu Bapa hari perayaan sekolah dan ibu bapa diundang hadir di perayaan itu. ~ jadi lahir a. hari lahirnya seseorang. b. hari ulang tahun kelahiran seseorang. ~ kebangkitan hari apabila manusia dibangkitkan drpd mati utk dihisab segala amalannya. ~ Kebangsaan hari penting yg dirayakan oleh seluruh rakyat. ~ Kemerdekaan Merdeka hari yg dirayakan oleh seluruh rakyat utk memperingati kemerdekaan negara. ~ kiamat hari masa seluruh alam musnah atau hancur setelah malaikat Israfil meniup sangkakala yg pertama. ~ Lebaran Hari Raya Puasa 1 Syawal. ~ muka masa yg akan datang masa depan. ~ pembalasan hari apabila manusia menerima balasan atas segala amalan baik dan buruk yg dilakukan di dunia. ~ Raya hari yg dimuliakan dan dirayakan kerana menandakan tamatnya puasa atau kerana membesarkan hari orang mengerjakan haji. ~ Raya Haji Korban Aidiladha hari raya yg disambut pd 10 Zulhijah iaitu selepas hari wukuf. ~ Raya Puasa Aidilfitri hari raya yg disambut pd tiap-tiap 1 Syawal Lebaran. ~ wukuf hari jemaah haji berkumpul di padang Arafah pd 9 Zulhijah. berhari-hari beberapa hari: Kadang-kadang dia pergi ~ lamanya. harian setiap hari tiap-tiap hari: akhbar ~. sehari satu hari. sehari-hari tiap-tiap hari: Dia membeli barang-barang keperluan ~. seharian sehari-harian sepanjang hari sehari suntuk: Dia berasa terlalu letih setelah bekerja ~.Kamus Pelajar Edisi Kedua,-,-,hari,"sehari-hari, sehari-harian, berhari-hari, harian",4
ini,[i.ni]  Definisi :kata yg digunakan utk menunjuk waktu tempat atau benda yg dekat: Binatang apa ~. sekarang ~ pd masa sekarang petang ~ petang nanti ~ pula istimewa pula lebih-lebih lagi.Kamus Pelajar Edisi Kedua,-,-,-,-,0
mengadakan,[me.nga.da.kan]  Definisi :1. menjadikan ada atau wujud mewujudkan menjadikan menciptakan: Tuhanlah yg ~ seluruh alam ini 2. mengusahakan sehingga ada tersedia terdapat dsb menyediakan: ~ wang yg diperlukan peruntukan belanjawan utk ~ lebih banyak sekolah dan maktab teknik 3. mengusahakan sehingga berlaku atau berjalan sesuatu spt seminar mesyuarat kenduri dll menganjurkan serta mengurus sesuatu: ~ kursus bahasa-bahasa asing ~ kempen kebersihanKamus Dewan Edisi Keempat[me.nga.da.kan]  Definisi :1 menjadikan ada mewujudkan: Tuhanlah yg ~ alam ini. 2 menyebabkan ada menyediakan wang tempat dll menubuhkan persatuan dsb: Mereka berusaha ~ kelas bimbingan utk ahli-ahli persatuan itu.Kamus Pelajar Edisi Kedua,-,-,-,-,0
pertemuan,[per.te.muan]  Definisi :1. perihal bertemu perjumpaan: kenangan beliau kembali kpd ~nya dgn Datuk Bomoh 2. tempat bertemu berkumpul dll: Kuala Lumpur letaknya di ~ Sungai Gombak dgn Sungai Kelang 3. perkumpulan perhimpunan mesyuarat dll: dia mengajak orang-orang yg ada pd ~ itu agar bangkit menentang musuh 4. pergaulan persamaan pendapat dll: aku perlukan engkau dlm soal menghadapi Kadir kita banyak ~ pendapat 5. perjodohan perkahwinan: maka tidaklah syak lagi yg ~ itu sukar berpanjanganKamus Dewan Edisi Keempat[per.te.muan]  Definisi :1 perihal bertemu dgn kawan dll: 2 perjumpaan: Dia masih ingat akan ~nya dgn penghulu kampung itu. 3 tempat bertemu ttg sungai dll: Kuala Lipis letaknya di ~ Sungai Jelai dgn Sungai Lipis.Kamus Pelajar Edisi Kedua,-,-,temu,"bertemu, menemui, menemukan, mempertemukan, pertemuan, penemuan, penemu",7
bersama,[ber.sa.ma]  Definisi :1.  bersama-sama berserta bergandingan dgn serentak dgn: esok harinya Poniem datang ~ anak angkatnya kami mudik bersama-sama ~ surat ini anakanda kembarkan wang lima puluh ringgit 2. semuanya sekali seluruhnya: tempat perun-dingan itu harus dipersetujui ~ oleh kedua-dua belah pihak kedua-dua laki isteri itu pun duduk makan ~ dgn penuh selera 3. utk sesamanya utk sekaliannya: harta ~ kemakmuran ~ 4. bh melakukan hubungan jenis bersetubuh: isteri diwajibkan melayani suami apabila dia mahu ~Kamus Dewan Edisi Keempat[ber.sa.ma]  Definisi :1 melakukan sesuatu pd waktu yg sama berserta: Mereka ~ meneruskan usaha itu. 2 tidak ada kecualinya seluruhnya utk semua: Harta ini milik kita ~. 3 seiring berserta: ~ dgn borang ini saya kepilkan sekeping gambar.Kamus Pelajar Edisi Kedua,-,-,-,-,0
kuala,[kua.la]  Definisi :tempat sungai mengalir masuk ke laut atau tasik muara: pelabuhan itu terletak di ~ sungai bandar ~ bandar yg terletak di kuala atau di muara sungai berkuala bermuara: sungai itu ~ di Selat Melaka.Kamus Dewan Edisi Keempat[kua.la]  Definisi :penduduk asli Semenanjung Malaysia drpd suku kaum Melayu-Proto yg tinggal di kuala sungai di persisiran pantai selatan negeri Johor.Kamus Dewan Edisi Keempat[kua.la]  Definisi :tempat sungai bertemu dgn sungai lain atau dgn laut muara. berkuala ada kualanya bermuara: Sungai Perak ~ di Selat Melaka.Kamus Pelajar Edisi Kedua,kata nama,High,kuala,"berkuala, ke kuala",2
lumpur,[lum.pur]  Definisi :tanah berair yg lembut selut ~ katam lumpur yg terdapat di pantai beroleh ~ di tempat yg kering prb beroleh kesusahan dgn tidak disangka-sangka takut akan ~ lari ke duri prb mengelakkan kesusahan yg kecil dapat kesusahan yg besar berlumpur 1. mempunyai lumpur penuh dgn lumpur: di tebing yg ~ ini tumbuh hutan bakau 2. berlumur lumpur kena lumpur: kasutnya ~ melumpuri menyebabkan berlumpur pd: kanak-kanak itu bermain sambil ~ dinding rumah itu perlumpuran tempat yg penuh dgn lumpur.Kamus Dewan Edisi Keempat[lum.pur]  Definisi :tanah lembut dan berair selut. berlumpur penuh dgn lumpur berlumur dgn lumpur: Kasutnya ~ kerana ia berjalan di tempat yg becak.Kamus Pelajar Edisi Kedua,kata nama,High,lumpur,-,0
menteri,[menteri]  Definisi :1. ahli politik drpd parti pemerintah yg mengetuai sesuatu jabatan kerajaan ahli kabinet M~ Besar ketua kerajaan bagi sesebuah negeri yg beraja di Malaysia Ketua M~ ketua kerajaan bagi sesebuah negeri yg tidak beraja di Malaysia Perdana M~ ketua jemaah menteri ketua kabinet 2. sl pegawai tinggi spt penasihat raja dll: maka ialah raja yg mula-mula memperbuat bendahara yg memerintah segala ~ yg di bawah takhta kerajaannya 3.  mantri Id pangkat atau jawatan tertentu ~ cacar tukang cungkil ~ ukur juruukur 4. nama buah catur yg besar nilainya ~ dalam negeri menteri yg mengurus hal-hal dlm negeri ~ luar negeri menteri yg mengurus perhubungan dgn negeri-negeri asing ~ muda timbalan menteri ~ negara Id menteri yg tidak memegang kementerian tetapi diberi tugas yg penting kementerian 1. jabatan kerajaan yg diketuai oleh menteri: K~ Pendidikan 2. bangunan bagi jabatan kerajaan pejabat menteri 3. jawatan menteri.Kamus Dewan Edisi Keempat[menteri]  Definisi :1 ahli pemerintahan yg tertinggi ahli kabinet: ~ Besar ketua kerajaan sesebuah negeri yg beraja di Malaysia Ketua ~ ketua kerajaan sesebuah negeri yg tidak beraja di Malaysia Perdana ~ ketua jemaah menteri ketua kabinet. 2 nama buah catur yg paling berkuasa. kementerian 1 urusan atau jabatan yg dipegang oleh menteri: ~ Kesihatan. 2 pejabat menteri. 3 jawatan menteri.Kamus Pelajar Edisi Kedua,kata nama,High,menteri,kementerian,1
seri,[se.ri]  Definisi :séri  siri.Kamus Dewan Edisi Keempat[se.ri]  Definisi :1. cahaya semarak: nila gunanya utk menghilangkan warna perang pd kain putih dan menambah ~ pd warna biru 2. ke-muliaan keindahan kemegahan: Rafeah itu ~ segala perempuan di situ ~ balai sl balai penghadapan tempat raja dihadapi rakyat ~ gadus sj kuih pipih dan bulat yg diperbuat drpd tepung gandum ~ gunung kelihatan cantik elok bagus ~ kaya sj makanan drpd telur gula santan dan tepung yg biasanya dimakan dgn roti ~ muka a air cahaya muka b  berseri muka kelihatan bercahaya mukanya kerana kegirang-an dll c sj penganan drpd pulut berlapis dgn seri kaya ~ panggung orang bintang bangsa-wan sandiwara dll berseri 1. bercahaya bersemarak 2. kelihatan cantik berupa mulia megah dll: maka negeri Melaka pun tiada ~ lagi 3.  berseri-seri kelihatan bercahaya mukanya dll kerana kegirangan keriangan dll: dgn wajah yg ~-seri dibukalah surat itu dan dibacanya menyerikan menjadikan berseri menyinarkan menyemarakkan majlis dll: majlis itu diserikan dgn pencak silat pohon rendang yg sedang diserikan oleh bunga yg memerah cerah keserian keadaan yg berseri: ~ pakaian baginda terserlah dgn selendang kuning yg dipakainya penyeri seseorang atau sesuatu yg menyeri-kan: anak-anak itulah yg menjadi ~ rumah tangga mereka.Kamus Dewan Edisi Keempat[se.ri]  Definisi :panggilan utk memuliakan raja orang besar dll: S~ Paduka Baginda Yang di-Pertuan Agong S~ Nara Diraja perserian sl orang besar-besar raja dll yg mendapat gelaran penghormatan Seri Seri Maharaja Seri Nara Diraja dll: maka disuruh jemput orang itu jika ~ orang besar-besar menjemput dia.Kamus Dewan Edisi Keempat[se.ri]  Definisi :séri Id pohon bunga ~ sj tumbuhan pokok dan bunga.Kamus Dewan Edisi Keempat[se.ri]  Definisi : menyeri menghisap madu drpd bunga: laksana kumbang ~ bunga kumbang terbang bunga pun layu sari I.Kamus Dewan Edisi Keempat[se.ri]  Definisi :1 sesuatu yg menyebabkan sesuatu yg lain kelihatan bertambah indah atau cantik cahaya semarak: Nila digunakan utk menambah ~ pd kain putih. 2 sesuatu yg dianggap sbg lambang kemegahan atau kemuliaan: Rafeah itu ~ segala perempuan di situ. ~ gadus kuih yg bulat pipih. ~ gunung keadaan sesuatu yg kelihatan cantik dr jauh. ~ muka a. cahaya muka. b. kuih yg dibuat drpd pulut dan diberi berlapis dgn serikaya dsb. ~ pagi nama sj pokok atau bunganya pokoknya menjalar dan bunganya berbentuk spt trompet Ipomoea spp.. ~ panggung pemain sandiwara atau pelakon bangsawan yg terkenal. berseri 1 kelihatan elok atau indah bercahaya bersemarak. 2  berseri-seri kelihatan cemerlang mukanya kerana kegirangan dll. 3 meriah dan ceria bkn majlis persembahan dsb: Jika dia datang majlis itu akan lebih ~. menyerikan 1 menjadikan berseri bkn wajah suasana dsb: Ia ~ lagi suasana di ruang makan itu dgn hiasan yg indah. 2 menjadikan majlis kehidupan dll meriah dan ceria: Ramai artis akan ~ konsert Ambang Merdeka. Ketibaan orang baru akan ~ lagi kehidupan mereka. penyeri orang atau sesuatu yg menyerikan: Anak gadisnya itulah yg menjadi ~ hidupnya.Kamus Pelajar Edisi Kedua[se.ri]  Definisi : menyeri menghisap madu dr bunga-bungaan bkn kumbang dll.Kamus Pelajar Edisi Kedua[se.ri]  Definisi :yg mulia sbg panggilan atau sbg sebutan utk menghormati raja orang-orang besar dll: ~ Paduka Baginda ~ Nara Diraja.Kamus Pelajar Edisi Kedua,kata nama,High,seri,"berseri, menyerikan",2
terkini,[ter.ki.ni]  Definisi :yg paling kini terbaru: penyelidikan yg ~ dlm ilmu bahasa.Kamus Dewan Edisi Keempat,adverba,Low,kini,terkini,1
pengamal,[peng.Öa.mal][pe.nga.mal]  Definisi :orang yg bergiat dlm sesuatu profesion sbg pekerjaan sehari-harinya: ~ perubatan ~ undang-undang.Kamus Dewan Edisi Keempat[peng.Öa.mal][pe.nga.mal]  Definisi :orang yg mengamalkan sesuatu ilmu fahaman dsb orang yg bergiat dlm sesuatu bidang pekerjaan profesion: ~ undang-undang ~ perubatan tradisional.Kamus Pelajar Edisi Kedua,-,-,-,-,0
media,[mé.dia]  Definisi :média alat atau perantara komunikasi perhubungan spt radio televisyen dan akhbar ~ am pelbagai jenis saluran atau perantara komunikasi alat atau saluran komunikasi amnya atau keseluruhannya ~ cetak alat atau saluran komunikasi yg berupa bahan cetakan atau terbitan spt surat khabar majalah dll ~ elektronik alat atau saluran komunikasi yg berupa atau yg menggunakan alat-alat elektron moden spt radio televisyen dll ~ massa pelbagai jenis alat komunikasi spt televisyen radio surat khabar majalah dsb yg dapat menyampaikan maklumat berita dsb kpd orang ramai dgn cepat dlm masa yg singkat sebaran am.Kamus Dewan Edisi Keempat[mé.dia]  Definisi :média alat atau perantara dlm komunikasi atau dlm perhubungan.Kamus Pelajar Edisi Kedua,-,-,-,-,0
tempatan,[tem.pa.tan]  Definisi :yg berkaitan dgn tempat tertentu di tempat itu sendiri: kasut hitam buatan ~ yg dipakainya itu berkilatKamus Dewan Edisi Keempat,-,-,-,-,0
dan,-,-,-,-,-,0
bagi,[ba.gi]  Definisi :apa-apa yg telah ditentukan untuk: Ayah telah memberikan wang kpd saya ~ membeli buku.Kamus Pelajar Edisi Kedua[ba.gi]  Definisi : membagi menyebabkan seseorang menerima sesuatu memberi. membagikan menyerahkan sesuatu kpd memberikan: Siapa yg ~ wang itu kpd kamuKamus Pelajar Edisi Kedua,-,-,-,-,0
menyampaikan,[me.nyam.pai.kan]  Definisi :menyampirkan menyidaikan: empat puluh cindai kara semuanya disampai-kan kpd galahKamus Dewan Edisi Keempat[me.nyam.pai.kan]  Definisi :1. membawa dan menyerah-kan mengirimkan surat khabar dll mem-berikan kpd mengunjukkan kpd: ia datang ~ pesan orang itu isteri Menteri Besar telah ~ hadiah tersebut kpd pemenang 2. mem-beritahukan melaporkan: mereka juga wajib ~ kemusykilan rakyat kpd kerajaan 3. melanjutkan berita ajaran dll memanjangkan kpd umum: orang Arablah yg telah menjadi alat ~ fikiran-fikiran Aristotle kpd orang di Eropah 4. memenuhi permintaan kewajiban niat dll memperkenankan mengabulkan: jikalau patik mati pun apalah boleh buat sebab ~ kehendak tuan patik 5. mencukupkan menjadikan cukupKamus Dewan Edisi Keempat[me.nyam.pai.kan]  Definisi :1 membawa dan menyerahkan apa-apa yg dikirim menghantar: Saya telah ~ surat itu kpd ayah saudaranya. 2 meluluskan apa-apa yg dipinta dll memperkenankan mengabulkan: Moga-moga Allah akan ~ cita-citamu itu. 3 mengunjukkan sesuatu memberikan: Isteri Pegawai Daerah telah ~ hadiah kpd para pemenang.Kamus Pelajar Edisi Kedua,-,-,-,-,0
tuju,[tu.ju]  Definisi :1. arah hala jurusan: ke mana ~nya 2.  tujuan maksud kehendak sasaran setuju 1.  setujuan sama arahnya maksudnya tujuannya dll: dasar perjuangan kita adalah ~ 2.  bersetuju tidak bertentangan pendapat fikiran dll semuafakat sependapat: aku ~ dgn kata-katanya 3.  bersetuju serasi cocok sesuai: jikalau barang suatu perkataan itu dipakai berpatutan dgn tempatnya nescaya sedaplah bunyinya dan ~lah dgn ertinya 4. ark  bersetuju tertarik hati kpd berasa senang akan berkenan: jika tuan ~ ambillah 5.  bersetuju bersetujuan berbetulan dgn bertepatan dgn menyetujui mempersetujui menyatakan bersetuju dgn tidak menentang atau mem-bangkang pendapat dll membenarkan mengiakan: rasa berat hati anakanda hendak ~nya permintaan itu dipersetujuinya menyetujukan mempersetujukan menjadikan setuju mencocokkan mengakurkan menyesuaikan persetujuan 1. pernyataan setuju memperkenankan membenarkan pembenaran pengesahan: pernikahan anaknya tempoh hari tidak mendapat ~nya 2. sesuatu yg telah dipersetujui oleh kedua-dua belah pihak kata sepakat yg dicapai perjanjian: akhirnya mereka mendapat ~ membuka kedai buku dgn modal lima puluh ringgit seorang 3. perihal setuju kecocokan keselarasan kesesuaian menuju 1.  ~ ke  ~ arah ke pergi ke arah ke: maka kedua-dua hulubalang itu berjalanlah ~ gunung itu 2. mengikut arah hala mengabah mengarah menghala: pembuluh ini masuk ~ ke hati 3. membalingkan melontarkan kpd: melempar ~ tampuk 4. menghendaki memaksudkan: engkau yg ditujunya tetapi yg lain yg didapatinya 5. bermaksud utk mencapai bertujuan utk menuntut sesuatu: segala perintah dan hukumnya itu ~ kpd suatu perkara yg besar iaitu kesenangan hati bagi segala rakyatnya juga menujui menuju: tidak lama kemudian sampailah mereka ke negeri yg ditujui menujukan 1. membawa sesuatu arah ke mengarahkan ke mengacukan ke: kapal itu hendak ~ haluannya ke laut 2. mengalamatkan kpd mengarahkan kpd menyampaikan kpd: Radio Malaysia sedang merancang siaran dlm bahasa Perancis yg ditujukan kpd pendengar di Vietnam tertuju 1. kena tuju dituju 2.  ~ kpd diarahkan dialamatkan dimaksudkan dituju-kan kpd: kedua-dua matanya tetap ~ ke muka Muhammad Sani 3. ki tertumpu pd: fikirannya ~ kpd gadis genit itu tujuan 1. arah hala haluan 2. yg dituju maksud matlamat tuntutan: tiap-tiap manusia berusaha utk mencapai ~ ini ~ penderita  pelengkap ~ Id objek dlm ayat penyambut dlm ayat bertujuan 1. mempunyai tujuan ada yg dituju dimaksudkan berhaluan: nampaknya tuan hamba juga ~ hendak ke tempat mereka 2. Id memakai penyambut atau objek ayat dll ketuju ~ di hati a tertarik hati terpikat hati suka b yg disukai yg digemari diketujui ark disukai digemari penuju ~ di hati ketuju di hati.Kamus Dewan Edisi Keempat[tu.ju]  Definisi :jampi mantera dll yg dibaca utk membuat orang jatuh sakit atau mati: ayahanda lepaskanlah ~ ini menuju menggunakan melepaskan tuju pd: ~ orang sampai mati.Kamus Dewan Edisi Keempat[tu.ju]  Definisi :1 arah hala. 2 maksud. menuju 1  ~ ke pergi ke mengarah ke: Kereta itu berjalan dgn lajunya ~ Kuala Lumpur. 3 mengikut arah mengarah menghala. 4 membalingkan atau melemparkan sesuatu ke arah tertentu: Dlm permainan itu bola kecil digunakan utk ~ botol-botol. 5 bermaksud utk: Usaha-usaha itu ~ kpd kemajuan masyarakat Malaysia. menujukan 1 membawa sesuatu ke arah tertentu mengarahkan ke: Ia ~ kapal itu ke Pelabuhan Kelang. 2 mengalamatkan kpd menyampaikan kpd: Bakar ~ surat itu kpd ibunya di kampung. tertuju teracung tertumpu. tujuan 1 arah yg diikut haluan. 2 maksud matlamat: Ia datang ke mari dgn ~ tertentu. bertujuan mempunyai tujuan bermaksud: Kami ~ menjemput saudara pulang ke kampung. setuju 1 serupa maksudnya atau sama arahnya. 2 sesuai cocok: Kain biru itu ~ dgn baju putih ini. bersetuju 1 mempunyai pendapat atau fikiran yg serupa bersependapat: Saya ~ dgn pendapat kakak saya. 2 berasa berkenan atau berasa tertarik kpd: Kalau tuan ~ belilah. menyetujui menyatakan setuju: Ayahnya ~ rancangannya hendak pergi ke luar negara. menyetujukan menjadikan setuju menyesuaikan mencocokkan. persetujuan 1 pernyataan bersetuju pengesahan: Ia sudah mendapat ~ ketuanya utk bercuti panjang. 2 kata sepakat yg telah dicapai antara pihak yg terlibat perjanjian: Kedua-dua belah pihak telah mencapai ~ dlm mesyuarat itu.Kamus Pelajar Edisi Kedua[tu.ju]  Definisi :mantera jampi sihir dll utk membuat orang supaya sakit atau mati: Orang itu mati kerana kena ~. menuju mengenakan atau menggunakan tuju pd.Kamus Pelajar Edisi Kedua,-,-,tuju,"bersetuju, mempersetujui, menyetujukan, mempersetujukan, persetujuan, menuju, menujui, menujukan, tujuan, bertujuan",10
luar,[luar]  Definisi :lwn bahagian dalam: terdengar bunyi ketukan dr ~ kulit ~ orang ~ ~ bandar daerah yg jauh dr bandar kampung desa ~ batas melampaui melebihi batas ~ bicara tidak masuk dlm pembicaraan perbincangan perhitungan ~ dalam a bahagian luar dan bahagian dalam b lahir batin ~ dugaan tidak disangka-sangka ~ janji tidak masuk dlm janji ~ kepala Id dgn ingatan tidak usah ditulis atau melihat tulisan hafaz ~ kira luar bicara ~ negeri  negeri ~ negeri asing ~ nikah perhubungan jenis yg tidak halal orang ~ pagar orang yg tidak kenamengena tidak bersangkut paut ~ pantai luar pesisir ~ pesisir a terletak di laut tidak berapa jauh dr pantai bkn kedudukan sesuatu mis pulau pelantar minyak dll b Eko beroperasi atau berdaftar di luar negara kerana cukainya lebih rendah peraturannya lebih longgar dll bkn bank pelaburan syarikat dll ~ sangkaan tidak disangka-sangka ~ talian Komp sifat peranti sokongan atau sistem yg tidak lagi tersambung atau tidak lagi dikawal terus oleh sistem utama di luar 1. di bahagian luar di sebelah luar: keadaan ~ bertambah sunyi dan gelap 2. tidak masuk perkara perhitungan tanggungan dll kecuali tidak diliputi terliput oleh lain drpd: budak-budak nakal itu melepaskan kata-kata yg ~ pengalaman mereka kejadian itu ~ pengetahuannya ~ dugaan tidak terduga sama sekali tidak tersangka-sangka ~ kepala Id luar kepala ~ pembicaraan tidak masuk dlm pembicaraan ke luar ke sebelah luar meluar menyembul keluar menonjol keluar meluarkan 1. tidak memasukkan ke dlm golongan perhitungan dll mengasingkan mengecualikan menyingkirkan 2. menyuruh keluar luaran 1.  orang ~ orang asing orang lain 2. sl orang yg tidak masuk dlm golongan istana orang keluaran 3.  negeri ~ negeri asing 4. yg tampak sahaja lahiriah: pd ~nya sahaja kita dipaparkan dgn kenakalan Umar Umaiyah peluaran dunia ~ dunia luar keluar.Kamus Dewan Edisi Keempat[luar]  Definisi :bahagian ruang tempat dll yg bukan di dalam: kulit ~ orang ~. ~ bandar daerah yg jauh dr bandar. ~ biasa tidak spt yg biasa ganjil. ~ dugaan tidak disangka-sangka. ~ negeri  negeri ~ negeri asing. ~ nikah tidak dlm ikatan suami isteri yg sah ttg perhubungan antara lelaki dgn perempuan. ~ talian ist keadaan kelengkapan atau peranti komputer di luar kawalan sistem utama komputer. luaran sesuatu yg di luar: masalah ~. di luar 1 di sebelah bahagian luar: Sementara ia memasak di dapur anaknya bermain-main ~. 2 tidak termasuk dlm sesuatu perhitungan dll kecuali: Penipuan itu berlaku ~ pengetahuan saya. ke luar pergi ke bahagian luar ke sebelah luar.Kamus Pelajar Edisi Kedua,kata nama,High,luar,"di luar, ke luar, luaran",3
negara,[ne.ga.ra]  Definisi :1 kumpulan masyarakat yg mendiami sesuatu kawasan mempunyai kedaulatan politik dan juga jentera pemerintahan: Kepentingan ~ lebih diutamakan drpd kepentingan perseorangan. 2 sesuatu kawasan yg didiami oleh masyarakat tsb: ~ Malaysia. ~ dunia ketiga negara-negara di Afrika Asia dan Amerika Latin secara berkumpulan yg dianggap masih mundur atau sedang membangun. ~ jiran  ~ tetangga negara yg berdekatan. ~ maju negara kaya yg sebahagian besar ekonominya bergantung pd industri dan penduduknya menikmati taraf hidup yg tinggi. ~ matahari terbit negara Jepun. ~ membangun negara yg sedang giat berusaha meningkatkan taraf hidup ekonomi dsb spt Malaysia. ~ perindustrian negara yg kekuatan dan kemajuan ekonominya berteraskan pelbagai industri. kenegaraan segala yg berkaitan dgn negara. negarawan orang yg mahir benar dgn cara-cara pemerintahan negara orang yg memegang tampuk pemerintahan sesebuah negara ahli negara.Kamus Pelajar Edisi Kedua,kata nama,High,negara,-,0
hala,[ha.la]  Definisi :arah tuju: sungainya kecil mengalir ~ ke pantai mereka mempunyai ~ perjalanan yg berlainan tidak tentu ~ tidak berketentuan tidak tentu arah haru-biru berhala berarah menghala menuju mengarah: terbang ~ ke utara menghalakan mengarahkan menujukan: pendekatan ini ~ perhatian pengkaji kpd usaha mencari maklumat tertentu maka dihalakannya panahnya itu ke benua Siam.Kamus Dewan Edisi Keempat[ha.la]  Definisi : ~-kebala Kl bp biarkanlah lupakan lah maafkanlah: ~lah jangan diingat-ingatkan lagi perkara itu.Kamus Dewan Edisi Keempat[ha.la]  Definisi :arah yg dituju aliran sungai tiupan angin dll: Angin bertiup ~nya ke pantai. menghala mengikut hala mengarah menuju: Kapal itu berlayar ~ ke utara. menghalakan menetapkan hala menujukan mengarahkan: Dia ~ tembakan itu kpd musuh.Kamus Pelajar Edisi Kedua,kata nama,High,hala,"berhala, menghala, menghalakan",3
negara,[ne.ga.ra]  Definisi :1 kumpulan masyarakat yg mendiami sesuatu kawasan mempunyai kedaulatan politik dan juga jentera pemerintahan: Kepentingan ~ lebih diutamakan drpd kepentingan perseorangan. 2 sesuatu kawasan yg didiami oleh masyarakat tsb: ~ Malaysia. ~ dunia ketiga negara-negara di Afrika Asia dan Amerika Latin secara berkumpulan yg dianggap masih mundur atau sedang membangun. ~ jiran  ~ tetangga negara yg berdekatan. ~ maju negara kaya yg sebahagian besar ekonominya bergantung pd industri dan penduduknya menikmati taraf hidup yg tinggi. ~ matahari terbit negara Jepun. ~ membangun negara yg sedang giat berusaha meningkatkan taraf hidup ekonomi dsb spt Malaysia. ~ perindustrian negara yg kekuatan dan kemajuan ekonominya berteraskan pelbagai industri. kenegaraan segala yg berkaitan dgn negara. negarawan orang yg mahir benar dgn cara-cara pemerintahan negara orang yg memegang tampuk pemerintahan sesebuah negara ahli negara.Kamus Pelajar Edisi Kedua,kata nama,High,negara,-,0
perkembangan,[per.kem.ba.ngan]  Definisi :perihal proses dsb berkembang menjadi maju atau tersebar membiak meluas dsb pertumbuhan kemajuan: ~ bahasa dan kesusasteraan Melayu dgn ~ perindustrian banyaklah lagi hasil perusahaan yg dapat dikeluarkan ~ politik ~ ilmu pengetahuanKamus Dewan Edisi Keempat[per.kem.ba.ngan]  Definisi :keadaan atau hal berkembang: ~ bahasa Melayu ~ agama Islam.Kamus Pelajar Edisi Kedua,kata kerja,Moderate,kembang,"berkembang, mengembangkan, memperkembangkan, perkembangan, pengembangan",5
menerusi,[me.ne.ru.si]  Definisi :1. masuk sampai ke melantas pd menembus pd: jahitan yg awal dan yg akhir sahaja yg ~ kain yg lain itu lalu di bawah urat benang sahaja 2. dgn perantaraan melalui: masukkan sehelai benang halus ~ lubang-lubang pd kertas tebal itu dia mengirim buku-buku itu ~ sayaKamus Dewan Edisi Keempat[me.ne.ru.si]  Definisi :dgn perantaraan melalui: Pencuri masuk ke dlm rumah itu ~ tingkap. Dia mengirim wang itu ~ kawannya.Kamus Pelajar Edisi Kedua,adjektif,Moderate,terus,"seterusnya, berterus terang, berterusan, terus-menerus, menerusi, meneruskan, terusan, penerusan",8
yang,[yang]  Definisi :1. Lin kata penghubung utk menyatakan bahawa kata keterangan berikutnya dipentingkan atau menunjukkan kelainan: rumah ~ besar itu orang ~ sakit itu 2. Lin kata penghubung utk menyatakan bahawa katakata ayat berikutnya ialah penjelasan utk kata-kata sebelumnya: banyak orang ~ ingin bersalam dengannya 3. kata yg digunakan sbg kata penyerta kata yg menentukan kata benda kata sandang: ~ penting bagi kita ialah mengenai dasar ~ kaya sama kaya 4. sl adapun akan: ~ hutang tuan hamba sekati emas itu halallah dunia akhirat 5. bp kata peng-hubung utk menyatakan isi atau huraiankata ayat sebelumnya bahawa: mengertilah cikgu itu ~ pandangan itu bermaksud meminta nasihat Y~ Amat Arif rujukan kehormat utk Ketua Hakim Negara dlm situasi formal spt di mahkamah dsb Y~ Amat Berbahagia rujukan kehormat yg digunakan utk mereka yg bergelar Tun dan Toh Puan Y~ Amat Berhormat rujukan kehormat yg digunakan utk Perdana Menteri Timbalan Perdana Menteri dan Menteri Besar Y~ Amat Mulia rujukan kehormat yg digunakan utk Undang luak di Negeri Sembilan Y~ Arif rujukan kehormat yg digunakan utk Hakim pd situasi yg formal spt di mahkamah dsb Y~ Berbahagia rujukan kehormat yg digunakan utk mereka yg bergelar Tan Sri Puan Sri Datuk Seri Datin Seri Datuk Paduka Datin Paduka Dato Datuk dan Datin yg bukan wakil rakyat Y~ Berhormat rujukan kehormat yg digunakan utk Menteri Timbalan Menteri Yang Dipertua Dewan Negara Yang Dipertua Dewan Rakyat Yang Dipertua Dewan Negeri Ahli Dewan Rakyat Ahli Dewan Negara dan Ahli Dewan Undangan Negeri Y~ Berhormat Mulia rujukan kehormat yg digunakan utk Menteri Timbalan Menteri Yang Dipertua Dewan Negara Yang Dipertua Dewan Rakyat Yang Dipertua Dewan Negeri Ahli Dewan Rakyat Ahli Dewan Negara dan Ahli Dewan Undangan Negeri yg berketurunan raja Y~ Dipertua orang yg dilantik menjadi ketua sesuatu persatuan perkumpulan dll Y~ Dipertua Negeri gelaran utk ketua negeri bagi Melaka Pulau Pinang Sabah dan Sarawak Y~ Dipertuan gelaran utk raja yg memerintah sultan tuanku Y~ di-Pertuan Agong gelaran utk Ketua Negara Malaysia Y~ Maha Kuasa Tuhan Allah Y~ Maha Mulia rujukan kehormat utk sultan atau raja yg memerintah Y~ Mulia rujukan kehormat utk mereka yg bergelar Tengku Raja Syed Engku Ungku dan Datu Y~ Teramat Mulia rujukan kehormat utk keluarga diraja yg terdekat.Kamus Dewan Edisi Keempat[yang]  Definisi : yang-yang dewa beryang-yang membaca mantera memanggil dewa-dewa memuja dewa-dewa: maka tuan puteri pun mengambil gaharu cendana janggi dibakarnya sambil ~ Tuanku Malim Deman pun berangkatlah bersiram di dlm taman itu ~ mengamalkan sekalian ilmu hikmat kayangan tempat kediaman segala dewa keinderaan.Kamus Dewan Edisi Keempat[yang]  Definisi :1 kata utk mengasingkan sesuatu supaya jelas kelainannya: Telur ~ kecil di atas meja itu telur burung. 2 kata utk menentukan sesuatu sbg benda: ~ tinggi itu bangunan Parlimen. 3 kata yg menghubungkan benda dgn penerangnya: Rumah ~ baru dibelinya itu rumah batu. ~ Dipertua orang yg dilantik menjadi ketua sesuatu perkumpulan persatuan dll. ~ Dipertuan gelaran utk raja yg memerintah. ~ Maha Kuasa Tuhan Allah.Kamus Pelajar Edisi Kedua[yang]  Definisi :  yang-yang dewa. beryang-yang memuja dewa-dewa.Kamus Pelajar Edisi Kedua,-,-,-,-,0
dasar,[da.sar]  Definisi :1. bahagian yg di bawah sekali laut sungai tasik dsb: mutiara didapati di ~ laut 2. bahagian yg di bawah sekali sama ada di sebelah dalam atau di sebelah luar sesuatu bekas spt kuali botol dll: serbuk kopi itu mendap ke ~ gelas ~ kuali yg hitam spt arang 3. lantai: rumah itu atapnya zink dindingnya papan dan ~nya simen 4. lapisan yg di bawah sekali pd gambar kain dll latar: ~ kain batik pd umumnya berwarna perang corak yg terdiri drpd kuntum-kuntum bunga pd ~ yg berwarna gelap 5. sifat perangai yg sudah sebati dgn seseorang: dia pantang ditegur memang begitu ~nya 6. pertimbangan cara sistem dll yg pokok bkn sesuatu asas prinsip teras: Vietnam Selatan mengirim beberapa orang pegawai tentera ke Malaysia utk mempelajari ~-~ perang gerila apakah ~nya pendapat tuan itu 7. pendirian yg menjadi asas segala tindakan sikap keputusan dll polisi: ~ kerajaan ~ sesebuah parti politik ~ ekonomi negara 8. yg menjadi bahagian faktor terpenting asas pokok: setelah dicapai persetujuan tentang soal-soal ~ baru dibincangkan butir-butirnya 9. Id memang sebenarnya: sudah ~ pencuri 10. kertas dsb yg dipotong mengikut bentuk baju dan dijadikan asas utk menggunting pakaianberdasar 1. ada memakai mempunyai dasar: kain songket itu ~ biru 2. berasas bersandar: ~ keterangan-keterangan yg diterima memang orang itu bersalah 3. ark  berdasarkan berdasarkan berasaskan bersandarkan berlandaskan: tulisan saya itu ~ berita yg tersiar di sebuah akhbar tuduhan yg ~ bukti-bukti yg nyatamendasar bersifat dasar atau asas: keperluan-keperluan yg paling ~ bagi zamannya mendasari menjadi dasar atau asas kpd: konflik antara Hang Tuah dgn Hang Jebat yg ~ drama ini adalah cukup dramatik kita akan dapat melihat ideologi yg ~ penulisannya mendasarkan menggunakan memakai sbg dasar: perkahwinan harus didasarkan pd cinta dan kasih sayangpendasaran proses menjadikan sesuatu dasar: situasi masyarakat yg saintifik dibantu oleh ~ sifat-sifat sandiwara.Kamus Dewan Edisi Keempat[da.sar]  Definisi :1 bahagian yg di bawah sekali bkn laut sungai botol kuali dll: Air sungai itu sangat jernih hingga nampak ~nya. 2 asas panduan pendapat falsafah aturan dll: ~ kerajaan ialah meninggikan taraf ekonomi rakyat Malaysia. ~ Ekonomi Baru dasar yg membuka jalan ke arah penyelesaian masalah ekonomi yg tidak seimbang. 3 lantai: ~ rumah itu dibuat drpd simen. 4 lapisan yg di bawah sekali pd gambar dll: latar: ~ gambar itu berwarna biru muda. 5 bp memang begitu perangainya sifatnya dsb: ~ hidung belang di mana pun dia suka mengganggu perempuan. berdasar 1 mempunyai dasar: Selendang itu ~ warna merah jambu. 2 bersandar berasas: Aduan-aduan itu ~ pd bukti yg nyata. berdasarkan berdasar pd berasaskan: Laporan itu ~ kejadian-kejadian yg betul-betul berlaku. mendasarkan memakai sbg dasar: Kekuatan sesebuah negeri itu biasanya didasarkan pd kekuatan tenteranya.Kamus Pelajar Edisi Kedua,-,-,-,-,0
pelbagai,[pel.ba.gai]  Definisi :bagai.Kamus Dewan Edisi Keempat[pel.ba.gai]  Definisi :berbagai-bagai beberapa jenis: tarian Timur lebih ditekankan kpd perasaan sedangkan tarian Barat berpusat pd mutu dinamik ~ tarian ituKamus Dewan Edisi Keempat[pel.ba.gai]  Definisi :berbagai-bagai.Kamus Pelajar Edisi Kedua[pel.ba.gai]  Definisi :banyak jenisnya atau banyak macamnya berbagai-bagai berjenis-jenis bermacam-macam: Taman itu penuh dgn ~ jenis bunga. mempelbagaikan menjadikan banyak jenisnya atau macamnya menjadikan berbagai-bagai. kepelbagaian perihal keadaan pelbagai atau berbagai-bagai.Kamus Pelajar Edisi Kedua,-,-,-,-,0
dan,-,-,-,-,-,0
depan,[de.pan]  Definisi :hadapan muka: dr rumah ketua kampung ternampak api pelita minyak tanah di ruang ~ minggu bulan dll ~ minggu bulan dll yg akan datang di depan di hadapan di muka: ~ markas besar itu terletak sebuah jip yg sudah tua ke depan 1. ke hadapan ke muka mara 2. selanjutnya seterusnya hingga pd terkedepan berada jauh di depan atau di hadapan dlm proses kemajuan dsb sudah maju: utk diterima umum seseorang itu tidak harus terkebelakang atau ~ drpd tamadun yg sedang didudukinya seseorang mesti belajar banyak teknik pengadilan termasuk kecekapan mata drpd pengadil-pengadil yg ~ depan-depan secara berhadapan langsung secara bertentang mata bersemuka: kalau tidak boleh bercakap secara ~ dgn pasangan telefonlah sahaja kalau ingin menegurnya tegurlah ~ secara baik berdepan bertemu bersua muka berhadapan: perasaanku senang sekali apabila ~ dgn anak-anak itu berdepan-depan berhadap-hadapan bersemuka mendepan menghadap menghala mengarah ke: ibunya tidak berbaju hanya berkemban gantung sahaja dan separuh dadanya terbuka ~ angin mendepani 1. berada di depan sesuatu: tinggallah Masniah keseorangan yg sedang ~ Mat Deli dgn degup jantungnya yg kencang 2. berusaha tidak mahu ketinggalan mendahului: Adi dirasakan begitu besar ~nya dlm setiap bidang mengedepankan mengutarakan mengemukakan: ~ permohonan kpd pihak yg berkenaan terdepan yg di depan sekali: askar-askar kita yg di medan perang ~ semuanya berjaga-jaga.Kamus Dewan Edisi Keempat[de.pan]  Definisi :hadapan muka: Selepas makan mereka berbual-bual di ruang ~. minggu bulan tahun ~ minggu bulan tahun yg akan datang. berdepan 1 bertemu muka bersua: Dia berasa takut apabila ~ dgn gurunya. 2 ki berlawan beradu bertarung: Ada perajurit Majapahit yg ingin ~ dgn pahlawan Melaka. berdepan-depan berhadap-hadapan bersemuka. mendepan menghadap menghala ke sesuatu arah: Dia ~ saya apabila dia menceritakan hal itu. mendepani berhadapan dgn: ~ masalah. terdepan di depan sekali: Askar-askar dlm barisan yg ~ selalu kena tembak. di depan di hadapan di muka: Dia berdiri ~ pintu melihat suaminya pergi. ke depan ke hadapan maju mara: Dia ~ menemui lawannya. mengedepankan 1 meletakkan menempatkan di hadapan: Dia ~ kerusi itu. 2 mengemukakan mengutamakan: Mereka ~ cadangan-cadangan yg baik itu.Kamus Pelajar Edisi Kedua,-,-,-,-,0
malaysia,Definisi :negara yg terletak di Asia Tenggara yg ibu negaranya Kuala Lumpur bahasa rasmi dan bahasa kebangsaannya bahasa Melayu dan agama rasminya agama Islam memalaysiakan menyesuaikan atau menjadikan sesuatu supaya bercirikan Malaysia: pakaian tradisi Cina yg telah dimalaysiakan bersesuaian dgn suasana tempatan kemalaysiaan berhubung dgn atau bersifat Malaysia sbg sebuah negara seluruhnya: banyak ciri dan cita-citanya lebih melambangkan ciri dan cita-cita ~ pemalaysiaan perbuatan proses menjadikan sesuatu bercirikan Malaysia: penyusunan semula masyarakat adalah satu proses ~ semua sektor kehidupan rakyat Malaysia.Kamus Dewan Edisi Keempat,-,-,-,-,0
berkaitan,[ber.kai.tan]  Definisi :bersangkutan berhubungan berkenaan: hal-hal yg ~ dgn kewangan perkara-perkara yg ~ dgn pelajaranKamus Dewan Edisi Keempat[ber.kai.tan]  Definisi :ada sangkut pautnya berhubungan bersangkutan: Dr buku ini kita dpt mempelajari perkara-perkara yg ~ dgn sejarah negeri kita sendiri.Kamus Pelajar Edisi Kedua,kata nama,High,kait,berkaitan,1
kerajaan,[ke.ra.ja.an]  Definisi :1. negeri atau negara yg dikepalai oleh raja: ~ Malaysia ~ Arab Saudi 2. pemerintahan negara: ~ Indonesia berparlimen 3. martabat kedudukan raja: setelah nenda hilang ayahanda Badanul menggantikan nenda di atas ~ 4. tanda-tanda alat kebesaran raja: pakaian ~ payung ~ takhta ~ 5. sifat sbg raja: jika tiada diketahuinya tujuh perkara tiada layak ia naik raja dan tiada sempurna ~nya 6. sl naik takhta menjadi raja: jika ia ~ tiada akan sempurna negeri iniKamus Dewan Edisi Keempat[ke.ra.ja.an]  Definisi :1 negeri atau negara yg mempunyai raja sbg kepala pemerintahannya: ~ Arab Saudi. 2 pemerintahan atau pemerintah sesebuah negara: ~ Thailand. 3 naik takhta menjadi raja: Jika ia ~ tiada akan sempurna negeri ini. ~ campuran pemerintahan yg anggota kabinetnya terdiri drpd berbagai-bagai parti bukan drpd satu parti politik. ~ pusat pemerintahan yg bersifat kebangsaan iaitu seluruhnya bukan kerajaan negeri atau bahagian. ~ tempatan 1 pemerintahan pentadbiran di peringkat daerah spt pekan bandar. 2 sistem kerajaan yg meletakkan pentadbiran hal ehwal kerajaan pd pihak berkuasa setempat mis majlis perbandaran dan majlis daerah.Kamus Pelajar Edisi Kedua,kata nama,High,raja,"meraja, merajai, merajakan, kerajaan, berkerajaan",5
isu,[i.su]  Definisi :perkara pokok persoalan: krisis Timur Tengah merupakan ~ penting yg dibincangkan dlm persidangan itu.Kamus Dewan Edisi Keempat[i.su]  Definisi :perkara pokok persoalan.Kamus Pelajar Edisi Kedua,kata nama,High,isu,-,0
semasa,[se.ma.sa]  Definisi :1. sama masa dgn pd ketika yg sama: beliau juga hidup hampir ~ dgn sejarah yg ditulisnya 2. sewaktu pd ketika: ~ Datuk Ujang bergerak ke muka pintu ia keluar perlahan-lahan 3. dr masa zaman yg diperkatakan dr masa yg sama: hal-hal yg menarik perhatian ~Kamus Dewan Edisi Keempat[se.ma.sa]  Definisi :1 pd ketika pd waktu: Dia datang tadi ~ saya tidak ada di rumah. 2 sedang berlaku atau bkn masa kini sekarang: hal ehwal ~.Kamus Pelajar Edisi Kedua,kata nama,High,masa,semasa,1
masa,[ma.sa]  Definisi :1. waktu ketika: ~ dan tempat per-undangan itu harus dipersetujui bersama oleh kedua-dua pihak bila-bila ~ 2. jangka waktu yg agak lama ketika sesuatu kejadian dll yg penting berlaku zaman ~ Jepun zaman pendudukan Jepun 3. jangka waktu yg tertentu ada permulaan serta batasnya ~ capaian Komp masa yg diperlukan utk mendapatkan data yg diproses ~ kerja waktu yg ditentukan utk sesuatu pekerjaan separuh ~ pertama kedua waktu permainan bola sepak dll dr permulaan hingga pertengahan dr pertengahan hingga akhir ~ depan hadapan datang zaman yg akan datang ~ karbon zaman lapisan karbon terbentuk dlm tanah ~ kecil ketika masih kecil zaman masih budak-budak ~ kering musim kering ~ lampau waktu yg telah lalu lepas ~ lapang lega waktu senggang ~ peralihan masa berlaku perubahan atau pergantian drpd suatu keadaan kpd keadaan lain ~ Permian Geo zaman selepas zaman karbon ~ rehat waktu utk berehat dr se~ ke se~ dr satu waktu ke waktu lain semasa 1. sama masa dgn pd ketika yg sama: beliau juga hidup hampir ~ dgn sejarah yg ditulisnya 2. sewaktu pd ketika: ~ Datuk Ujang bergerak ke muka pintu ia keluar perlahan-lahan 3. dr masa zaman yg diperkatakan dr masa yg sama: hal-hal yg menarik perhatian ~ semasa-masa sewaktu-waktu pemasaan perihal atau proses menentukan mengatur atau mengawal masa bagi sesuatu operasi dsb: ~ yg tidak betul juga boleh me-nyebabkan salah satu kebuk pembakaran dimasuki pelincir pemasa alat utk mengatur dan mengawal masa operasi sesuatu mesin peranti dsb.Kamus Dewan Edisi Keempat[ma.sa]  Definisi : masakan mana boleh tidak akanlah tidak mungkin: kalau tidak ~ sampai bertahun-tahun ia dapat melakukan per-dagangan gelap kalau cendawan sudi tum-buh ~ bumi tidak terima ~ bodoh a tidak mempedulikan apa-apa bterserah bersikap ~ bodoh tidak mempedulikan atau mengendahkan hal orang lain dll.Kamus Dewan Edisi Keempat[ma.sa]  Definisi :1 hari atau bahagian hari yg tidak ditentukan bila boleh jadi telah lalu sekarang ataupun akan datang ketika waktu: ~ dan tempat mesyuarat itu diadakan tidak disebut. 2 jangka waktu tertentu yg ada awal dan ada akhirnya: ~ kerja ~ sekolah. 3 waktu yg agak lama tempohnya dan ada sesuatu peristiwa penting berlaku zaman: Pd ~ Jepun dahulu saya masih kecil. ~ capaian ist masa yg diperlukan utk mendapatkan data yg diproses. ~ nyata a. masa sebenar berlakunya sesuatu perkara atau peristiwa. b. bkn sistem pemprosesan komputer dlm talian yg menerima dan memproses data secepat mungkin utk menghasilkan aktiviti atau proses berterusan. ~ rosak ist selang atau tempoh masa apabila sesuatu peranti tidak dpt beroperasi disebabkan berlaku kerosakan pd peranti tsb. pemasa alat utk mengukur dan mengawal masa operasi atau masa berjalannya sesuatu mesin peralatan dsb. semasa 1 pd ketika pd waktu: Dia datang tadi ~ saya tidak ada di rumah. 2 sedang berlaku atau bkn masa kini sekarang: hal ehwal ~.Kamus Pelajar Edisi Kedua[ma.sa]  Definisi : masakan mana boleh tidak mungkin mustahil: Dia orang bijak ~ dia tidak mengerti.Kamus Pelajar Edisi Kedua,kata nama,High,masa,semasa,1
serta,[ser.ta]  Definisi :1. turut bersama ikut mengikut: Australia telah menyatakan hasratnya utk ~ dlm persidangan itu jikalau datang kpd had nyawa sekalipun yg pekerjaan tuan hamba ~lah hamba apabila Tuan Raffles datang memukul tanah Jawa maka ia hendaklah ~ bersama-sama dr darat 2.  berserta bersama-sama dgn: maka dipilihnya empat puluh anak peria yg baik-baik dibawanya ~ 3. dan juga juga: Encik Ramli dan Encik Ghani ~ ketua pejabat di kementerian itu tidak datang bekerja 4. sebaik sahaja demi apabila: maka baginda diam pd suatu tempat ~ hari malam maka datanglah biawak terlalu banyak 5. sambil seraya: Benar pula itu kata Datok Raja di Langit ~ memandang kpd Sutan Baginda 6. baharu sahaja sesudah: ~ didengar Ramli ratap sedemikian sekonyong-konyong ia pun berpaling kpd ibunya serta-serta  serta-menyertai berserta bersama-sama dgn mengikut menurut: orang kaya-kaya yg ~ menghantar baginda itu semuanya menjunjung duli jika engkau mati dgn pekerjaan tuanmu aku pun mati ~lah dgn kamu menyertai 1. mengiringi mendampingi mengikuti: setiap pelajaran yg saya berikan itu disertai dgn latihan bantahan mereka kali ini disertai dgn ugutan yang lebih hebat 2. bersama-sama dgn menemani mengawani utk menolong dll: Tuhan ~ orang yang sabar 3. mengikut serta turut bersama: tidakkah ibu bapa mereka melarang mereka ~ tarian itu serta-menyertai turut serta dlm hal orang dll ikut mencampuri menyertakan mempersertakan 1. mem-biarkan menyertai memperikutkan 2. me-ngembarkan bersama surat dll mengirimkan bersama dgn pesertaan perihal berserta penyertaan perbuatan menyertai menyerta-kan: ~ negara-negara anggota dlm ran-cangan-rancangan PBB peserta orang yang mengikut serta dlm sesuatu perkara spt pertandingan pergerakan dll pengambil bahagian: seminar antarabangsa ini dihadiri oleh ~-~ dr Asia Tenggara Australia dan New Zealand penyerta kata ~ Id kata yg menyatakan ketentuan atau ketidaktentuan sesuatu kata nama spt the a danan dlm bahasa Inggeris atau der die dan das dlm bahasa Jerman kata sandang.Kamus Dewan Edisi Keempat[ser.ta]  Definisi :ingin ~ pertandingan tenis itu. 2 mengikut bersama sbg teman atau sbg pembantu mengiringi menemani: Beberapa orang pegawai telah ~nya ke persidangan itu. menyertakan 1 membiarkan menyertai: Encik Ali ~ anak sulungnya dlm rombongan itu. 2 mengirim bersama bkn surat dll. penyertaan perbuatan atau hal menyertai: UDA berusaha mempercepat ~ kaum bumiputera dlm bidang perdagangan dan perindustrian. peserta orang yg ikut serta dlm sesuatu pertandingan dll orang yg mengambil bahagian: Para ~ dr Thailand telah tiba petang semalam. penyerta kata ~ kata spt si sang yg terletak di depan kata-kata tertentu yg digunakan sbg nama timangan utk mengejek utk menghormati dll kata sandang.Kamus Pelajar Edisi Kedua[ser.ta]  Definisi :1 ikut atau turut bersama: Hari itu saya tidak pergi ~ kerana saya sakit gigi. 2  berserta 1 bersama dgn dgn: Perdana Menteri ~ tiga orang pegawai kanan kerajaan telah berlepas ke Bangkok semalam. 3 dan juga dan: Beliau memang baik hati ~ jujur. ~-merta pd ketika itu juga tidak bertangguh-tangguh lagi segera. berserta 1 bersama dgn dgn: Sila tuan hantar borang ini kembali ~ wang langganan majalah tsb. 2 turut melakukan sesuatu: Saya ~ mereka mengusahakan tanah itu. menyertai 1 mengikut serta turut bersama: SayaKamus Pelajar Edisi Kedua,kata tugas,Moderate,serta,"berserta, menyertai, menyertakan, penyertaan, peserta, serta-merta",6
menerusi,[me.ne.ru.si]  Definisi :1. masuk sampai ke melantas pd menembus pd: jahitan yg awal dan yg akhir sahaja yg ~ kain yg lain itu lalu di bawah urat benang sahaja 2. dgn perantaraan melalui: masukkan sehelai benang halus ~ lubang-lubang pd kertas tebal itu dia mengirim buku-buku itu ~ sayaKamus Dewan Edisi Keempat[me.ne.ru.si]  Definisi :dgn perantaraan melalui: Pencuri masuk ke dlm rumah itu ~ tingkap. Dia mengirim wang itu ~ kawannya.Kamus Pelajar Edisi Kedua,adverba,Low,terus,"seterusnya, berterus terang, berterusan, terus-menerus, menerusi, meneruskan, terusan, penerusan",8
penting,[pen.ting]  Definisi :1. amat perlu sangat berharga berguna mustahak: yg ~ baginya ialah pengakuan itu perkara yg sangat ~ 2. ark genting keadaan berbahaya tegang: musim yg ~ mementingkan memandang penting berat berguna perlu utama dll memberatkan mengutamakan: mereka lebih ~ harta benda dan kesenangan hidup ~ diri sendiri memikirkan hal keuntungan diri sendiri kepentingan 1. perihal keadaan atau sifat penting peri mustahak keperluan: ia sedar akan ~ bandar Melaka belanjawan itu menekankan ~ berjimat cermat dan berbelanja dgn hemat 2. sesuatu yg penting dituntut dihargai dsb demi kebaikan keuntungan atau kesejahteraan diri faedah manfaat: masing-masing mempunyai ~ diri tugas menjaga ~ peneroka tidak seharusnya diabaikan ~ umum kepentingan utk orang ramai 3. hak saham dsb dlm sesuatu syarikat harta perniagaan dsb: beliau menguasai 52 ~ dlm syarikat tersebut berkepentingan mempunyai kepentingan: tidak dibenarkan orang yg tidak ~ masuk ke dlm.Kamus Dewan Edisi Keempat[pen.ting]  Definisi : mementingkan memetik kecapi gitar dll melambung menghempaskan dll supaya berbunyi ting.Kamus Dewan Edisi Keempat[pen.ting]  Definisi : berpentingan berpelantingan.Kamus Dewan Edisi Keempat[pen.ting]  Definisi :sangat perlu atau mustahak amat berharga: Pelajaran memang ~ utk kemajuan kita semua. mementingkan menganggap penting memandang berat: Orang yg tidak ~ pelajaran nescaya akan menyesal kemudian kelak. kepentingan 1 sesuatu yg penting atau yg sangat dihargai keperluan: Dia sanggup berkorban utk ~ bangsa dan negara. ~ kebendaan keperluan akan harta benda. 2 keadaan atau hal penting.Kamus Pelajar Edisi Kedua,adjektif,Moderate,penting,"mementingkan, kepentingan",2
penjelasan,[pen.je.la.san]  Definisi :1. keterangan yg lebih jelas huraian: Ali meminta ~ sebab-sebab perbuatan adiknya 2. penyelesaian pekerjaan pembayaran hutang dllKamus Dewan Edisi Keempat[pen.je.la.san]  Definisi :1 keterangan yg lebih lanjut: Ia meminta ~ drpd gurunya sekali lagi. 2 perbuatan atau hal menjelaskan penerangan. 3 penyelesaian ttg hutang atau pekerjaan.Kamus Pelajar Edisi Kedua,adjektif,Moderate,jelas,"berjelas-jelas, menjelaskan, kejelasan, penjelasan",4
di,-,-,-,-,-,0
facebook,-,-,-,-,-,0
beliau,[be.liau]  Definisi :kata ganti diri ketiga utk orang tua atau orang yg dihormati: mentuaku seorang pendiam ~ tidak suka anak-anaknya terlampau banyak bercakap.Kamus Dewan Edisi Keempat[be.liau]  Definisi :kata ganti nama diri ketiga utk orang yg lebih tua atau yg dihormati: Pak cik saya berpangkat besar tetapi ~ tidak sombong.Kamus Pelajar Edisi Kedua,-,-,-,-,0
itu,-,-,-,-,-,0
perkongsian,[per.kong.sian]  Definisi :1. syarikat perniagaan yg dijalankan secara berkongsi oleh dua orang atau lebih sbg rakan niaga: sebahagian drpd perusahaan bijih timah dimiliki oleh ~ 2.  ~ hidup perihal hidup bersama-sama sbg suami isteri: ada orang yg membuat fitnah supaya ~ hidup mereka menjadi porak-perandaKamus Dewan Edisi Keempat[per.kong.sian]  Definisi :hal berkongsi persekutuan atau persatuan dlm sesuatu kegiatan.Kamus Pelajar Edisi Kedua,kata nama,High,kongsi,"berkongsi, perkongsian",2
berkata,[ber.ka.ta]  Definisi :mengeluarkan apa yg terfikir dgn kata-kata mengeluarkan kata-kata bertutur: maka Hanuman pun ~ Ya Tuanku maharesi ... ada Doris ~ benar spt apa yg telah dikatakannya kepadaku ~ dua mengeluarkan perkataan yg berlainan drpd maksud yg sebenarnya ~ siang melihat-lihat ~ malam mendengar-dengar prb Mn kalau hendak membicarakan sesuatu baiklah berhati-hati sudah ~ satu prb tidak berubah drpd yg telah diucapkanKamus Dewan Edisi Keempat[ber.ka.ta]  Definisi :mengeluarkan fikiran pendapat dll dgnKamus Pelajar Edisi Kedua,kata nama,High,kata,"sekata, katakan, berkata, berkata-kata, mengata, mengatakan, memperkatakan, terkata, perkataan",9
sesi,[sé.si]  Definisi :sési 1. tempoh penggal semester atau tahun pengajian di universiti dll: ~ pertama bermula pd bulan Jun 2. suatu jangka masa berlangsungnya atau berlakunya sesuatu aktiviti: ~ temu duga 3. perjumpaan sekumpulan pegawai mahkamah parlimen dsb utk sesuatu tujuan sidang: ~ parlimen.Kamus Dewan Edisi Keempat,kata nama,High,sesi,-,0
menerusi,[me.ne.ru.si]  Definisi :1. masuk sampai ke melantas pd menembus pd: jahitan yg awal dan yg akhir sahaja yg ~ kain yg lain itu lalu di bawah urat benang sahaja 2. dgn perantaraan melalui: masukkan sehelai benang halus ~ lubang-lubang pd kertas tebal itu dia mengirim buku-buku itu ~ sayaKamus Dewan Edisi Keempat[me.ne.ru.si]  Definisi :dgn perantaraan melalui: Pencuri masuk ke dlm rumah itu ~ tingkap. Dia mengirim wang itu ~ kawannya.Kamus Pelajar Edisi Kedua,kata tugas,Moderate,terus,"seterusnya, berterus terang, berterusan, terus-menerus, menerusi, meneruskan, terusan, penerusan",8
supaya,[su.pa.ya]  Definisi :mudah-mudahan tercapai atau sampai maksudnya agar hendaknya: Belajarlah kamu ~ tidak kecewa.Kamus Pelajar Edisi Kedua,kata tugas,Moderate,supaya,-,0
menerusi,[me.ne.ru.si]  Definisi :1. masuk sampai ke melantas pd menembus pd: jahitan yg awal dan yg akhir sahaja yg ~ kain yg lain itu lalu di bawah urat benang sahaja 2. dgn perantaraan melalui: masukkan sehelai benang halus ~ lubang-lubang pd kertas tebal itu dia mengirim buku-buku itu ~ sayaKamus Dewan Edisi Keempat[me.ne.ru.si]  Definisi :dgn perantaraan melalui: Pencuri masuk ke dlm rumah itu ~ tingkap. Dia mengirim wang itu ~ kawannya.Kamus Pelajar Edisi Kedua,kata kerja,Moderate,terus,"seterusnya, berterus terang, berterusan, terus-menerus, menerusi, meneruskan, terusan, penerusan",8
kemiskinan,[ke.mis.ki.nan]  Definisi :perihal miskin kekurangan kepapaan: bukan sedikit jumlah perempuan yg terjerumus ke liang kesengsaraan itu lantaran ~Kamus Dewan Edisi Keempat[ke.mis.ki.nan]  Definisi :keadaan miskin kepapaan.Kamus Pelajar Edisi Kedua,adjektif,Moderate,miskin,"memiskinkan, kemiskinan",2
tegar,[te.gar]  Definisi :1. tidak dapat dilenturkan keras kaku 2. ki tidak dapat diubah pendirian pendapat dll degil: mereka mempunyai pandangan yg ~ ~ hati  ~ tengkuk tidak mahu menurut mengalah dll keras hati keras kepala degil ~ pelupuk mata berani tanah ~ tanah kering yg keras bertegar berkeras berdegil dll berkeras hati menegarkan menjadikan menyebabkan tegar mengeraskan ketegaran kekerasan hati kedegilan: kegagalan dan kelambatan mencapai perdamaian selalu dikaitkan dgn ~ kerajaan Barat.Kamus Dewan Edisi Keempat[te.gar]  Definisi :Jh menegarkan ~ kemudi membelokkan kemudi arah ke kanan dgn kuat.Kamus Dewan Edisi Keempat[te.gar]  Definisi :1 tidak dpt dilenturkan keras dan kaku. 2 ki tidak mahu menurut keras kepala: ~ hati tidak mengikut kata keras hati degil. menegarkan menjadikan atau menyebabkan tegar mengeraskan. ketegaran keadaan atau hal tegar kekerasan kedegilan.Kamus Pelajar Edisi Kedua,adjektif,Moderate,tegar,"bertegar, ketegaran",2
dan,-,-,-,-,-,0
dapat,[da.pat]  Definisi :1 boleh berupaya melakukan sesuatu sanggup: Saya ~ menyudahkan kerja itu. 2 bp beroleh menerima kena: Saya ~ RM10000- kerana memenangi peraduan itu. 3 bp bertemu dgn apa-apa yg dicari bersua: Penat ia mencari duitnya yg hilang itu tetapi tidak juga ~. 4 bp berjaya bkn apa-apa yg diusahakan atau yg dicita-citakan tercapai berhasil: Akhirnya ~ juga apa yg dicita-citakannya. ~ terpijak memperoleh sesuatu dgn mudah atau dgn tidak perlu berusaha. mendapat 1 menerima beroleh: Adiknya ~ gelaran ratu kebaya. 2 mengalami menemui: Dia selalu ~ kesusahan. mendapati 1 menjumpai menemui: Dia ~ emaknya sedang tidur. 2 mendapat maklumat mengetahui: Doktor ~ banyak penduduk di situ yg menghidap penyakit malaria. 3 memperoleh menemukan. mendapatkan 1 pergi datang bertemu dgn atau mengunjungi: Anak itu berlari-lari ~ ibunya yg baru pulang dr pasar. 2 memperoleh sesuatu utk orang lain: Ani ~ adiknya sebuah buku cerita. 3 berusaha utk mendapat atau utk memperoleh sesuatu: Tumbuh-tumbuhan mempunyai beberapa cara utk ~ makanan. terdapat didapati ada ada: Di belakang rumahnya ~ juga pokok buah-buahan. pendapatan hasil pencarian: Kerana ~nya kecil ia tidak mampu membeli rumah. berpendapatan beroleh atau mempunyai pendapatan: Dia termasuk dlm golongan yg ~ tinggi. pendapat fikiran pandangan anggapan: Pd ~ saya eloklah kita sokong projek pembinaan surau itu. sedapat sebagaimana atau sebanyak yg dpt.Kamus Pelajar Edisi Kedua,-,-,-,-,0
diberikan,-,-,-,-,-,0
khususnya,-,-,-,-,-,0
basmi,[bas.mi]  Definisi : membasmi menghapuskan membanteras memerangi: ~ buta hurufpembasmian perihal tindakan usaha dsb membasmipembasmi orang alat dll yg membasmi.Kamus Dewan Edisi Keempat[bas.mi]  Definisi : membasmi 1 membakar sampai habis: ~ lalang kering. 2 mengusahakan supaya tidak ada lagi menjadikan tiada menghapuskan: Kita hendaklah memberikan kerjasama utk ~ penyakit malaria di daerah luar bandar. pembasmian perbuatan atau hal membasmi. pembasmi 1 orang yg membasmi. 2 alat ubat dsb yg digunakan utk membasmi: Ubat apa yg digunakan sbg ~ penyakit malaria di negara kita iniKamus Pelajar Edisi Kedua,-,-,-,-,0
dasar,[da.sar]  Definisi :1. bahagian yg di bawah sekali laut sungai tasik dsb: mutiara didapati di ~ laut 2. bahagian yg di bawah sekali sama ada di sebelah dalam atau di sebelah luar sesuatu bekas spt kuali botol dll: serbuk kopi itu mendap ke ~ gelas ~ kuali yg hitam spt arang 3. lantai: rumah itu atapnya zink dindingnya papan dan ~nya simen 4. lapisan yg di bawah sekali pd gambar kain dll latar: ~ kain batik pd umumnya berwarna perang corak yg terdiri drpd kuntum-kuntum bunga pd ~ yg berwarna gelap 5. sifat perangai yg sudah sebati dgn seseorang: dia pantang ditegur memang begitu ~nya 6. pertimbangan cara sistem dll yg pokok bkn sesuatu asas prinsip teras: Vietnam Selatan mengirim beberapa orang pegawai tentera ke Malaysia utk mempelajari ~-~ perang gerila apakah ~nya pendapat tuan itu 7. pendirian yg menjadi asas segala tindakan sikap keputusan dll polisi: ~ kerajaan ~ sesebuah parti politik ~ ekonomi negara 8. yg menjadi bahagian faktor terpenting asas pokok: setelah dicapai persetujuan tentang soal-soal ~ baru dibincangkan butir-butirnya 9. Id memang sebenarnya: sudah ~ pencuri 10. kertas dsb yg dipotong mengikut bentuk baju dan dijadikan asas utk menggunting pakaianberdasar 1. ada memakai mempunyai dasar: kain songket itu ~ biru 2. berasas bersandar: ~ keterangan-keterangan yg diterima memang orang itu bersalah 3. ark  berdasarkan berdasarkan berasaskan bersandarkan berlandaskan: tulisan saya itu ~ berita yg tersiar di sebuah akhbar tuduhan yg ~ bukti-bukti yg nyatamendasar bersifat dasar atau asas: keperluan-keperluan yg paling ~ bagi zamannya mendasari menjadi dasar atau asas kpd: konflik antara Hang Tuah dgn Hang Jebat yg ~ drama ini adalah cukup dramatik kita akan dapat melihat ideologi yg ~ penulisannya mendasarkan menggunakan memakai sbg dasar: perkahwinan harus didasarkan pd cinta dan kasih sayangpendasaran proses menjadikan sesuatu dasar: situasi masyarakat yg saintifik dibantu oleh ~ sifat-sifat sandiwara.Kamus Dewan Edisi Keempat[da.sar]  Definisi :1 bahagian yg di bawah sekali bkn laut sungai botol kuali dll: Air sungai itu sangat jernih hingga nampak ~nya. 2 asas panduan pendapat falsafah aturan dll: ~ kerajaan ialah meninggikan taraf ekonomi rakyat Malaysia. ~ Ekonomi Baru dasar yg membuka jalan ke arah penyelesaian masalah ekonomi yg tidak seimbang. 3 lantai: ~ rumah itu dibuat drpd simen. 4 lapisan yg di bawah sekali pd gambar dll: latar: ~ gambar itu berwarna biru muda. 5 bp memang begitu perangainya sifatnya dsb: ~ hidung belang di mana pun dia suka mengganggu perempuan. berdasar 1 mempunyai dasar: Selendang itu ~ warna merah jambu. 2 bersandar berasas: Aduan-aduan itu ~ pd bukti yg nyata. berdasarkan berdasar pd berasaskan: Laporan itu ~ kejadian-kejadian yg betul-betul berlaku. mendasarkan memakai sbg dasar: Kekuatan sesebuah negeri itu biasanya didasarkan pd kekuatan tenteranya.Kamus Pelajar Edisi Kedua,-,-,-,-,0
maklumat,[maÖ.lu.mat][ma.lu.mat][me.ma.lu.mat.kan]  Definisi :1. makluman pemberitahuan pengumuman: ~ akan diberikan di dlm risa-lah 2. keterangan butir-butir: ~-~ mengenai angkatan perang telah sampai ke Yedo dr Okinawa 3. pengetahuan: utk ~ ahli-ahli saham syarikat mesyuarat agung tahunan ditangguhkan memaklumatkan memberitahukan memaklumkan.Kamus Dewan Edisi Keempat[maÖ.lu.mat][ma.lu.mat][me.ma.lu.mat.kan]  Definisi :1 keterangan atau butir-butir mengenai sesuatu: Kita tidak menerima ~ ttg penuntut-penuntut itu. 2 pengetahuan: Utk ~ tuan-tuan mesyuarat khas akan diadakan besok.Kamus Pelajar Edisi Kedua,kata nama,High,maklumat,-,0
prestasi,[prés.ta.si]  Definisi :hasil yg telah diperoleh dicapai dll pencapaian: kekurangan kakitangan dikatakan telah menjejaskan ~ sesetengah jabatan berprestasi mempunyai menunjukkan prestasi.Kamus Dewan Edisi Keempat[prés.ta.si]  Definisi :préstasi hasil dan mutu yg diperoleh dicapai dlm menjalankan sesuatu tugas pencapaian: ~nya semakin merosot.Kamus Pelajar Edisi Kedua,kata nama,High,prestasi,-,0
jemaah,[je.ma.Öah]  Definisi :jemaah Ar 1. kumpulan orang beribadat ~ haji rombongan orang naik haji 2. orang ramai perjumpaan ramai ~ menteri badan eksekutif yg terdiri drpd para menteri yg secara kolektif bertanggungjawab bagi menentukan dasar kerajaan kabinet J~ Pemangku Raja badan yg dilantik utk menjalankan fungsi raja semasa raja belum dewasa atau raja tiada di dalam negeri ataupun raja tiada upaya berjemaah beramai-ramai bersama-sama: sembahyang ~.Kamus Dewan Edisi Keempat[je.ma.Öah]  Definisi :1 kumpulan orang beribadat: ~ haji rombongan orang naik haji. 2 orang ramai perjumpaan ramai. ~ menteri kumpulan menteri yg dilantik utk mengendalikan kementerian masing-masing. berjemaah 1 beramai-ramai bersama-sama. 2 bersama-sama mengikut imam bkn sembahyang: sembahyang ~.Kamus Pelajar Edisi Kedua,kata nama,High,jemaah,berjemaah,1
menteri,[menteri]  Definisi :1. ahli politik drpd parti pemerintah yg mengetuai sesuatu jabatan kerajaan ahli kabinet M~ Besar ketua kerajaan bagi sesebuah negeri yg beraja di Malaysia Ketua M~ ketua kerajaan bagi sesebuah negeri yg tidak beraja di Malaysia Perdana M~ ketua jemaah menteri ketua kabinet 2. sl pegawai tinggi spt penasihat raja dll: maka ialah raja yg mula-mula memperbuat bendahara yg memerintah segala ~ yg di bawah takhta kerajaannya 3.  mantri Id pangkat atau jawatan tertentu ~ cacar tukang cungkil ~ ukur juruukur 4. nama buah catur yg besar nilainya ~ dalam negeri menteri yg mengurus hal-hal dlm negeri ~ luar negeri menteri yg mengurus perhubungan dgn negeri-negeri asing ~ muda timbalan menteri ~ negara Id menteri yg tidak memegang kementerian tetapi diberi tugas yg penting kementerian 1. jabatan kerajaan yg diketuai oleh menteri: K~ Pendidikan 2. bangunan bagi jabatan kerajaan pejabat menteri 3. jawatan menteri.Kamus Dewan Edisi Keempat[menteri]  Definisi :1 ahli pemerintahan yg tertinggi ahli kabinet: ~ Besar ketua kerajaan sesebuah negeri yg beraja di Malaysia Ketua ~ ketua kerajaan sesebuah negeri yg tidak beraja di Malaysia Perdana ~ ketua jemaah menteri ketua kabinet. 2 nama buah catur yg paling berkuasa. kementerian 1 urusan atau jabatan yg dipegang oleh menteri: ~ Kesihatan. 2 pejabat menteri. 3 jawatan menteri.Kamus Pelajar Edisi Kedua,kata nama,High,menteri,kementerian,1
mengenai,[me.nge.na.i]  Definisi :1. kena pd matlamat sasaran dll: maka peluru meriam itu pun datang ~ segala orang Melaka ada yg putus lehernya diparangnya segala tombak itu habis putus-putus sebilah pun tiada ~ dia 2. menyentuh bergesel dgn sesuatu: hendaklah berhati-hati supaya wayar elektrik itu tidak ~ besi itu 3. berkenaan berkaitan berhubungan dgn tentang: dlm buku kecil itu terdapat catatan-catatan penting ~ beberapa perkara mereka mencari suatu penyelesaian ~ masalah tersebut 4. menimpa: penyakit campak ini lebih kerap ~ kanak-kanak drpd orang dewasa 5. Mn bp bersetubuhKamus Dewan Edisi Keempat[me.nge.na.i]  Definisi :1 kena pd yg dituju: Batu yg dihumbankannya ~ kepala orang yg lalu di situ. 2 berkaitan dgn berhubungan dgn bersabit tentang: Mereka mencari suatu penyelesaian ~ perkara tsb.Kamus Pelajar Edisi Kedua,kata kerja,Moderate,kena,"mengena, kena-mengena, mengenai, mengenakan, mengena-ngenakan, terkena",6
dan,-,-,-,-,-,0
ekonomi,[é.ko.no.mi]  Definisi :ékonomi 1. ilmu bkn pengeluaran pengagihan penggunaan barang-barang dan perkhidmatan: beberapa orang penuntut ~ sedang membantu Kementerian Buruh menyelidiki keadaan pengangguran sekarang ini ahli ~ orang yg pakar dlm bidang ekonomi 2. sistem pengeKamus Dewan Edisi Keempat[é.ko.no.mi]  Definisi :ékonomi 1 ilmu ttg asas-asas pengeluaran pembahagian penggunaan barang-barang dan perkhidmatan serta masalah-masalah kewangan kemasyarakatan dll yg bersangkutan dgnnya. 2 keadaan kekayaan atau kebendaan sesebuah negara dll: Kedudukan ~ negara semakin kukuh. 3 urusan ttg perkara-perkara rumah tangga spt perbelanjaan penggunaan barang-barang. 4 tidak boros hemat. ~ campuran sistem ekonomi yg sebahagian sumbernya dikawal oleh sektor awam dan sebahagian lagi dikawal oleh sektor swasta. ~ terbuka ekonomi yg melibatkan perdagangan sesebuah negara dgn negara yg lain. ~ tertutup ekonomi yg tidak melibatkan perdagangan antarabangsa iaitu tidak wujud aktiviti import dan eksport barangan atau bahan pengeluaran. berekonomi 1 menjalankan sesuatu usaha menurut ilmu ekonomi. 2 bercermat atau berhati-hati dlm menggunakan wang berhemat. mengekonomikan membelanjakan wang dgn hati-hati menghematkan: Utk tujuan ini beliau telah ~ segala perbelanjaan seberapa yg dpt. perekonomian hal-hal atau kegiatan-kegiatan ekonomi.Kamus Pelajar Edisi Kedua,-,-,-,-,0
di,-,-,-,-,-,0
tengah-tengah,-,-,-,-,-,0
perubahan,[pe.ru.ba.han][per.u.ba.han]  Definisi :perihal berubah peralihan per-tukaran: dlm jangka waktu enam bulan ini banyak ~ yg telah berlakuKamus Dewan Edisi Keempat[pe.ru.ba.han][per.u.ba.han]  Definisi :perihal berubah  ubah I.Kamus Dewan Edisi Keempat[pe.ru.ba.han][per.u.ba.han]  Definisi :hal berubah pertukaran peralihan: Sejak negara kita merdeka banyak ~ yg berlaku dlm berbagai-bagai bidang.Kamus Pelajar Edisi Kedua,-,-,ubah,"berubah, berubah-ubah, mengubah, memperubahkan, perubahan",5
dinamik,[di.na.mik]  Definisi :bertenaga dan berkekuatan serta mampu membuat penyesuaian serta menerbitkan pembaharuan dan kemajuan: pembangunan masyarakat yg lebih ~ harus mendapat perhatian yg tajam drpd orang ramai mendinamikkan menjadikan dinamik kedinamikan keadaan atau sifat dinamik.Kamus Dewan Edisi Keempat[di.na.mik]  Definisi :cabang ilmu mekanik yg berkaitan dgn daya dan hubungannya dgn gerakan jasad.Kamus Dewan Edisi Keempat[di.na.mik]  Definisi :bersifat cergas bertenaga: Kaum muda mestilah lebih ~ supaya lekas maju.Kamus Pelajar Edisi Kedua,-,-,-,-,0
global,[glo.bal]  Definisi :1. meliputi mempengaruhi atau mengenai seluruh dunia sejagat: masalah alam sekitar ~ 2. merangkumi seluruh kumpulan perkara dsb menyeluruh: perkara itu hendaklah dilihat dr sudut pandangan yg ~ mengglobalkan menjadikan bersifat global: kitalah yg perlu menentukan apa yg hendak diglobalkan orang Melayu perlu diperlengkap utk menguruskan hubungan secara langsung iaitu ~ pemikiran mereka.Kamus Dewan Edisi Keempat[glo.bal]  Definisi :1 bkn dunia seluruhnya: Penipisan lapisan ozon merupakan masalah ~. 2 pd keseluruhannya pd umumnya. mengglobal meluas ke seluruh dunia: Tersebarnya wabak penyakit itu telah ~ hingga banyak yg terkorban. mengglobalkan menjadikan sesuatu bersifat global: Mereka diminta memandang jauh dan ~ pemikiran mereka.Kamus Pelajar Edisi Kedua,-,-,-,-,0
serantau,[se.ran.tau]  Definisi :dlm satu rantau melewati beberapa buah negara pesisir pantai yg berhampiran dgn sesebuah negara spt Malaysia dgn negara-negara di Asia Tenggara: kerjasama ekonomi ~Kamus Dewan Edisi Keempat,-,-,-,-,0
dan,-,-,-,-,-,0
kebangkitan,[ke.bang.ki.tan]  Definisi :1. kebangunan kesedaran serta kegiatan yg membawa kemajuan: ~ bangsa Asia ~ Islam sebenarnya harus didukung oleh tradisi ilmu yg mampu melahirkan tamadun besar 2. pemberontakan: mereka mendakwa bahawa adanya penceroboh-penceroboh itu sbg satu ~ dr dlm negeriKamus Dewan Edisi Keempat[ke.bang.ki.tan]  Definisi :1 hal bangkit: Parti itu menggalakkan ~ semangat kebangsaan Melayu. 2 hal dibangkitkan kembali: Ayat ini membuktikan adanya hari kiamat dan ~ selepas mati.Kamus Pelajar Edisi Kedua,-,-,-,-,0
luar,[luar]  Definisi :lwn bahagian dalam: terdengar bunyi ketukan dr ~ kulit ~ orang ~ ~ bandar daerah yg jauh dr bandar kampung desa ~ batas melampaui melebihi batas ~ bicara tidak masuk dlm pembicaraan perbincangan perhitungan ~ dalam a bahagian luar dan bahagian dalam b lahir batin ~ dugaan tidak disangka-sangka ~ janji tidak masuk dlm janji ~ kepala Id dgn ingatan tidak usah ditulis atau melihat tulisan hafaz ~ kira luar bicara ~ negeri  negeri ~ negeri asing ~ nikah perhubungan jenis yg tidak halal orang ~ pagar orang yg tidak kenamengena tidak bersangkut paut ~ pantai luar pesisir ~ pesisir a terletak di laut tidak berapa jauh dr pantai bkn kedudukan sesuatu mis pulau pelantar minyak dll b Eko beroperasi atau berdaftar di luar negara kerana cukainya lebih rendah peraturannya lebih longgar dll bkn bank pelaburan syarikat dll ~ sangkaan tidak disangka-sangka ~ talian Komp sifat peranti sokongan atau sistem yg tidak lagi tersambung atau tidak lagi dikawal terus oleh sistem utama di luar 1. di bahagian luar di sebelah luar: keadaan ~ bertambah sunyi dan gelap 2. tidak masuk perkara perhitungan tanggungan dll kecuali tidak diliputi terliput oleh lain drpd: budak-budak nakal itu melepaskan kata-kata yg ~ pengalaman mereka kejadian itu ~ pengetahuannya ~ dugaan tidak terduga sama sekali tidak tersangka-sangka ~ kepala Id luar kepala ~ pembicaraan tidak masuk dlm pembicaraan ke luar ke sebelah luar meluar menyembul keluar menonjol keluar meluarkan 1. tidak memasukkan ke dlm golongan perhitungan dll mengasingkan mengecualikan menyingkirkan 2. menyuruh keluar luaran 1.  orang ~ orang asing orang lain 2. sl orang yg tidak masuk dlm golongan istana orang keluaran 3.  negeri ~ negeri asing 4. yg tampak sahaja lahiriah: pd ~nya sahaja kita dipaparkan dgn kenakalan Umar Umaiyah peluaran dunia ~ dunia luar keluar.Kamus Dewan Edisi Keempat[luar]  Definisi :bahagian ruang tempat dll yg bukan di dalam: kulit ~ orang ~. ~ bandar daerah yg jauh dr bandar. ~ biasa tidak spt yg biasa ganjil. ~ dugaan tidak disangka-sangka. ~ negeri  negeri ~ negeri asing. ~ nikah tidak dlm ikatan suami isteri yg sah ttg perhubungan antara lelaki dgn perempuan. ~ talian ist keadaan kelengkapan atau peranti komputer di luar kawalan sistem utama komputer. luaran sesuatu yg di luar: masalah ~. di luar 1 di sebelah bahagian luar: Sementara ia memasak di dapur anaknya bermain-main ~. 2 tidak termasuk dlm sesuatu perhitungan dll kecuali: Penipuan itu berlaku ~ pengetahuan saya. ke luar pergi ke bahagian luar ke sebelah luar.Kamus Pelajar Edisi Kedua,kata nama,High,luar,"di luar, ke luar, luaran",3
negara,[ne.ga.ra]  Definisi :1 kumpulan masyarakat yg mendiami sesuatu kawasan mempunyai kedaulatan politik dan juga jentera pemerintahan: Kepentingan ~ lebih diutamakan drpd kepentingan perseorangan. 2 sesuatu kawasan yg didiami oleh masyarakat tsb: ~ Malaysia. ~ dunia ketiga negara-negara di Afrika Asia dan Amerika Latin secara berkumpulan yg dianggap masih mundur atau sedang membangun. ~ jiran  ~ tetangga negara yg berdekatan. ~ maju negara kaya yg sebahagian besar ekonominya bergantung pd industri dan penduduknya menikmati taraf hidup yg tinggi. ~ matahari terbit negara Jepun. ~ membangun negara yg sedang giat berusaha meningkatkan taraf hidup ekonomi dsb spt Malaysia. ~ perindustrian negara yg kekuatan dan kemajuan ekonominya berteraskan pelbagai industri. kenegaraan segala yg berkaitan dgn negara. negarawan orang yg mahir benar dgn cara-cara pemerintahan negara orang yg memegang tampuk pemerintahan sesebuah negara ahli negara.Kamus Pelajar Edisi Kedua,kata nama,High,negara,-,0
isu,[i.su]  Definisi :perkara pokok persoalan: krisis Timur Tengah merupakan ~ penting yg dibincangkan dlm persidangan itu.Kamus Dewan Edisi Keempat[i.su]  Definisi :perkara pokok persoalan.Kamus Pelajar Edisi Kedua,kata nama,High,isu,-,0
penting,[pen.ting]  Definisi :1. amat perlu sangat berharga berguna mustahak: yg ~ baginya ialah pengakuan itu perkara yg sangat ~ 2. ark genting keadaan berbahaya tegang: musim yg ~ mementingkan memandang penting berat berguna perlu utama dll memberatkan mengutamakan: mereka lebih ~ harta benda dan kesenangan hidup ~ diri sendiri memikirkan hal keuntungan diri sendiri kepentingan 1. perihal keadaan atau sifat penting peri mustahak keperluan: ia sedar akan ~ bandar Melaka belanjawan itu menekankan ~ berjimat cermat dan berbelanja dgn hemat 2. sesuatu yg penting dituntut dihargai dsb demi kebaikan keuntungan atau kesejahteraan diri faedah manfaat: masing-masing mempunyai ~ diri tugas menjaga ~ peneroka tidak seharusnya diabaikan ~ umum kepentingan utk orang ramai 3. hak saham dsb dlm sesuatu syarikat harta perniagaan dsb: beliau menguasai 52 ~ dlm syarikat tersebut berkepentingan mempunyai kepentingan: tidak dibenarkan orang yg tidak ~ masuk ke dlm.Kamus Dewan Edisi Keempat[pen.ting]  Definisi : mementingkan memetik kecapi gitar dll melambung menghempaskan dll supaya berbunyi ting.Kamus Dewan Edisi Keempat[pen.ting]  Definisi : berpentingan berpelantingan.Kamus Dewan Edisi Keempat[pen.ting]  Definisi :sangat perlu atau mustahak amat berharga: Pelajaran memang ~ utk kemajuan kita semua. mementingkan menganggap penting memandang berat: Orang yg tidak ~ pelajaran nescaya akan menyesal kemudian kelak. kepentingan 1 sesuatu yg penting atau yg sangat dihargai keperluan: Dia sanggup berkorban utk ~ bangsa dan negara. ~ kebendaan keperluan akan harta benda. 2 keadaan atau hal penting.Kamus Pelajar Edisi Kedua,adjektif,Moderate,penting,"mementingkan, kepentingan",2
asean,Definisi :aséan akronim bagi Association of Southeast Asian Nations sebuah gabungan yg dianggotai oleh negara-negara Malaysia Brunei Darussalam Filipina Indonesia Thailand Laos Kemboja Myanmar Vietnam dan Singapura utk menjalin hubungan dan kerjasama yg lebih erat terutamanya dlm bidang ekonomi kebudayaan dan sosial.Kamus Dewan Edisi Keempat,-,-,-,-,0
perdana,[per.da.na]  Definisi :1. yg terutama P~ Menteri ketua menteri sesebuah negara mengepalai jemaah menteri 2. yg mula-mula yg pertama sekali pertunjukan tayangan ~ tayangan filem yg pertama kali 3. sl bendahara.Kamus Dewan Edisi Keempat[per.da.na]  Definisi :1 paling tinggi tarafnya atau pangkatnya: ~ Menteri. 2 yg mula-mula yg pertama: tayangan ~ tayangan bagi pertama kalinya.Kamus Pelajar Edisi Kedua,-,-,-,-,0
media,[mé.dia]  Definisi :média alat atau perantara komunikasi perhubungan spt radio televisyen dan akhbar ~ am pelbagai jenis saluran atau perantara komunikasi alat atau saluran komunikasi amnya atau keseluruhannya ~ cetak alat atau saluran komunikasi yg berupa bahan cetakan atau terbitan spt surat khabar majalah dll ~ elektronik alat atau saluran komunikasi yg berupa atau yg menggunakan alat-alat elektron moden spt radio televisyen dll ~ massa pelbagai jenis alat komunikasi spt televisyen radio surat khabar majalah dsb yg dapat menyampaikan maklumat berita dsb kpd orang ramai dgn cepat dlm masa yg singkat sebaran am.Kamus Dewan Edisi Keempat[mé.dia]  Definisi :média alat atau perantara dlm komunikasi atau dlm perhubungan.Kamus Pelajar Edisi Kedua,-,-,-,-,0
adalah,[a.da.lah]  Definisi :1. sl sesungguhnya digunakan pd permulaan ayat kenyataan dsb: ~ makam ini dikurniai raja kpd aku barang siapa hendak duduk bayarkan sewanya kpd aku 2. ialah utk menghubungkan sesuatu yg diperkatakan dgn huraian penjelasan dsb yg mengenainya: hadiah itu ~ utk murid terpandaiKamus Dewan Edisi Keempat[a.da.lah]  Definisi :1 digunakan pd permulaan cerita ada: ~ seorang pemuda yg miksin. 2 digunakan utk menghubungkan subjek atau benda dgn predikat atau ceritanya: Kemalangan itu ~ yg paling ngeri yg pernah kulihat.Kamus Pelajar Edisi Kedua,-,-,-,-,0
dalam,[da.lam]  Definisi :1. jarak jauhnya ke bawah atau ke dasar dr permukaan air tanah dsb jarak jauhnya ke tengah dr tepi atau pinggir sesuatu: ~ perigi itu kira-kira empat meter 2. jauh ke bawah atau ke dasar dr permukaan air tanah dll atau jauh ke tengah dr tepi atau pinggir hutan dll jauh jaraknya di antara paras permukaan dgn dasar tidak cetek: lubang itu ~ sungguh jangan suka berenang di tempat yg ~ 3. bukan sedikit tidak sempit lebih drpd sekadar yg perlu sahaja: dia mempunyai pengetahuan yg ~ tentang hal itu 4. mengandungi makna yg tidak mudah difahami bkn perkataan ungkapan dsb lebih drpd yg terzahir: perkataan ini ~ maknanya 5. tidak ceper leper jeluk bkn pinggan atau piring 6. bahagian atau ruang rumah bilik peti almari dll yg lawannya luar: diambilnya sepucuk surat dr ~ laci itu dan dihulurkannya kpd saya dia memasukkan bungkusan itu ke ~ keretanya 7. yg berkaitan dgn atau terbatas pd lingkungan sesuatu spt negeri keluarga dll itu sendiri: urusan ~ negeri masalah ~ keluarga 8. yg tidak nampak atau ketara dr luar: penyakit ~ 9. yg dipakai sebelum dipakai pakaian selengkapnya: baju ~ seluar ~ ~ berselam dangkal cetek berjingkat bertimba prb berpada dgn yg sedikit sedalam mencapai dalam atau sehingga dalamnya sebagaimana yg dinyatakan: digalinya lubang ~ kira-kira dua metersedalam-dalamnya 1. seberapa dalam yg mungkin: menggali ~ 2. dgn seberapa teliti atau terperinci: perlu difikirkan ~ cadangan yg dikemukakan itu sebelum dibuat sesuatu keputusanberdalam-dalam makin menjadi dalam merebak meluas dsb menjadi-jadi mendalam 1. menjadi dalam atau lebih dalam bkn lubang dsb bertambah dalam: lukanya semakin ~ kerana tidak dirawat dan dibubuh ubat 2. menjadi kukuh dan tidak mudah luput bkn perasaan kepercayaan terhadap sesuatu dll menjadi berat melarat bkn penyakit dll: perasaan cintanya terhadap Bibah semakin ~ kebencian yg ~ tradisi lama di kampungku terlalu ~ 3. sampai ke peringkat yg terperinci bkn kajian dsb luas dan teliti meliputi banyak aspek: kajiannya tentang sastera Melayu kurang ~mendalami memperdalami berusaha utk mengetahui sesuatu dgn lebih luas dan terperinci dgn mempelajari mengkaji menyelidik dsb dgn teliti dan terperinci menjadikan lebih sempurna atau terperinci pengetahuan dsb tentang sesuatu: mereka akan mengkaji lebih banyak buku dan kitab utk ~ pengetahuan mereka tentang agama Islam masing-masing ~ bidang yg diminatinyamendalamkan 1. menjadikan dalam atau lebih dalam perigi lubang dll: beberapa orang pekerja sedang ~ telaga 2.  memperdalam ki menjadikan lebih dalam pelajaran pengetahuan penyelidikan dsb: ia terus bekerja sambil ~ pengetahuannya tentang seni muzik perkembangan profesional memberi fokus kpd intelektualisme iaitu kpd memperdalam dan memperluas bidang pengetahuan dan kemahiran profesiondalaman 1. isi perut 2. yg tersembunyi dan tidak mudah difahami bkn makna ayat kata-kata dsb: kita seharusnya menyelami makna ~ kata-kata yg diucapkannya itu 3. yg berkaitan dgn atau perlu diuruskan dsb oleh sesuatu organisasi itu sendiri struktur ~ Lin dlm tatabahasa generatif gambaran yg diandaikan terdapat dlm struktur sesuatu ayat pd peringkat dasarnya hubungan gramatis atau hubungan logik dijelaskan sebelum struktur ayat tersebut mengalami perubahan kerana peraturan transformasikedalaman 1. perihal dalam budi bahasa pengetahuan pelajaran dll: kedangkalan dan ~ ilmu pengetahuan seseorang 2. ark terlalu dalampedalaman daerah yg jauh dr pantai yg terletak di ceruk pelosok atau di hulu negeri hulu: dia menjadi orang yg paling berpengaruh di daerah ~ penjahat-penjahat sedang bersembunyi di daerah ~pendalaman perihal mendalamkan tindakan proses dll mendalamkan.Kamus Dewan Edisi Keempat[da.lam]  Definisi :1. antara di kalangan: ~ mereka yg bertiga belas itu ada yg bergirang-girang 2. di dalam bukan di luar lingkungan dsb sesuatu: ~ Wilayah Persekutuan ~ bidang mata pelajaran tersebut 3. sambil: ~ kita berharap keadaan akan bertambah baik kita mesti juga beringat-ingat 4. pd waktu tertentu: kita berharap keadaan akan bertambah baik ~ tahun hadapan dia masih ~ pantang lagi ~ idah masa belum boleh berkahwin lain bagi perempuan yg baru menjadi janda ~ negeri dlm lingkungan sesebuah negeri itu sahaja ~ tangan dlm kekuasaan kemampuan milik seseorang sudah tentu dapat atau akan diperoleh ~ dua tengah tiga prb tidak jujur kilat di ~ kilau prb tujuan maksud yg terkandung dlm percakapan atau tingkah laku.Kamus Dewan Edisi Keempat[da.lam]  Definisi :sl istana kawasan istana raja bahasa ~ bahasa yg digunakan di kalangan raja atau golongan istana spt beradu santap dll budak ~ pesuruh raja kedalaman sl istana rumah-rumah dlm kawasan istana bahasa ~ bahasa kehormatan utk raja-raja.Kamus Dewan Edisi Keempat[da.lam]  Definisi :1 bahagian atau ruang di balik bahagian yg di luar: Rumah itu ~nya sangat bersih. 2 kedudukan sesuatu tempat yg terpisah oleh jarak tertentu dr tepi tengah: Semakin ke ~ dia pergi semakin banyak dia menemukan rotan yg baik-baik. 3 batin: Orang itu kelihatan baik tetapi ~nya siapa yg tahu. ~ talian ist 1 keadaan kelengkapan atau peranti komputer di bawah kawalan sistem utama komputer. 2 perihal bolehnya pengguna berinteraksi secara langsung dgn menggunakan komputer. ~ tangan sudah tentu dpt. dalaman 1 isi perut spt hempedal hati paru-paru. 2 berkaitan dgn sesuatu pihak organisasi itu sendiri: urusan ~. pedalaman daerah yg jauh di darat dr pantai atau dr bandar: Padi huma banyak ditanam di ~.Kamus Pelajar Edisi Kedua[da.lam]  Definisi :1 mengenai tentang berkenaan dgn: Dia memang pakar ~ hal itu. 2 selama masa tertentu pd waktu tertentu: ~ masa dua jam lagi ia akan sampai. 3 di kalangan di antara: ~ mereka yg ramai itu ada yg pandai bermain piano. 4 mengalami ditimpa: Para nelayan ~ keadaan susah.Kamus Pelajar Edisi Kedua[da.lam]  Definisi :1 jauh ke bawah dr permukaan: Perigi itu sangat ~. Lukanya agak ~. 2 ki penuh atau berisi ttg ilmu: Beruntunglah orang yg berguru dgn seseorang yg ~ ilmunya. 3 ki hingga ke lubuk hati ttg cinta penderitaan dll: Kasih ibu terhadap anaknya sangat ~. 4 tidak mudah difahami: Yg diperkatakannya itu mempunyai erti yg ~. mendalam 1 bertambah dalam menjadi dalam: Lukanya kian ~ kerana tidak diubati. 2 teliti sempurna luas dll: Pengetahuannya ttg sastera Melayu sungguh ~. 3 lebih melarat penyakit lebih dalam kuat kukuh bkn perasaan: Perasaan bencinya terhadap bangsa asing sungguh ~. mendalami berusaha supaya mengetahui memahami mengerti dgn teliti atau dalam: Beliau ingin ~ bidang pertanian. Dia mencuba ~ hati kawannya itu. mendalamkan 1 menjadikan dalam: Kuli itu sedang ~ parit di tepi jalan. 2 meluaskan atau mengkaji dgn teliti ttg sesuatu ilmu: Dia pergi ke London utk ~ pengetahuannya dlm bidang perubatan. memperdalam 1 menjadikan lebih dalam: Orang-orang kampung bergotong-royong ~ telaga itu. 2 berusaha supaya mengetahui memahami dgn lebih teliti: Dia ~ ilmu yg dipelajarinya itu. kedalaman keadaan dalam dalamnya: Kepekatan karbon dioksida bertambah mengikut ~ tanah. Drpd pertuturannya kita dpt mengetahui ~ ilmu pengetahuannya. pendalaman perbuatan usaha dsb mendalami atau mendalamkan.Kamus Pelajar Edisi Kedua,-,-,-,-,0
memberikan,[mem.be.ri.kan]  Definisi :1. menyerahkan sesuatu kpd: ada orang yg sudi ~ sesuap nasi kepadanya 2. melakukan sesuatu utk faedah orang lain: ~ pelajaran ~ pertolongan ~ layanan yg istimewa 3. menyatakan sesuatu kpd orang lain spt yg diperlukan atau dikehendaki: ~ taklimat fatwa 4. mendatangkan menghasilkan: makanan yg ~ tenaga ~ kesanKamus Dewan Edisi Keempat[mem.be.ri.kan]  Definisi :menyerahkan sesuatu kpd: Saya ~ buku itu kpd adik saya.Kamus Pelajar Edisi Kedua,-,-,-,-,0
kritikan,[kri.ti.kan]  Definisi :1. kritik analisis penilaian dan ulasan terhadap sesuatu karya sastera dll 2. kritik ulasan atau kata-kata tentang keburukan kelemahan dsb seseorang atau sesuatu kecamanKamus Dewan Edisi Keempat[kri.ti.kan]  Definisi :pernyataan ttg yg salah atau yg tidak baik celaan teguran kecaman: Kerajaan menerima ~ yg dilemparkan oleh pihak pembangkang.Kamus Pelajar Edisi Kedua,-,-,kritikan,"kritikan, mengkritik, pengkritik",3
teguran,[te.gu.ran]  Definisi :1. hasil perbuatan menegur sapa 2. celaan ajaran cerca kritikan petunjuk: rencana itu patut dianggap sbg ~ yg membina utk kebaikan gerakan kerjasama di seluruh negeri amnya 3. amaran peringatanKamus Dewan Edisi Keempat[te.gu.ran]  Definisi :1 kata-kata utk menegur. 2 amaran peringatan nasihat.Kamus Pelajar Edisi Kedua,-,-,tegur,"berteguran, menegur, teguran, keteguran",4
pandangan,[pan.da.ngan]  Definisi :1. hasil perbuatan memandang: ia memusatkan ~nya pd gadis itu mencuri ~ memandang dgn tidak diketahui orang 2. apa yg terlihat tergambar di mata hasil perbuatan memandang: dgn mendekatkan mata pd kanta itu kita nampak satu ~ yg luas wang hantaran ini dikeluarkan sahaja buat ~ orang ramai 3. a yg menjadi perhatian: anak muda itulah yg menjadi ~nya b ki yg dihormati dicita-citakan dll: dialah ~ orang di kampung itu 4. anggapan pendapat tanggapan fikiran: ~nya terhadap Aini tidak berubah ~ hidup pendapat tentang hidup falsafah hidup ~ politik pendapat terhadap politik falsafah politikKamus Dewan Edisi Keempat[pan.da.ngan]  Definisi :1 apa-apa yg dipandang sesuatu yg dipandang. 2 hal memandang renungan: Ia memusatkan ~nya pd pengemis itu. 3 apa-apa yg difikirkan ttg sesuatu anggapan: ~nya terhadap masalah pendatang haram masih tetap tidak berubah. ~ darat pandangan yg jelas mengenai sesuatu kawasan.Kamus Pelajar Edisi Kedua,-,-,pandang,"berpandangan, berpandang-pandangan, memandang, pandang-memandang, terpandang, terpandang-pandang, memandangkan, pandangan, pemandangan",9
menteri,[menteri]  Definisi :1. ahli politik drpd parti pemerintah yg mengetuai sesuatu jabatan kerajaan ahli kabinet M~ Besar ketua kerajaan bagi sesebuah negeri yg beraja di Malaysia Ketua M~ ketua kerajaan bagi sesebuah negeri yg tidak beraja di Malaysia Perdana M~ ketua jemaah menteri ketua kabinet 2. sl pegawai tinggi spt penasihat raja dll: maka ialah raja yg mula-mula memperbuat bendahara yg memerintah segala ~ yg di bawah takhta kerajaannya 3.  mantri Id pangkat atau jawatan tertentu ~ cacar tukang cungkil ~ ukur juruukur 4. nama buah catur yg besar nilainya ~ dalam negeri menteri yg mengurus hal-hal dlm negeri ~ luar negeri menteri yg mengurus perhubungan dgn negeri-negeri asing ~ muda timbalan menteri ~ negara Id menteri yg tidak memegang kementerian tetapi diberi tugas yg penting kementerian 1. jabatan kerajaan yg diketuai oleh menteri: K~ Pendidikan 2. bangunan bagi jabatan kerajaan pejabat menteri 3. jawatan menteri.Kamus Dewan Edisi Keempat[menteri]  Definisi :1 ahli pemerintahan yg tertinggi ahli kabinet: ~ Besar ketua kerajaan sesebuah negeri yg beraja di Malaysia Ketua ~ ketua kerajaan sesebuah negeri yg tidak beraja di Malaysia Perdana ~ ketua jemaah menteri ketua kabinet. 2 nama buah catur yg paling berkuasa. kementerian 1 urusan atau jabatan yg dipegang oleh menteri: ~ Kesihatan. 2 pejabat menteri. 3 jawatan menteri.Kamus Pelajar Edisi Kedua,kata nama,High,menteri,kementerian,1
berkata,[ber.ka.ta]  Definisi :mengeluarkan apa yg terfikir dgn kata-kata mengeluarkan kata-kata bertutur: maka Hanuman pun ~ Ya Tuanku maharesi ... ada Doris ~ benar spt apa yg telah dikatakannya kepadaku ~ dua mengeluarkan perkataan yg berlainan drpd maksud yg sebenarnya ~ siang melihat-lihat ~ malam mendengar-dengar prb Mn kalau hendak membicarakan sesuatu baiklah berhati-hati sudah ~ satu prb tidak berubah drpd yg telah diucapkanKamus Dewan Edisi Keempat[ber.ka.ta]  Definisi :mengeluarkan fikiran pendapat dll dgnKamus Pelajar Edisi Kedua,kata nama,High,kata,"sekata, katakan, berkata, berkata-kata, mengata, mengatakan, memperkatakan, terkata, perkataan",9
watak,[wa.ta]  Definisi :1. sifat seseorang yg zahir dan batin merangkumi budi pekerti dan tabiatnya tingkah lakunya jiwanya pemikirannya dsb: kesopanan dan ketenangan mereka menggambarkan ~ orang yg berpendidikan 2. tokoh atau pelaku dlm karya sastera atau seni spt novel cerpen dan drama dsb: penulis itu memberikan personaliti kpd tiaptiap ~nya berwatak mempunyai watak berbudi pekerti berkeperibadian: dia sendiri memang sudah ~ seniman berwatakkan mempunyai atau menggunakan sesuatu sbg watak: nama Parameswara tidak pernah disebut dlm Sejarah Melayu tetapi yg disebut ialah Raja Iskandar Syah yg tentunya ~ Islam memperwatakkan membentuk watak seseorang pelaku dlm cerita menggambarkan memaparkan dsb watak: ketaralah bahawa kejadian-kejadian dlm drama Tamu di Bukit Kenny tertumpu kpd fikiran kelakuan dan tindakan Si Pegawai yg diperwatakkan sbg manusia yg agak baik perwatakan 1. watak seseorang keseluruhannya keseluruhan watak: ~ Panji Semirang pd keseluruhannya tidak lari drpd sifat asasinya sbg seorang perempuan 2. pembentukan watak penggambaran pemaparan dsb watak.Kamus Dewan Edisi Keempat[wa.ta]  Definisi :1 sifat batin seseorang yg mempengaruhi tingkah lakunya atau fikirannya. 2 tokoh dlm sesuatu cerita atau novel. berwatak berbudi pekerti mempunyai sifat keperibadian. berwatakkan mempunyai sesuatu watak: Lakonannya yg ~ pendakwah sungguh berkesan. perwatakan perihal watak seseorang atau watak dlm sesuatu cerita: ~ Hang Jebat telah banyak dibincangkan.Kamus Pelajar Edisi Kedua,kata nama,High,watak,perwatakan,1
dan,-,-,-,-,-,0
pencerahan,[pen.ce.ra.han]  Definisi :perihal perbuatan mencerahkan sesuatuKamus Dewan Edisi Keempat[pen.ce.ra.han]  Definisi :perbuatan atau proses mencerahkan: krim yg dpt membantu ~ kulit.Kamus Pelajar Edisi Kedua,-,-,-,-,0
dalam,[da.lam]  Definisi :1. jarak jauhnya ke bawah atau ke dasar dr permukaan air tanah dsb jarak jauhnya ke tengah dr tepi atau pinggir sesuatu: ~ perigi itu kira-kira empat meter 2. jauh ke bawah atau ke dasar dr permukaan air tanah dll atau jauh ke tengah dr tepi atau pinggir hutan dll jauh jaraknya di antara paras permukaan dgn dasar tidak cetek: lubang itu ~ sungguh jangan suka berenang di tempat yg ~ 3. bukan sedikit tidak sempit lebih drpd sekadar yg perlu sahaja: dia mempunyai pengetahuan yg ~ tentang hal itu 4. mengandungi makna yg tidak mudah difahami bkn perkataan ungkapan dsb lebih drpd yg terzahir: perkataan ini ~ maknanya 5. tidak ceper leper jeluk bkn pinggan atau piring 6. bahagian atau ruang rumah bilik peti almari dll yg lawannya luar: diambilnya sepucuk surat dr ~ laci itu dan dihulurkannya kpd saya dia memasukkan bungkusan itu ke ~ keretanya 7. yg berkaitan dgn atau terbatas pd lingkungan sesuatu spt negeri keluarga dll itu sendiri: urusan ~ negeri masalah ~ keluarga 8. yg tidak nampak atau ketara dr luar: penyakit ~ 9. yg dipakai sebelum dipakai pakaian selengkapnya: baju ~ seluar ~ ~ berselam dangkal cetek berjingkat bertimba prb berpada dgn yg sedikit sedalam mencapai dalam atau sehingga dalamnya sebagaimana yg dinyatakan: digalinya lubang ~ kira-kira dua metersedalam-dalamnya 1. seberapa dalam yg mungkin: menggali ~ 2. dgn seberapa teliti atau terperinci: perlu difikirkan ~ cadangan yg dikemukakan itu sebelum dibuat sesuatu keputusanberdalam-dalam makin menjadi dalam merebak meluas dsb menjadi-jadi mendalam 1. menjadi dalam atau lebih dalam bkn lubang dsb bertambah dalam: lukanya semakin ~ kerana tidak dirawat dan dibubuh ubat 2. menjadi kukuh dan tidak mudah luput bkn perasaan kepercayaan terhadap sesuatu dll menjadi berat melarat bkn penyakit dll: perasaan cintanya terhadap Bibah semakin ~ kebencian yg ~ tradisi lama di kampungku terlalu ~ 3. sampai ke peringkat yg terperinci bkn kajian dsb luas dan teliti meliputi banyak aspek: kajiannya tentang sastera Melayu kurang ~mendalami memperdalami berusaha utk mengetahui sesuatu dgn lebih luas dan terperinci dgn mempelajari mengkaji menyelidik dsb dgn teliti dan terperinci menjadikan lebih sempurna atau terperinci pengetahuan dsb tentang sesuatu: mereka akan mengkaji lebih banyak buku dan kitab utk ~ pengetahuan mereka tentang agama Islam masing-masing ~ bidang yg diminatinyamendalamkan 1. menjadikan dalam atau lebih dalam perigi lubang dll: beberapa orang pekerja sedang ~ telaga 2.  memperdalam ki menjadikan lebih dalam pelajaran pengetahuan penyelidikan dsb: ia terus bekerja sambil ~ pengetahuannya tentang seni muzik perkembangan profesional memberi fokus kpd intelektualisme iaitu kpd memperdalam dan memperluas bidang pengetahuan dan kemahiran profesiondalaman 1. isi perut 2. yg tersembunyi dan tidak mudah difahami bkn makna ayat kata-kata dsb: kita seharusnya menyelami makna ~ kata-kata yg diucapkannya itu 3. yg berkaitan dgn atau perlu diuruskan dsb oleh sesuatu organisasi itu sendiri struktur ~ Lin dlm tatabahasa generatif gambaran yg diandaikan terdapat dlm struktur sesuatu ayat pd peringkat dasarnya hubungan gramatis atau hubungan logik dijelaskan sebelum struktur ayat tersebut mengalami perubahan kerana peraturan transformasikedalaman 1. perihal dalam budi bahasa pengetahuan pelajaran dll: kedangkalan dan ~ ilmu pengetahuan seseorang 2. ark terlalu dalampedalaman daerah yg jauh dr pantai yg terletak di ceruk pelosok atau di hulu negeri hulu: dia menjadi orang yg paling berpengaruh di daerah ~ penjahat-penjahat sedang bersembunyi di daerah ~pendalaman perihal mendalamkan tindakan proses dll mendalamkan.Kamus Dewan Edisi Keempat[da.lam]  Definisi :1. antara di kalangan: ~ mereka yg bertiga belas itu ada yg bergirang-girang 2. di dalam bukan di luar lingkungan dsb sesuatu: ~ Wilayah Persekutuan ~ bidang mata pelajaran tersebut 3. sambil: ~ kita berharap keadaan akan bertambah baik kita mesti juga beringat-ingat 4. pd waktu tertentu: kita berharap keadaan akan bertambah baik ~ tahun hadapan dia masih ~ pantang lagi ~ idah masa belum boleh berkahwin lain bagi perempuan yg baru menjadi janda ~ negeri dlm lingkungan sesebuah negeri itu sahaja ~ tangan dlm kekuasaan kemampuan milik seseorang sudah tentu dapat atau akan diperoleh ~ dua tengah tiga prb tidak jujur kilat di ~ kilau prb tujuan maksud yg terkandung dlm percakapan atau tingkah laku.Kamus Dewan Edisi Keempat[da.lam]  Definisi :sl istana kawasan istana raja bahasa ~ bahasa yg digunakan di kalangan raja atau golongan istana spt beradu santap dll budak ~ pesuruh raja kedalaman sl istana rumah-rumah dlm kawasan istana bahasa ~ bahasa kehormatan utk raja-raja.Kamus Dewan Edisi Keempat[da.lam]  Definisi :1 bahagian atau ruang di balik bahagian yg di luar: Rumah itu ~nya sangat bersih. 2 kedudukan sesuatu tempat yg terpisah oleh jarak tertentu dr tepi tengah: Semakin ke ~ dia pergi semakin banyak dia menemukan rotan yg baik-baik. 3 batin: Orang itu kelihatan baik tetapi ~nya siapa yg tahu. ~ talian ist 1 keadaan kelengkapan atau peranti komputer di bawah kawalan sistem utama komputer. 2 perihal bolehnya pengguna berinteraksi secara langsung dgn menggunakan komputer. ~ tangan sudah tentu dpt. dalaman 1 isi perut spt hempedal hati paru-paru. 2 berkaitan dgn sesuatu pihak organisasi itu sendiri: urusan ~. pedalaman daerah yg jauh di darat dr pantai atau dr bandar: Padi huma banyak ditanam di ~.Kamus Pelajar Edisi Kedua[da.lam]  Definisi :1 mengenai tentang berkenaan dgn: Dia memang pakar ~ hal itu. 2 selama masa tertentu pd waktu tertentu: ~ masa dua jam lagi ia akan sampai. 3 di kalangan di antara: ~ mereka yg ramai itu ada yg pandai bermain piano. 4 mengalami ditimpa: Para nelayan ~ keadaan susah.Kamus Pelajar Edisi Kedua[da.lam]  Definisi :1 jauh ke bawah dr permukaan: Perigi itu sangat ~. Lukanya agak ~. 2 ki penuh atau berisi ttg ilmu: Beruntunglah orang yg berguru dgn seseorang yg ~ ilmunya. 3 ki hingga ke lubuk hati ttg cinta penderitaan dll: Kasih ibu terhadap anaknya sangat ~. 4 tidak mudah difahami: Yg diperkatakannya itu mempunyai erti yg ~. mendalam 1 bertambah dalam menjadi dalam: Lukanya kian ~ kerana tidak diubati. 2 teliti sempurna luas dll: Pengetahuannya ttg sastera Melayu sungguh ~. 3 lebih melarat penyakit lebih dalam kuat kukuh bkn perasaan: Perasaan bencinya terhadap bangsa asing sungguh ~. mendalami berusaha supaya mengetahui memahami mengerti dgn teliti atau dalam: Beliau ingin ~ bidang pertanian. Dia mencuba ~ hati kawannya itu. mendalamkan 1 menjadikan dalam: Kuli itu sedang ~ parit di tepi jalan. 2 meluaskan atau mengkaji dgn teliti ttg sesuatu ilmu: Dia pergi ke London utk ~ pengetahuannya dlm bidang perubatan. memperdalam 1 menjadikan lebih dalam: Orang-orang kampung bergotong-royong ~ telaga itu. 2 berusaha supaya mengetahui memahami dgn lebih teliti: Dia ~ ilmu yg dipelajarinya itu. kedalaman keadaan dalam dalamnya: Kepekatan karbon dioksida bertambah mengikut ~ tanah. Drpd pertuturannya kita dpt mengetahui ~ ilmu pengetahuannya. pendalaman perbuatan usaha dsb mendalami atau mendalamkan.Kamus Pelajar Edisi Kedua,-,-,-,-,0
meraikan,[me.ra.Öi.kan]  Definisi :menghormati seseorang dgn mengadakan keramaian atau jamuan: Mereka telah mengadakan majlis makan malam utk ~ sahabat mereka yg baru pulang dr Jerman.Kamus Pelajar Edisi Kedua,-,-,rai,"meraikan, keraian",2
demokrasi,[dé.mo.kra.si]  Definisi :démokrasi 1. pemerintahan oleh rakyat atau wakil yg dipilih dlm pilihan raya ~ berparlimen perwakilan pemerintahan demokrasi yg dijalankan secara perwakilan 2. unit politik atau sosial yg pd dasarnya dikuasai oleh semua anggotanya 3. keadaan sosial tanpa perbezaan keistimewaan kelas berdemokrasi mengamalkan atau berasaskan prinsip-prinsip demokrasi mendemokrasikan menjadikan berdemokrasi menjadikan sesuatu berasaskan demokrasi pendemokrasian perihal tindakan proses dsb mendemokrasikan: ~ pilihan raya ~ pendidikan peluang mendapat pendidikan bermutu.Kamus Dewan Edisi Keempat[dé.mo.kra.si]  Definisi :démokrasi pemerintahan negara oleh rakyat menerusi wakil-wakil mereka. ~ berparlimen perwakilan pemerintahan demokrasi yg dijalankan secara perwakilan.Kamus Pelajar Edisi Kedua,-,-,-,-,0
yang,[yang]  Definisi :1. Lin kata penghubung utk menyatakan bahawa kata keterangan berikutnya dipentingkan atau menunjukkan kelainan: rumah ~ besar itu orang ~ sakit itu 2. Lin kata penghubung utk menyatakan bahawa katakata ayat berikutnya ialah penjelasan utk kata-kata sebelumnya: banyak orang ~ ingin bersalam dengannya 3. kata yg digunakan sbg kata penyerta kata yg menentukan kata benda kata sandang: ~ penting bagi kita ialah mengenai dasar ~ kaya sama kaya 4. sl adapun akan: ~ hutang tuan hamba sekati emas itu halallah dunia akhirat 5. bp kata peng-hubung utk menyatakan isi atau huraiankata ayat sebelumnya bahawa: mengertilah cikgu itu ~ pandangan itu bermaksud meminta nasihat Y~ Amat Arif rujukan kehormat utk Ketua Hakim Negara dlm situasi formal spt di mahkamah dsb Y~ Amat Berbahagia rujukan kehormat yg digunakan utk mereka yg bergelar Tun dan Toh Puan Y~ Amat Berhormat rujukan kehormat yg digunakan utk Perdana Menteri Timbalan Perdana Menteri dan Menteri Besar Y~ Amat Mulia rujukan kehormat yg digunakan utk Undang luak di Negeri Sembilan Y~ Arif rujukan kehormat yg digunakan utk Hakim pd situasi yg formal spt di mahkamah dsb Y~ Berbahagia rujukan kehormat yg digunakan utk mereka yg bergelar Tan Sri Puan Sri Datuk Seri Datin Seri Datuk Paduka Datin Paduka Dato Datuk dan Datin yg bukan wakil rakyat Y~ Berhormat rujukan kehormat yg digunakan utk Menteri Timbalan Menteri Yang Dipertua Dewan Negara Yang Dipertua Dewan Rakyat Yang Dipertua Dewan Negeri Ahli Dewan Rakyat Ahli Dewan Negara dan Ahli Dewan Undangan Negeri Y~ Berhormat Mulia rujukan kehormat yg digunakan utk Menteri Timbalan Menteri Yang Dipertua Dewan Negara Yang Dipertua Dewan Rakyat Yang Dipertua Dewan Negeri Ahli Dewan Rakyat Ahli Dewan Negara dan Ahli Dewan Undangan Negeri yg berketurunan raja Y~ Dipertua orang yg dilantik menjadi ketua sesuatu persatuan perkumpulan dll Y~ Dipertua Negeri gelaran utk ketua negeri bagi Melaka Pulau Pinang Sabah dan Sarawak Y~ Dipertuan gelaran utk raja yg memerintah sultan tuanku Y~ di-Pertuan Agong gelaran utk Ketua Negara Malaysia Y~ Maha Kuasa Tuhan Allah Y~ Maha Mulia rujukan kehormat utk sultan atau raja yg memerintah Y~ Mulia rujukan kehormat utk mereka yg bergelar Tengku Raja Syed Engku Ungku dan Datu Y~ Teramat Mulia rujukan kehormat utk keluarga diraja yg terdekat.Kamus Dewan Edisi Keempat[yang]  Definisi : yang-yang dewa beryang-yang membaca mantera memanggil dewa-dewa memuja dewa-dewa: maka tuan puteri pun mengambil gaharu cendana janggi dibakarnya sambil ~ Tuanku Malim Deman pun berangkatlah bersiram di dlm taman itu ~ mengamalkan sekalian ilmu hikmat kayangan tempat kediaman segala dewa keinderaan.Kamus Dewan Edisi Keempat[yang]  Definisi :1 kata utk mengasingkan sesuatu supaya jelas kelainannya: Telur ~ kecil di atas meja itu telur burung. 2 kata utk menentukan sesuatu sbg benda: ~ tinggi itu bangunan Parlimen. 3 kata yg menghubungkan benda dgn penerangnya: Rumah ~ baru dibelinya itu rumah batu. ~ Dipertua orang yg dilantik menjadi ketua sesuatu perkumpulan persatuan dll. ~ Dipertuan gelaran utk raja yg memerintah. ~ Maha Kuasa Tuhan Allah.Kamus Pelajar Edisi Kedua[yang]  Definisi :  yang-yang dewa. beryang-yang memuja dewa-dewa.Kamus Pelajar Edisi Kedua,-,-,-,-,0
di,-,-,-,-,-,0
ini,[i.ni]  Definisi :kata yg digunakan utk menunjuk waktu tempat atau benda yg dekat: Binatang apa ~. sekarang ~ pd masa sekarang petang ~ petang nanti ~ pula istimewa pula lebih-lebih lagi.Kamus Pelajar Edisi Kedua,-,-,-,-,0
moga,[mo.ga]  Definisi : moga-moga semoga mudah-mudahan kiranya hendaknya agar: ia berdoa ~ dipelihara Allah akan anaknya itu bersama-sama dgn ibunya semoga tuan berbahagia.Kamus Dewan Edisi Keempat[mo.ga]  Definisi :Kl benda barang perkara.Kamus Dewan Edisi Keempat[mo.ga]  Definisi : moga-moga semoga mudah-mudahan kiranya hendaknya: ~ Allah memberkati kamu.Kamus Pelajar Edisi Kedua,-,-,-,-,0
ulasan,[u.la.san]  Definisi :sesuatu yg diulas lanjutan sambung-anKamus Dewan Edisi Keempat[u.la.san]  Definisi :huraian tentang sesuatu kupasan tafsiranKamus Dewan Edisi Keempat[u.la.san]  Definisi :sarung bantal dll sampul.Kamus Dewan Edisi Keempat[u.la.san]  Definisi :huraian atau tafsiran ttg sesuatu: ~ buku huraian isi sesebuah buku ~ selari huraian yg dibuat ketika sesuatu peristiwa atau kejadian sedang berlangsung.Kamus Pelajar Edisi Kedua,kata nama,High,ulas,"berulas, mengulas, ulas2, seulas, berulas, ulas3, mengulas, ulasan, pengulasan, pengulas",10
roh,[roh]  Definisi :Ar 1. yg dihembuskan Allah SWT ke dlm badan manusia dan hiduplah ia: semua mendoakan ~nya dirahmati Allah ~ al-Kudus gelaran yg diberikan kpd malaikat Jibrail 2. ki semangat jiwa: hukum yg benar-benar tepat dan sesuai dgn ~ Islam.Kamus Dewan Edisi Keempat[roh]  Definisi :1 makhluk hidup spt malaikat jin yg berperasaan dan berfikiran tetapi tidak berjasad. 2 bahagian batin manusia yg mempunyai perasaan fikiran dll jiwa: ~nya melayang.Kamus Pelajar Edisi Kedua,kata nama,High,roh,-,0
bermakna,[ber.maÖ.na][ber.ma.na]  Definisi :1. mempunyai mengandungi erti bererti ~ berbilang mempunyai mengandungi beberapa erti 2. penuh tujuan bermanfaat penting bererti: pemberian itu sangat ~ bagi kami dia merasakan seolah-olah kehidupannya sudah tidak ~ lagi setelah beberapa kali dikecewakanKamus Dewan Edisi Keempat,kata nama,High,makna,"bermakna, memaknakan",2
negara,[ne.ga.ra]  Definisi :1 kumpulan masyarakat yg mendiami sesuatu kawasan mempunyai kedaulatan politik dan juga jentera pemerintahan: Kepentingan ~ lebih diutamakan drpd kepentingan perseorangan. 2 sesuatu kawasan yg didiami oleh masyarakat tsb: ~ Malaysia. ~ dunia ketiga negara-negara di Afrika Asia dan Amerika Latin secara berkumpulan yg dianggap masih mundur atau sedang membangun. ~ jiran  ~ tetangga negara yg berdekatan. ~ maju negara kaya yg sebahagian besar ekonominya bergantung pd industri dan penduduknya menikmati taraf hidup yg tinggi. ~ matahari terbit negara Jepun. ~ membangun negara yg sedang giat berusaha meningkatkan taraf hidup ekonomi dsb spt Malaysia. ~ perindustrian negara yg kekuatan dan kemajuan ekonominya berteraskan pelbagai industri. kenegaraan segala yg berkaitan dgn negara. negarawan orang yg mahir benar dgn cara-cara pemerintahan negara orang yg memegang tampuk pemerintahan sesebuah negara ahli negara.Kamus Pelajar Edisi Kedua,kata nama,High,negara,-,0
kelak,[ke.la]  Definisi :masa atau hari akan datang kemudian nanti: kalau sudah jadi saudagar ~ tentu aku tak akan hina benar lagi di mata orang ~ kemudian di masa hadapan di akhirat ~ di akhirat nanti.Kamus Dewan Edisi Keempat[ke.la]  Definisi :Jk kelah.Kamus Dewan Edisi Keempat[ke.la]  Definisi : ~-kelik Jk kelip-kelip kedip-kedip.Kamus Dewan Edisi Keempat[ke.la]  Definisi :masa atau hari yg akan datang kemudian nanti: Saya ingin menjadi doktor apabila sampai masanya ~. kemudian ~ masa yg akan datang.Kamus Pelajar Edisi Kedua,adverba,Low,kelak,-,0
ini,[i.ni]  Definisi :kata yg digunakan utk menunjuk waktu tempat atau benda yg dekat: Binatang apa ~. sekarang ~ pd masa sekarang petang ~ petang nanti ~ pula istimewa pula lebih-lebih lagi.Kamus Pelajar Edisi Kedua,-,-,-,-,0
memberi,[mem.be.ri]  Definisi :mengikut apabila ditarik atau ditekan tetapi berbalik kpd bentuknya yg asal apabila dilepaskan menganjal.Kamus Pelajar Edisi Kedua[mem.be.ri]  Definisi :1 menyebabkan seseorang menerima sesuatu: Ia ~ anak-anaknya wang saku. 2 tidak menghalang membenarkan: Emak tidak ~ saya bermain-main di tepi kolam itu. 3 menyebabkan mendapat atau terkena sesuatu: Kita mesti berkelakuan baik dan jangan sekali-kali ~ malu kpd orang tua kita. 4 memasangkan melekatkan dsb sesuatu pd: Alat itu diberi bertangkai.Kamus Pelajar Edisi Kedua,-,-,-,-,0
dan,-,-,-,-,-,0
dapat,[da.pat]  Definisi :1 boleh berupaya melakukan sesuatu sanggup: Saya ~ menyudahkan kerja itu. 2 bp beroleh menerima kena: Saya ~ RM10000- kerana memenangi peraduan itu. 3 bp bertemu dgn apa-apa yg dicari bersua: Penat ia mencari duitnya yg hilang itu tetapi tidak juga ~. 4 bp berjaya bkn apa-apa yg diusahakan atau yg dicita-citakan tercapai berhasil: Akhirnya ~ juga apa yg dicita-citakannya. ~ terpijak memperoleh sesuatu dgn mudah atau dgn tidak perlu berusaha. mendapat 1 menerima beroleh: Adiknya ~ gelaran ratu kebaya. 2 mengalami menemui: Dia selalu ~ kesusahan. mendapati 1 menjumpai menemui: Dia ~ emaknya sedang tidur. 2 mendapat maklumat mengetahui: Doktor ~ banyak penduduk di situ yg menghidap penyakit malaria. 3 memperoleh menemukan. mendapatkan 1 pergi datang bertemu dgn atau mengunjungi: Anak itu berlari-lari ~ ibunya yg baru pulang dr pasar. 2 memperoleh sesuatu utk orang lain: Ani ~ adiknya sebuah buku cerita. 3 berusaha utk mendapat atau utk memperoleh sesuatu: Tumbuh-tumbuhan mempunyai beberapa cara utk ~ makanan. terdapat didapati ada ada: Di belakang rumahnya ~ juga pokok buah-buahan. pendapatan hasil pencarian: Kerana ~nya kecil ia tidak mampu membeli rumah. berpendapatan beroleh atau mempunyai pendapatan: Dia termasuk dlm golongan yg ~ tinggi. pendapat fikiran pandangan anggapan: Pd ~ saya eloklah kita sokong projek pembinaan surau itu. sedapat sebagaimana atau sebanyak yg dpt.Kamus Pelajar Edisi Kedua,-,-,-,-,0
dijayakan,-,-,-,-,-,0
agar,[a.gar]  Definisi :supaya semoga: awak harus bersekolah ~ pandai.Kamus Dewan Edisi Keempat[a.gar]  Definisi :dlm gelaran: Seri ~ Diraja.Kamus Dewan Edisi Keempat[a.gar]  Definisi :supaya: Kalau sakit selalulah makan ubat ~ lekas sembuh.Kamus Pelajar Edisi Kedua[a.gar]  Definisi : agar-agar 1 nama sj lumut laut Eucheuma spp.. 2 kuih yg dibuat drpd agar-agar 1.Kamus Pelajar Edisi Kedua,-,-,-,-,0
sesi,[sé.si]  Definisi :sési 1. tempoh penggal semester atau tahun pengajian di universiti dll: ~ pertama bermula pd bulan Jun 2. suatu jangka masa berlangsungnya atau berlakunya sesuatu aktiviti: ~ temu duga 3. perjumpaan sekumpulan pegawai mahkamah parlimen dsb utk sesuatu tujuan sidang: ~ parlimen.Kamus Dewan Edisi Keempat,kata nama,High,sesi,-,0
manfaat,[man.fa.Öat]  Definisi :1. guna faedah kejadian itu tidak akan memberi ~ kpd sesiapa pun 2. untung laba bermanfaat berguna berfaedah: apa yg di-lakukan mereka memang ~ bagi bangsa memanfaatkan menggunakan sebaik-baiknya utk atau dgn cara yg mendatangkan faedah mendapatkan faedah drpd sesuatu menjadikan bermanfaat berfaedah: tidaklah sukar utk ~ alat-alat ini utk kajian saintifik apa yg menjadi persoalan ialah berapa ramaikah orang yg kebolehan celik hurufnya dimanfaatkan utk membaca kemanfaatan 1. guna faedah manfaat: se-tiap sesuatu yg mendatangkan ~ dgn ke-baikan hendaklah dilindungi dan diusaha-kan 2. kebaikan kegunaan pemanfaatan perihal atau perbuatan memanfaatkan: apa yg berlaku ialah timbulnya penyesuaian dan ~ terhadap unsur-unsur sastera tradisi Islam itu dlm pelbagai unsur yg diserapkan secara berseni.Kamus Dewan Edisi Keempat[man.fa.Öat]  Definisi :1 sesuatu yg mendatangkan kebaikan guna faedah: Apa ~nya jika kamu berdua terus bersanggit sesama sendiri 2 untung laba: ~ dan mudarat untung dan rugi. bermanfaat ada manfaatnya memberi manfaat berguna berfaedah. memanfaatkan mengambil manfaat drpd sesuatu menjadikan sesuatu ada manfaatnya: ~ segala kemudahan yg diberikan.Kamus Pelajar Edisi Kedua,kata nama,High,manfaat,"bermanfaat, memanfaatkan",2
hala,[ha.la]  Definisi :arah tuju: sungainya kecil mengalir ~ ke pantai mereka mempunyai ~ perjalanan yg berlainan tidak tentu ~ tidak berketentuan tidak tentu arah haru-biru berhala berarah menghala menuju mengarah: terbang ~ ke utara menghalakan mengarahkan menujukan: pendekatan ini ~ perhatian pengkaji kpd usaha mencari maklumat tertentu maka dihalakannya panahnya itu ke benua Siam.Kamus Dewan Edisi Keempat[ha.la]  Definisi : ~-kebala Kl bp biarkanlah lupakan lah maafkanlah: ~lah jangan diingat-ingatkan lagi perkara itu.Kamus Dewan Edisi Keempat[ha.la]  Definisi :arah yg dituju aliran sungai tiupan angin dll: Angin bertiup ~nya ke pantai. menghala mengikut hala mengarah menuju: Kapal itu berlayar ~ ke utara. menghalakan menetapkan hala menujukan mengarahkan: Dia ~ tembakan itu kpd musuh.Kamus Pelajar Edisi Kedua,kata nama,High,hala,"berhala, menghala, menghalakan",3
kepada,[ke.pa.da]  Definisi :1. kata utk menyatakan arah ke dipakai sebelum nama orang atau kata pengganti diri pada: mengirim surat ~ orang tuanya 2. terhadap akan: jangan berbuat jahat ~ orang 3. daripada pada: baginda memohon Siantan ~ Betara Majapahit ia penolong ~ Pegawai Daerah.Kamus Dewan Edisi Keempat[ke.pa.da]  Definisi :1 kata sendi nama yg menyatakan sasaran seseorang atau sesuatu: Dia mengirim surat ~ orang tuanya yg tinggal di Ipoh. Adik memberikan makanan itu ~ kucingnya. 2 terhadap akan: Tidak baik berbuat jahat ~ orang.Kamus Pelajar Edisi Kedua,kata tugas,Moderate,kepada,-,0
semua,[se.mua]  Definisi :1. sekalian segala: kalau ada wang ~ boleh dibuat 2.  semuanya kesemuanya sekaliannya: ~ memuji dia 3.  kesemua segenap setiap seluruh: bunga itu merah ~ semua-semuanya segala-galanya.Kamus Dewan Edisi Keempat[se.mua]  Definisi :1 tidak ada yg dikecualikan sekalian segala: ~ orang akan mati. 2  semuanya kesemuanya sekaliannya sekali: Kambing dan lembunya ~ dijual. 3 seluruhnya segala-galanya: Berapa harga ~nyaKamus Pelajar Edisi Kedua,kata tugas,Moderate,semua,-,0
lagi,[la.gi]  Definisi :1 masih berterusan: ketika ~ kecil ketika masih kecil. 2 tambahan kpd yg sedia ada: Ambillah dua ringgit ~ utk perbelanjaan pulang. 3 dan serta: Rumahnya cantik ~ bersih. 4 berulang spt semula: Bacalah surat itu sekali ~. Agaknya ia akan datang ~ hari ini. 5 lebih baik buruk mahal dll: Bunga yg ini ~ cantik. 6 kata yg digunakan utk menegaskan menguatkan kata-kata sebelumnya: Belakang parang ~ kalau diasah nescaya tajam. ~pun  ~ pula tambahan pula. lagi-lagi sentiasa balik-balik: ~ hendak bergaduh tidak pernah aman barang sekejap pun. lagikan bahkan sedangkan: Serangga yg kecil itu ~ dpt membina bukit dgn mengangkut pasir sebutir demi sebutir. selagi 1 selama atau sementara masih: ~ hayat dikandung badan aku tetap setia kpdmu. 2 pd ketika semasa: Waktu tengah malam ~ orang tidur dia duduk termenung di dlm biliknya.Kamus Pelajar Edisi Kedua,kata tugas,Moderate,lagi,"selagi, lagi-lagi, lagikan",3
sewajarnya,[se.wa.jar.nya]  Definisi :1. memang begitu halnya keadaannya dll sebenarnya demikian sememangnya: sbg seorang yg dilahirkan di Negeri Sembilan maka sudah ~ pula saya sentiasa bersimpati dgn perjalanan adat Perpatih di Negeri Sembilan 2. memang begitu sifatnya kudratnya tabiatnya sudah semestinya begitu: pertengkaran antara puak pembangkang dgn puak kerajaan yg berlaku dlm parlimen itu sudah ~ 3. dgn begitu sahaja tidak dibuat-buat dipaksa-paksa dgn sendirinya: jangan dihalang fikiran kanakkanak yg tumbuh dgn ~ 4. sesuai dgn yg seharusnya sebagaimana mestinya sebagaimana patut: kandungan Quran itu harus difahami dgn ~Kamus Dewan Edisi Keempat[se.wa.jar.nya]  Definisi :1 memang demikian halnya atau keadaannya sememangnya: Sudah ~ seseorang isteri menolong suaminya. 2 sudah demikian sifatnya atau kudratnya semestinya begitu: Sikap bermusuh-musuhan antara dua golongan itu memang ~. 3 dgn sendirinya tidak dipaksa-paksa: Fikiran kanak-kanak itu tumbuh dgn ~. 4 sebagaimana seharusnya sebagaimana semestinya: Ayat-ayat suci itu harus ditafsirkan ~ dan jangan dipinda-pinda.Kamus Pelajar Edisi Kedua,adjektif,Moderate,wajar,"sewajar, sewajarnya",2
tuju,[tu.ju]  Definisi :1. arah hala jurusan: ke mana ~nya 2.  tujuan maksud kehendak sasaran setuju 1.  setujuan sama arahnya maksudnya tujuannya dll: dasar perjuangan kita adalah ~ 2.  bersetuju tidak bertentangan pendapat fikiran dll semuafakat sependapat: aku ~ dgn kata-katanya 3.  bersetuju serasi cocok sesuai: jikalau barang suatu perkataan itu dipakai berpatutan dgn tempatnya nescaya sedaplah bunyinya dan ~lah dgn ertinya 4. ark  bersetuju tertarik hati kpd berasa senang akan berkenan: jika tuan ~ ambillah 5.  bersetuju bersetujuan berbetulan dgn bertepatan dgn menyetujui mempersetujui menyatakan bersetuju dgn tidak menentang atau mem-bangkang pendapat dll membenarkan mengiakan: rasa berat hati anakanda hendak ~nya permintaan itu dipersetujuinya menyetujukan mempersetujukan menjadikan setuju mencocokkan mengakurkan menyesuaikan persetujuan 1. pernyataan setuju memperkenankan membenarkan pembenaran pengesahan: pernikahan anaknya tempoh hari tidak mendapat ~nya 2. sesuatu yg telah dipersetujui oleh kedua-dua belah pihak kata sepakat yg dicapai perjanjian: akhirnya mereka mendapat ~ membuka kedai buku dgn modal lima puluh ringgit seorang 3. perihal setuju kecocokan keselarasan kesesuaian menuju 1.  ~ ke  ~ arah ke pergi ke arah ke: maka kedua-dua hulubalang itu berjalanlah ~ gunung itu 2. mengikut arah hala mengabah mengarah menghala: pembuluh ini masuk ~ ke hati 3. membalingkan melontarkan kpd: melempar ~ tampuk 4. menghendaki memaksudkan: engkau yg ditujunya tetapi yg lain yg didapatinya 5. bermaksud utk mencapai bertujuan utk menuntut sesuatu: segala perintah dan hukumnya itu ~ kpd suatu perkara yg besar iaitu kesenangan hati bagi segala rakyatnya juga menujui menuju: tidak lama kemudian sampailah mereka ke negeri yg ditujui menujukan 1. membawa sesuatu arah ke mengarahkan ke mengacukan ke: kapal itu hendak ~ haluannya ke laut 2. mengalamatkan kpd mengarahkan kpd menyampaikan kpd: Radio Malaysia sedang merancang siaran dlm bahasa Perancis yg ditujukan kpd pendengar di Vietnam tertuju 1. kena tuju dituju 2.  ~ kpd diarahkan dialamatkan dimaksudkan dituju-kan kpd: kedua-dua matanya tetap ~ ke muka Muhammad Sani 3. ki tertumpu pd: fikirannya ~ kpd gadis genit itu tujuan 1. arah hala haluan 2. yg dituju maksud matlamat tuntutan: tiap-tiap manusia berusaha utk mencapai ~ ini ~ penderita  pelengkap ~ Id objek dlm ayat penyambut dlm ayat bertujuan 1. mempunyai tujuan ada yg dituju dimaksudkan berhaluan: nampaknya tuan hamba juga ~ hendak ke tempat mereka 2. Id memakai penyambut atau objek ayat dll ketuju ~ di hati a tertarik hati terpikat hati suka b yg disukai yg digemari diketujui ark disukai digemari penuju ~ di hati ketuju di hati.Kamus Dewan Edisi Keempat[tu.ju]  Definisi :jampi mantera dll yg dibaca utk membuat orang jatuh sakit atau mati: ayahanda lepaskanlah ~ ini menuju menggunakan melepaskan tuju pd: ~ orang sampai mati.Kamus Dewan Edisi Keempat[tu.ju]  Definisi :1 arah hala. 2 maksud. menuju 1  ~ ke pergi ke mengarah ke: Kereta itu berjalan dgn lajunya ~ Kuala Lumpur. 3 mengikut arah mengarah menghala. 4 membalingkan atau melemparkan sesuatu ke arah tertentu: Dlm permainan itu bola kecil digunakan utk ~ botol-botol. 5 bermaksud utk: Usaha-usaha itu ~ kpd kemajuan masyarakat Malaysia. menujukan 1 membawa sesuatu ke arah tertentu mengarahkan ke: Ia ~ kapal itu ke Pelabuhan Kelang. 2 mengalamatkan kpd menyampaikan kpd: Bakar ~ surat itu kpd ibunya di kampung. tertuju teracung tertumpu. tujuan 1 arah yg diikut haluan. 2 maksud matlamat: Ia datang ke mari dgn ~ tertentu. bertujuan mempunyai tujuan bermaksud: Kami ~ menjemput saudara pulang ke kampung. setuju 1 serupa maksudnya atau sama arahnya. 2 sesuai cocok: Kain biru itu ~ dgn baju putih ini. bersetuju 1 mempunyai pendapat atau fikiran yg serupa bersependapat: Saya ~ dgn pendapat kakak saya. 2 berasa berkenan atau berasa tertarik kpd: Kalau tuan ~ belilah. menyetujui menyatakan setuju: Ayahnya ~ rancangannya hendak pergi ke luar negara. menyetujukan menjadikan setuju menyesuaikan mencocokkan. persetujuan 1 pernyataan bersetuju pengesahan: Ia sudah mendapat ~ ketuanya utk bercuti panjang. 2 kata sepakat yg telah dicapai antara pihak yg terlibat perjanjian: Kedua-dua belah pihak telah mencapai ~ dlm mesyuarat itu.Kamus Pelajar Edisi Kedua[tu.ju]  Definisi :mantera jampi sihir dll utk membuat orang supaya sakit atau mati: Orang itu mati kerana kena ~. menuju mengenakan atau menggunakan tuju pd.Kamus Pelajar Edisi Kedua,-,-,tuju,"bersetuju, mempersetujui, menyetujukan, mempersetujukan, persetujuan, menuju, menujui, menujukan, tujuan, bertujuan",10
polisi,[po.li.si]  Definisi :rancangan tindakan yg telah dipersetujui secara rasmi sbg asas utk membuat atau melaksanakan sesuatu keputusan dasar ~ kerajaan dasar kerajaan.Kamus Dewan Edisi Keempat[po.li.si]  Definisi :dokumen yg mengandungi kontrak insurans ~ insurans dokumen perjanjian yg mengandungi syarat-syarat perlindungan insurans.Kamus Dewan Edisi Keempat[po.li.si]  Definisi :IB polis kepolisian yg berkaitan dgn polis pd pelbagai aspek kepolisan.Kamus Dewan Edisi Keempat[po.li.si]  Definisi :1  ~ insurans dokumen atau surat perjanjian antara syarikat insurans dgn pengambil insurans yg mengandungi syarat-syarat perlindungan insurans. 2 rancangan tindakan yg disetujui yg menjadi dasar sesebuah pergerakan pertubuhan dll dlm melaksanakan sesuatu keputusan: ~ kerajaan ~ parti politik.Kamus Pelajar Edisi Kedua,-,-,-,-,0
dan,-,-,-,-,-,0
lain-lain,-,-,-,-,-,0
diberikan,-,-,-,-,-,0
pencerahan,[pen.ce.ra.han]  Definisi :perihal perbuatan mencerahkan sesuatuKamus Dewan Edisi Keempat[pen.ce.ra.han]  Definisi :perbuatan atau proses mencerahkan: krim yg dpt membantu ~ kulit.Kamus Pelajar Edisi Kedua,-,-,-,-,0
kerajaan,[ke.ra.ja.an]  Definisi :1. negeri atau negara yg dikepalai oleh raja: ~ Malaysia ~ Arab Saudi 2. pemerintahan negara: ~ Indonesia berparlimen 3. martabat kedudukan raja: setelah nenda hilang ayahanda Badanul menggantikan nenda di atas ~ 4. tanda-tanda alat kebesaran raja: pakaian ~ payung ~ takhta ~ 5. sifat sbg raja: jika tiada diketahuinya tujuh perkara tiada layak ia naik raja dan tiada sempurna ~nya 6. sl naik takhta menjadi raja: jika ia ~ tiada akan sempurna negeri iniKamus Dewan Edisi Keempat[ke.ra.ja.an]  Definisi :1 negeri atau negara yg mempunyai raja sbg kepala pemerintahannya: ~ Arab Saudi. 2 pemerintahan atau pemerintah sesebuah negara: ~ Thailand. 3 naik takhta menjadi raja: Jika ia ~ tiada akan sempurna negeri ini. ~ campuran pemerintahan yg anggota kabinetnya terdiri drpd berbagai-bagai parti bukan drpd satu parti politik. ~ pusat pemerintahan yg bersifat kebangsaan iaitu seluruhnya bukan kerajaan negeri atau bahagian. ~ tempatan 1 pemerintahan pentadbiran di peringkat daerah spt pekan bandar. 2 sistem kerajaan yg meletakkan pentadbiran hal ehwal kerajaan pd pihak berkuasa setempat mis majlis perbandaran dan majlis daerah.Kamus Pelajar Edisi Kedua,kata nama,High,raja,"meraja, merajai, merajakan, kerajaan, berkerajaan",5
isu,[i.su]  Definisi :perkara pokok persoalan: krisis Timur Tengah merupakan ~ penting yg dibincangkan dlm persidangan itu.Kamus Dewan Edisi Keempat[i.su]  Definisi :perkara pokok persoalan.Kamus Pelajar Edisi Kedua,kata nama,High,isu,-,0
semasa,[se.ma.sa]  Definisi :1. sama masa dgn pd ketika yg sama: beliau juga hidup hampir ~ dgn sejarah yg ditulisnya 2. sewaktu pd ketika: ~ Datuk Ujang bergerak ke muka pintu ia keluar perlahan-lahan 3. dr masa zaman yg diperkatakan dr masa yg sama: hal-hal yg menarik perhatian ~Kamus Dewan Edisi Keempat[se.ma.sa]  Definisi :1 pd ketika pd waktu: Dia datang tadi ~ saya tidak ada di rumah. 2 sedang berlaku atau bkn masa kini sekarang: hal ehwal ~.Kamus Pelajar Edisi Kedua,kata nama,High,masa,semasa,1
lagi,[la.gi]  Definisi :1 masih berterusan: ketika ~ kecil ketika masih kecil. 2 tambahan kpd yg sedia ada: Ambillah dua ringgit ~ utk perbelanjaan pulang. 3 dan serta: Rumahnya cantik ~ bersih. 4 berulang spt semula: Bacalah surat itu sekali ~. Agaknya ia akan datang ~ hari ini. 5 lebih baik buruk mahal dll: Bunga yg ini ~ cantik. 6 kata yg digunakan utk menegaskan menguatkan kata-kata sebelumnya: Belakang parang ~ kalau diasah nescaya tajam. ~pun  ~ pula tambahan pula. lagi-lagi sentiasa balik-balik: ~ hendak bergaduh tidak pernah aman barang sekejap pun. lagikan bahkan sedangkan: Serangga yg kecil itu ~ dpt membina bukit dgn mengangkut pasir sebutir demi sebutir. selagi 1 selama atau sementara masih: ~ hayat dikandung badan aku tetap setia kpdmu. 2 pd ketika semasa: Waktu tengah malam ~ orang tidur dia duduk termenung di dlm biliknya.Kamus Pelajar Edisi Kedua,kata tugas,Moderate,lagi,"selagi, lagi-lagi, lagikan",3
serta,[ser.ta]  Definisi :1. turut bersama ikut mengikut: Australia telah menyatakan hasratnya utk ~ dlm persidangan itu jikalau datang kpd had nyawa sekalipun yg pekerjaan tuan hamba ~lah hamba apabila Tuan Raffles datang memukul tanah Jawa maka ia hendaklah ~ bersama-sama dr darat 2.  berserta bersama-sama dgn: maka dipilihnya empat puluh anak peria yg baik-baik dibawanya ~ 3. dan juga juga: Encik Ramli dan Encik Ghani ~ ketua pejabat di kementerian itu tidak datang bekerja 4. sebaik sahaja demi apabila: maka baginda diam pd suatu tempat ~ hari malam maka datanglah biawak terlalu banyak 5. sambil seraya: Benar pula itu kata Datok Raja di Langit ~ memandang kpd Sutan Baginda 6. baharu sahaja sesudah: ~ didengar Ramli ratap sedemikian sekonyong-konyong ia pun berpaling kpd ibunya serta-serta  serta-menyertai berserta bersama-sama dgn mengikut menurut: orang kaya-kaya yg ~ menghantar baginda itu semuanya menjunjung duli jika engkau mati dgn pekerjaan tuanmu aku pun mati ~lah dgn kamu menyertai 1. mengiringi mendampingi mengikuti: setiap pelajaran yg saya berikan itu disertai dgn latihan bantahan mereka kali ini disertai dgn ugutan yang lebih hebat 2. bersama-sama dgn menemani mengawani utk menolong dll: Tuhan ~ orang yang sabar 3. mengikut serta turut bersama: tidakkah ibu bapa mereka melarang mereka ~ tarian itu serta-menyertai turut serta dlm hal orang dll ikut mencampuri menyertakan mempersertakan 1. mem-biarkan menyertai memperikutkan 2. me-ngembarkan bersama surat dll mengirimkan bersama dgn pesertaan perihal berserta penyertaan perbuatan menyertai menyerta-kan: ~ negara-negara anggota dlm ran-cangan-rancangan PBB peserta orang yang mengikut serta dlm sesuatu perkara spt pertandingan pergerakan dll pengambil bahagian: seminar antarabangsa ini dihadiri oleh ~-~ dr Asia Tenggara Australia dan New Zealand penyerta kata ~ Id kata yg menyatakan ketentuan atau ketidaktentuan sesuatu kata nama spt the a danan dlm bahasa Inggeris atau der die dan das dlm bahasa Jerman kata sandang.Kamus Dewan Edisi Keempat[ser.ta]  Definisi :ingin ~ pertandingan tenis itu. 2 mengikut bersama sbg teman atau sbg pembantu mengiringi menemani: Beberapa orang pegawai telah ~nya ke persidangan itu. menyertakan 1 membiarkan menyertai: Encik Ali ~ anak sulungnya dlm rombongan itu. 2 mengirim bersama bkn surat dll. penyertaan perbuatan atau hal menyertai: UDA berusaha mempercepat ~ kaum bumiputera dlm bidang perdagangan dan perindustrian. peserta orang yg ikut serta dlm sesuatu pertandingan dll orang yg mengambil bahagian: Para ~ dr Thailand telah tiba petang semalam. penyerta kata ~ kata spt si sang yg terletak di depan kata-kata tertentu yg digunakan sbg nama timangan utk mengejek utk menghormati dll kata sandang.Kamus Pelajar Edisi Kedua[ser.ta]  Definisi :1 ikut atau turut bersama: Hari itu saya tidak pergi ~ kerana saya sakit gigi. 2  berserta 1 bersama dgn dgn: Perdana Menteri ~ tiga orang pegawai kanan kerajaan telah berlepas ke Bangkok semalam. 3 dan juga dan: Beliau memang baik hati ~ jujur. ~-merta pd ketika itu juga tidak bertangguh-tangguh lagi segera. berserta 1 bersama dgn dgn: Sila tuan hantar borang ini kembali ~ wang langganan majalah tsb. 2 turut melakukan sesuatu: Saya ~ mereka mengusahakan tanah itu. menyertai 1 mengikut serta turut bersama: SayaKamus Pelajar Edisi Kedua,kata tugas,Moderate,serta,"berserta, menyertai, menyertakan, penyertaan, peserta, serta-merta",6
kesedaran,[ke.se.da.ran]  Definisi :perihal keadaan dll sedar akan sesuatu keinsafan ingatan: usaha ini dilakukan atas ~ bahawa manuskrip itu mempunyai nilai yg amat tinggi ~ ingin belajar juga telah timbul sentimen yg demikian memperlihatkan tiadanya ~ nasional dlm dada Abdullah sendiriKamus Dewan Edisi Keempat[ke.se.da.ran]  Definisi :perihal atau rasa sedar keinsafan: ~ politik hal sedar akan keadaan politik.Kamus Pelajar Edisi Kedua,kata kerja,Moderate,sedar,"menyedari, menyedarkan, tersedar, kesedaran, penyedaran, penyedar",6
menurut,[me.nu.rut]  Definisi :1. berjalan dll mengikut jalan garis hala dll yg tertentu tidak menyimpang dr jalan dll yg tertentu: ~ jalan yg benar 2. mencontohi perbuatan orang lain dll meneladan meniru: telah dilihat oleh Cina diturutnya sebab itulah maka Cina gemar makan kangkung sampai sekarang 3. mengikut apa yg disuruh diperintah dll tidak melawan patuh kpd: maka segala orang itu pun semuanya ~ spt kata penghulunya 4. meluluskan permintaan kehendak dll memenuhi syarat ketentuan dll menyam-paikan harapan dll: Balzac tidak akan dapat melahirkan karya-karyanya yg agung itu jika ia ~ kehendak orang tuanya utk bertugas sbg seorang ahli undang-undang 5. mengikut berjalan dll mengekori dr belakang: dia berjalan menuju ruangan yg di sebelah barat bangunan aku ~nya dr belakang 6. spt yg dikhabarkan diberitakan dihebahkan dll sepanjang berita dll: ~ yg diketahui sebanyak satu suku juta ringgit harga saham telah terjual 7. sesuai dgn tidak bertentangan dgn tidak melanggar syarat dll selaras dgn: hari ini ~ pendapat orang alim ialah hari yg baik 8. tidak bersalahan drpd serupa dgn: rupanya ~ rupa neneknya 9. ikut serta melakukan sesuatu dll turut serta: Sultan Mansor Shah pun ~ menyebut nama Hang Tuah itu Laksamana 10. bergantung pd: maju mundurnya dlm pelajarannya ~ kerajinannyaKamus Dewan Edisi Keempat[me.nu.rut]  Definisi :1 mencontoh perbuatan orang lain meniru. 2 patuh atau taat mengikut apa-apa yg diperintahkan: Ia ~ saja apabila disuruh oleh ketuanya. 3 mengikut dr belakang: Dia sentiasa ~ ke mana saja bapanya pergi. 4 spt yg diberitakan atau spt yg dikhabarkan: ~ akhbar tsb lebih drpd dua puluh orang telah tercedera dlm kemalangan itu. 5 tidak menyimpang dr jalan tertentu: Kereta api itu berjalan ~ rel. 6 tidak membantah ttg permintaan kehendak dll: Ia ~ segala kehendaki isterinya.Kamus Pelajar Edisi Kedua,-,-,turut,"berturut-turut, berturutan, menurut, menuruti, menurutkan, memperturutkan, turutan, penurut",8
hantaran,[han.ta.ran]  Definisi :1. sesuatu yg dihantar dikirim kiriman: petani-petani sambilan ini mungkin mendapat ~ drpd anak dan ahli keluarga yg melakukan migrasi 2.  ~ kahwin  wang ~ wang yg dihantar oleh pihak lelaki kpd bakal mentua utk perbelanjaan perkahwinan belanja hangus 3. dlm majlis perkahwinan orang Melayu hadiah berupa makanan pakaian dsb yg dibawa bersama wang hantaran: pihak pengantin lelaki membawa tujuh dulang ~ 4. dlm permainan bola sepak dll tendangan balingan dsb bola ke sesuatu tempat atau kpd pemain lain: ~nya tidak sampai kpd kawannyaKamus Dewan Edisi Keempat[han.ta.ran]  Definisi :1 sesuatu yg dihantar kiriman. 2  wang ~ wang yg dihantar oleh pihak pengantin lelaki kpd pihak pengantin perempuan. 3 barang-barang spt pakaian makanan yg berupa hadiah yg dibawa bersama wang hantaran oleh pihak pengantin lelaki utk pengantin perempuan.Kamus Pelajar Edisi Kedua,-,-,hantar,"berhantar, menghantar, hantar-menghantar, hantaran, penghantaran, penghantar",6
itu,-,-,-,-,-,0
pada,Definisi :1. kata sendi nama yg bererti di: ~ bulan Januari dlm ~ itu sementara sambil itu 2. kata sendi nama yg bererti terhadap: Bang Uda marah tak ~ Ida 3. dalam menurut mengikut: ~ fikirannya ~ hatinya ~ sangkanya 4. buat bagi: ~nya dunia ini bukan tempat mencari kesusahan 5. sl akan untuk: bab ~ menyatakan 6. dari daripada: ~ bercerai mahulah mati ~ jadi Komunis biarlah dia mati.Kamus Dewan Edisi KeempatDefinisi :1. tidak kurang dan tidak lebih cukup: kaum kita hidup ~ dgn sesuap nasi 2. berasa puas senang berasa cukup: hatinya belum ~ asal ada kecil pun ~ prb asalkan ada tidak banyak sedikit pun cukuplah berpada mencukupi: dlm keadaan serba sederhana dan ~ berpada-pada 1. elok-elok cukup tidak berlebih-lebihan: amatlah sukar hendak menentukan sama ada sesuatu perbuatan itu ~ atau melebihi batasan-batasan yg dihadkan 2. agak cukup walaupun tidak banyak lumayan sedang memadai mencukupi dapat mengisi atau memenuhi kehendak peraturan dll: rang undang-undang ini ~lah diluluskan oleh Dewan Rakyat makanan semata-mata tidak ~ memada-memadai membuat seelok-elok cukup sahaja memadakan 1. menjadikan pada menganggap pada: apabila malam dipadakanlah tidur bertikar 2. membiarkan mendiamkan: orang tua mahulah sabar dan ~ kelakuan orang muda 3. menjadikan puas memuaskan: ~ hati terpada tak ~ tidak boleh ditandingi terlalu sangat.Kamus Dewan Edisi KeempatDefinisi :sama-sama ramai-ramai melakukan sesuatu: ibu-ibu itu ~ duduk mengobrol mereka ~ berebut minta makanan burung-burung sudah ~ resah menunggu.Kamus Dewan Edisi KeempatDefinisi :1 kata nama arah yg menunjukkan tempat atau diri seseorang: Buku itu masih ada ~ saya. 2 kata sendi nama yg digunakan utk menunjukkan waktu atau utk menunjukkan kata nama abstrak dlm pembentukan frasa atau ayat: ~ masa ini ~ pendapatnya perkara itu mudah saja. dlm ~ itu sementara itu dlm hal itu. 3 kata sendi nama utk menunjukkan tempat yg terhad: Terdapat tahi lalat ~ pipinya.Kamus Pelajar Edisi KeduaDefinisi :1 tidak kurang dan juga tidak lebih drpd yg patut cukup: Asal ada kecil pun ~. 2 berasa senang kerana sudah sampai hajatnya puas: Dgn harta yg sebanyak itu hatinya masih belum ~ juga. berpada-pada 1 tidak berlebih-lebihan melakukan sesuatu berbuat sesuatu dgn seada-adanya: Buat baik ~ buat jahat jangan sekali. 2 cukup juga walaupun tidak banyak. memadai dpt mengisi atau dpt memenuhi kehendak dll mencukupi: Segelen minyak petrol tidak ~ keperluan utk menghidupkan enjin kapal terbang yg besar. memadakan 1 menjadikan pada menganggap cukup mencukupkan: Dia ~ gajinya yg kecil itu dgn berjimat-jimat. 2 menjadikan puas memuaskan: Dia berbuat begitu utk ~ hatinya.Kamus Pelajar Edisi Kedua,-,-,-,-,0
pertemuan,[per.te.muan]  Definisi :1. perihal bertemu perjumpaan: kenangan beliau kembali kpd ~nya dgn Datuk Bomoh 2. tempat bertemu berkumpul dll: Kuala Lumpur letaknya di ~ Sungai Gombak dgn Sungai Kelang 3. perkumpulan perhimpunan mesyuarat dll: dia mengajak orang-orang yg ada pd ~ itu agar bangkit menentang musuh 4. pergaulan persamaan pendapat dll: aku perlukan engkau dlm soal menghadapi Kadir kita banyak ~ pendapat 5. perjodohan perkahwinan: maka tidaklah syak lagi yg ~ itu sukar berpanjanganKamus Dewan Edisi Keempat[per.te.muan]  Definisi :1 perihal bertemu dgn kawan dll: 2 perjumpaan: Dia masih ingat akan ~nya dgn penghulu kampung itu. 3 tempat bertemu ttg sungai dll: Kuala Lipis letaknya di ~ Sungai Jelai dgn Sungai Lipis.Kamus Pelajar Edisi Kedua,-,-,temu,"bertemu, menemui, menemukan, mempertemukan, pertemuan, penemuan, penemu",7
itu,-,-,-,-,-,0
perdana,[per.da.na]  Definisi :1. yg terutama P~ Menteri ketua menteri sesebuah negara mengepalai jemaah menteri 2. yg mula-mula yg pertama sekali pertunjukan tayangan ~ tayangan filem yg pertama kali 3. sl bendahara.Kamus Dewan Edisi Keempat[per.da.na]  Definisi :1 paling tinggi tarafnya atau pangkatnya: ~ Menteri. 2 yg mula-mula yg pertama: tayangan ~ tayangan bagi pertama kalinya.Kamus Pelajar Edisi Kedua,-,-,-,-,0
turut,[tu.rut]  Definisi :1. pergi bersama: saya ~ ke mana dia pergi 2. bersama-sama melakukan ditimpa dll sesuatu tidak terkecuali drpd sesuatu kejadian perbuatan dll ikut serta: Ahmad yg ~ terbunuh oleh serangan hendap itu baru semalam ditemui mayatnya ~ serta bersama-sama mengikuti melibatkan diri dalam melakukan dll sesuatu 3. patuh kpd undang-undang janji dll taat kpd: sekiranya kamu ~ akan nasihat ini berbahagialah kamu ~ campur mencampuri urusan atau hal orang lain ~ serta ikut serta melakukan sesuatu dll pak ~ orang yg sentiasa mengikut meniru dll orang lain seturut 1. sepanjang yg dihebahkan dicerita-kan dll 2. tidak bersalahan dgn sesuai dgn adat dll selaras dgn 3. langsung selepas sebaik sahaja: Bujal menggeleng kepala ~ dgn keluhannya berturut bersusun mengikut peraturan berikutan dgn teratur tidak ada antara: cari dua angka ganjil yg ~ dgn syarat selisih di antara ganda dua satu angka dgn yg lain itu 48 berturut-turut berturutan 1. tidak ber-antara antara satu dgn lain lepas satu-satu terus-menerus dgn teratur tidak berselang tidak berhentinya beruntun-runtun bersam-bung-sambung: beliau telah kalah dlm tiga pilihan raya kecil kpd parti lawannya secara ~ 2. terus melakukan sesuatu dgn tiada henti-nya bertubi-tubi berulang-ulang: maka meriam pun sudahlah diisi lalu ditembaknya tiga pucuk ~ berturuti Mn dipercayai dan dipakai per-cakapan dll diikuti nasihat dll dipatuhi menurut 1. berjalan dll mengikut jalan garis hala dll yg tertentu tidak menyimpang dr jalan dll yg tertentu: ~ jalan yg benar 2. mencontohi perbuatan orang lain dll meneladan meniru: telah dilihat oleh Cina diturutnya sebab itulah maka Cina gemar makan kangkung sampai sekarang 3. mengikut apa yg disuruh diperintah dll tidak melawan patuh kpd: maka segala orang itu pun semuanya ~ spt kata penghulunya 4. meluluskan permintaan kehendak dll memenuhi syarat ketentuan dll menyam-paikan harapan dll: Balzac tidak akan dapat melahirkan karya-karyanya yg agung itu jika ia ~ kehendak orang tuanya utk bertugas sbg seorang ahli undang-undang 5. mengikut berjalan dll mengekori dr belakang: dia berjalan menuju ruangan yg di sebelah barat bangunan aku ~nya dr belakang 6. spt yg dikhabarkan diberitakan dihebahkan dll sepanjang berita dll: ~ yg diketahui sebanyak satu suku juta ringgit harga saham telah terjual 7. sesuai dgn tidak bertentangan dgn tidak melanggar syarat dll selaras dgn: hari ini ~ pendapat orang alim ialah hari yg baik 8. tidak bersalahan drpd serupa dgn: rupanya ~ rupa neneknya 9. ikut serta melakukan sesuatu dll turut serta: Sultan Mansor Shah pun ~ menyebut nama Hang Tuah itu Laksamana 10. bergantung pd: maju mundurnya dlm pelajarannya ~ kerajinan-nya ~ lagu mengikut irama atau rentak lagu ~ pusingan jam mengikut arah pusingan jarum jam turut-menurut 1. saling menurut ikut-mengikut tidak tentang-menentang 2. ark menurut sahaja fikiran orang dll ikut-ikutan menuruti 1. mengikut dr belakang meng-ekori mengikut: Ismail berganding dgn Lamah berjalan lambat-lambat menuju ke kereta Bibah ~ mereka dr belakang dgn wajah usang 2. tidak menegah melarang meluluskan pem-berian dll memberi: diturutinya sahaja ke-mahuan cahaya matanya yg tunggal itu 3. menurut akan nasihat dll tidak menentang mematuhi: ia ~ kehendak suaminya 4. men-jadikan sesuatu sbg contoh teladan mencontohi: jangan dituruti kerana ia orang yg tidak tahu bahasa menurutkan 1. mengikut berjalan dll di belakang sesuatu mengiringkan: mereka berjalan ~ orang tua mereka 2. tidak mene-gahkan melarangkan mengikut kehendak hati dll melayani memberi: dr satu bandar ke satu bandar yg lain dia berpindah-pindah ~ hati 3. mendasarkan pd menjadikan sbg dasar: kerendahan budi selama ini hanya diperintahi oleh perasaan hati tidak ~ per-timbangan yg adil memperturut sl mengejar dr belakang menghambat: berundurlah mereka balik ke perkhemahannya diperturut oleh tentera Kembayat memperturutkan 1. membiarkan bersama-sama melakukan sesuatu dll membiarkan turut tidak mengecualikan 2. tidak melarang-kan menegahkan mengikuti kemahuan ke-hendak dll mematuhi menurutkan: sekali-kali jangan diperturutkan rasa kecewa yg mungkin menjadikan orang putus asa 3.  memperturut-turutkan melakukan sesuatu berkali-kali mempertubi-tubi: perajurit itu pun segeralah berlari-lari serta menikam dada Tun Tuah diperturut-turutkannya tikaman itu turutan 1.  turut-turutan sesuatu yg diturut dicontohi diikuti dll contoh teladan: maka iaitu patutlah menjadi ~ dan teladan bagi segala orang yg terkemudian 2. yg berturut-turut berikut-ikut 3. yg ikut atau turut bersama orang ~ orang yg turut ikut turut-turutan 1. sesuatu yg diturut contoh teladan turutan 2. selalu menurut kata dll orang lain ikut-ikutan: dia tidak mahu menjadi petani ~ perturutan 1. perihal berturut-turut beruntun-runtun 2. kelanjutan seperturutan sl sama perbuatan kelakuan dll dgn mengikut-ikut orang lain: jika engkau ~ dgn dia engkau pun terbawa-bawa penurut 1. tidak membantah melawan dll suka menurut patuh taat 2. orang yg meng-ikut pengikut.Kamus Dewan Edisi Keempat[tu.rut]  Definisi :1 ikut atau pergi bersama: Saya ~ ke mana-mana saja suami saya pergi. 2 bersama-sama melakukan sesuatu atau bersama-sama ditimpa sesuatu kejadian dsb tidak terkecuali drpd: Ia ~ mati lemas kerana terperangkap dlm kereta yg tenggelam itu. ~ campur bersama mencampuri urusan atau hal orang lain. ~ serta ikut serta melakukan sesuatu. pak ~ orang yg sentiasa mengikut atau meniru orang lain. berturut berikut atau bersusun dgn teratur. berturut-turut 1 lepas satu satu terus-menerus dgn teratur tidak berselang antara satu dgn yg lain: Pasukan itu telah kalah tiga kali ~. 2 terus melakukan sesuatu dgn tidak henti-henti berulang-ulang: Ia menembak musuh ~. menurut 1 mencontoh perbuatan orang lain meniru. 2 patuh atau taat mengikut apa-apa yg diperintahkan: Ia ~ saja apabila disuruh oleh ketuanya. 3 mengikut dr belakang: Dia sentiasa ~ ke mana saja bapanya pergi. 4 spt yg diberitakan atau spt yg dikhabarkan: ~ akhbar tsb lebih drpd dua puluh orang telah tercedera dlm kemalangan itu. 5 tidak menyimpang dr jalan tertentu: Kereta api itu berjalan ~ rel. 6 tidak membantah ttg permintaan kehendak dll: Ia ~ segala kehendaki isterinya. turut-menurut tidak tentang-menentang saling menurut. menuruti mengikut seseorang atau sesuatu dr belakang mengekori. menurutkan mengikut kehendak hati nafsu dsb tidak membantah kehendak hati dsb: ~ hati. memperturutkan 1 menjadikan berturut-turut melakukan sesuatu berkali-kali: Kerana terlalu marah dia ~ pukulannya terhadap orang itu. 2 membiarkan atau membuat supaya bersama-sama melakukan sesuatu membiarkan turut: Ketua Pengarah ~ lima orang pegawainya dlm seminar itu. turutan 1 sesuatu yg diturut teladan. 2 yg berturut-turut atau yg berikut-ikut. 3 yg turut bersama yg menurut: orang ~ orang yg turut bersama. perturutan hal atau keadaan berturut-turut. penurutan perbuatan hal dsb menurut menuruti atau menurutkan. penurut 1 suka mengikut atau suka menurut tidak membantah atau tidak melawan patuh. 2 orang yg menurut pengikut.Kamus Pelajar Edisi Kedua,-,-,turut,"berturut-turut, berturutan, menurut, menuruti, menurutkan, memperturutkan, turutan, penurut",8
ditanya,-,-,-,-,-,0
menteri,[menteri]  Definisi :1. ahli politik drpd parti pemerintah yg mengetuai sesuatu jabatan kerajaan ahli kabinet M~ Besar ketua kerajaan bagi sesebuah negeri yg beraja di Malaysia Ketua M~ ketua kerajaan bagi sesebuah negeri yg tidak beraja di Malaysia Perdana M~ ketua jemaah menteri ketua kabinet 2. sl pegawai tinggi spt penasihat raja dll: maka ialah raja yg mula-mula memperbuat bendahara yg memerintah segala ~ yg di bawah takhta kerajaannya 3.  mantri Id pangkat atau jawatan tertentu ~ cacar tukang cungkil ~ ukur juruukur 4. nama buah catur yg besar nilainya ~ dalam negeri menteri yg mengurus hal-hal dlm negeri ~ luar negeri menteri yg mengurus perhubungan dgn negeri-negeri asing ~ muda timbalan menteri ~ negara Id menteri yg tidak memegang kementerian tetapi diberi tugas yg penting kementerian 1. jabatan kerajaan yg diketuai oleh menteri: K~ Pendidikan 2. bangunan bagi jabatan kerajaan pejabat menteri 3. jawatan menteri.Kamus Dewan Edisi Keempat[menteri]  Definisi :1 ahli pemerintahan yg tertinggi ahli kabinet: ~ Besar ketua kerajaan sesebuah negeri yg beraja di Malaysia Ketua ~ ketua kerajaan sesebuah negeri yg tidak beraja di Malaysia Perdana ~ ketua jemaah menteri ketua kabinet. 2 nama buah catur yg paling berkuasa. kementerian 1 urusan atau jabatan yg dipegang oleh menteri: ~ Kesihatan. 2 pejabat menteri. 3 jawatan menteri.Kamus Pelajar Edisi Kedua,kata nama,High,menteri,kementerian,1
industri,[in.dus.tri]  Definisi :perusahaan biasanya secara besar-besaran utk membuat menghasilkan mengeluarkan barangan: negara itu mempunyai ~ yg maju ~ berat perusahaan yg mengeluarkan barangan atau bahan utk keperluan perusahaan lain ~ kecil dan sederhana perusahaan yg pusing ganti jualan tahunannya tidak melebihi RM25 juta dan jumlah pekerja tidak melebihi 150 orang ~ ringan perusahaan yg memerlukan modal kecil utk mengeluarkan barangan pengguna mengindustrikan menjadikan industri perindustrian perihal industri yg berkaitan dgn industri: negara ~ negara yg kehidupan sebahagian besar drpd penduduknya bergantung pd industri pengindustrian usaha kegiatan proses mendirikan dan memajukan perusahaan.Kamus Dewan Edisi Keempat[in.dus.tri]  Definisi :1 perusahaan secara besar-besaran: negara ~ negara yg mendapat hasil yg banyak drpd industri-industrinya. 2 perusahaan kerajinan tangan atau kerja tangan. perindustrian hal mengenai industri. ~ desa perusahaan yg dilakukan di rumah spt membuat bahan-bahan anyaman tembikar songket.Kamus Pelajar Edisi Kedua,kata nama,High,industri,-,0
minyak,[mi.nya]  Definisi :cairan yg tidak boleh bercampur dgn air diperoleh drpd tumbuh-tumbuhan binatang ataupun lombong lemak yg cair ~ angin sj ubat utk menyembuhkan pening kepala sakit perut dll yg diperbuat drpd campuran beberapa bahan ~ atar sj minyak wangi berasal dr negara Timur Tengah ~ babi cairan lemak babi ~ bakar Id minyak utk menjalankan enjin kapal dll ~ bata minyak yg diperbuat drpd buah suntai boleh dimakan ~ benzin minyak utk menggerakkan jentera dll ~ bumi beberapa jenis minyak yg dilombong dr bumi ~ cat minyak utk mencairkan cat ~ cenduai sj minyak guna-guna utk menarik hati perempuan ~ diesel minyak yg digunakan utk enjin diesel ~ galian minyak bumi ~ gas  ~ tanah minyak yg mudah terbakar dipakai utk lampu dll ~ goreng minyak utk goreng-menggoreng ~ gosok minyak yg digunakan utk mengurut ~ hitam a minyak yg agak pekat utk melicinkan perjalanan enjin b  ~ tar sj minyak yg diperoleh dlm arang batu dan digunakan utk membuat jalan raya mengawet kayu dll ~ ikan minyak drpd lemak ikan paus dsb ~ jarak kelapa zaitun dll minyak yg dibuat drpd buah jarak kelapa zaitun dll ~ kacang minyak yg diperoleh drpd kacang tanah biasanya digunakan dlm masakan produk farmaseutikal sabun dsb ~ kelapa minyak yg diperoleh drpd isi kelapa dan digunakan utk masakan membuat sabun dsb ~ kelung air atau cairan yg keluar dr pipi gajah yg sedang naik berahi ~ kelonyor sj minyak yg harum dan mudah meruap eau de Cologne ~ lincir Id ~  ~ pelicin minyak utk melicinkan perjalanan mesin dll ~ linsid minyak berwarna perang dan mudah terbakar yg diekstrak drpd biji flaks digunakan dlm pembuatan cat dakwat pencetak linoleum varnis dsb ~ masak minyak spt minyak kelapa dan minyak sawit yg digunakan utk memasak atau menggoreng makanan ~ mentah minyak yg dilombong dan belum diolah lagi ~ mineral minyak yg diperoleh drpd penyulingan petroleum yg digunakan sbg pelincir pelembab dan dlm perubatan ~ pati minyak yg diekstrak drpd tumbuhan dan mempunyai bau atau perisa tumbuhan tersebut biasanya digunakan dlm membuat minyak wangi sbg perisa dsb ~ parafin minyak tanah ~ pekat Id salap ~ pelincir minyak utk melicinkan atau melancarkan pergerakan bahagian-bahagian enjin ~ perlu campuran alkohol ester aldehid keton dll yg diekstrak drpd bahagian tumbuhan spt bunga daun atau kayu dan digunakan utk membuat minyak wangi dan perisa makanan ~ petrol minyak utk menjalankan enjin dll ~ rambut minyak utk melicinkan rambut ~ regular  ~ biasa minyak petrol tanpa plumbum yg mempunyai kadar oktana yg rendah ~ sapi  ~ samin sj minyak yg diperbuat drpd susu lembu dll ~ sawit minyak yg diperoleh drpd buah kelapa sawit dan digunakan utk masakan membuat sabun dsb ~ sayur minyak yg diperoleh drpd tumbuhtumbuhan dan digunakan utk memasak membuat majerin dsb ~ super minyak petrol tanpa plumbum yg mempunyai kadar oktana yg tinggi ~ tetap minyak lemak yg tidak meruap yg diperoleh drpd sayur-sayuran atau haiwan dan digunakan utk membuat bahan pelincir sabun dsb ~ wangi  ~ raksi minyak yg berbau harum bau-bauan ~ dgn air adakah bercampur prb orang yg bermusuhan atau yg tidak sehaluan mustahil dapat dicampurkan jadi satu ~ duyung perendang duyung  ~ kita juga yg digo-rengkannya prb seseorang telah berbuat budi atau kebaktian kpd seorang raja atau orang kaya dgn menggunakan kekayaan orang itu sendiri ~ habis sambal tak enak prb kekecewaan dlm perjodohan anak dgn menantu licin kerana ~ berminta elok kerana kain berse-lang prb sindiran utk merendahkan seseorang yg angkuh atau sombong kerana harta atau barang yg dipinjam memasukkan ~ tanah prb menyalakan marah orang menghasut supaya perselisihan makin hebat sesudah arang-arang hendak ~ pula prb sesudah mengotorkan nama orang sekarang hendak bermanis-manis pula dgn orang itu berminyak 1. mengandungi minyak berisi minyak berlemak mengeluarkan minyak: ikan yg ~ mengandungi zat vitamin A dan D 2. memakai minyak: rambutnya kering dan kasar tidak ~ ~ air mukanya ki nampak berseri mukanya kerana gembira dll pandai ~ air ki a pandai berkata-kata utk mencapai sesuatu maksud b pandai berpura-pura bermuka-muka c pandai menggunakan sesuatu yg sebenarnya kurang baik ~ biar lecak  mati-mati ~ biar licin prb tiap-tiap pekerjaan janganlah kepalang biarlah sampai pd akhir kesudahannya ~ tak licin prb alang kepalang tanggung-tanggung meminyaki memberi berminyak membubuh minyak pd melumuri dgn minyak: ia sibuk ~ segala bahagian jentera yg bergerak perminyakan perihal minyak perlombongannya dll sakramen ~ Id sj upacara bersembahyang utk orang yg hampir akan mati Roman Katolik.Kamus Dewan Edisi Keempat[mi.nya]  Definisi : ~ beruk betina putih sj tumbuhan pokok dedali paya Xanthophyllum curtisii rumput ~ sj tumbuhan rumpai Cynodon dactylon rumput ~ sj tumbuhan rumpai rumput sepat Daemonorhops augustifolius rumput ~ sj tumbuhan rumpai Isachne globosa.Kamus Dewan Edisi Keempat[mi.nya]  Definisi :cairan yg diperoleh drpd lemak binatang tumbuh-tumbuhan lombong dll dan tidak akan bercampur dgn air lemak yg cair. ~ angin minyak utk menyembuhkan pening kepala sakit perut dll. ~ babi cairan lemak babi. ~ benzin minyak utk menjalankan jentera. ~ cenduai minyak guna-guna utk memikat hati orang. ~ diesel minyak yg digunakan utk enjin diesel. ~ galian minyak yg diperoleh dr bumi. ~ gas tanah minyak yg mudah terbakar dan digunakan utk lampu dll. ~ goreng minyak yg digunakan utk menggoreng. ~ hitam a. minyak yg agak pekat utk melicinkan perjalanan enjin. b.  ~ tar minyak yg diperoleh drpd arang batu dan digunakan utk membuat jalan. ~ ikan minyak drpd lemak ikan. ~ jarak kelapa zaitun minyak yg didapat drpd buah jarak kelapa zaitun. ~ mineral minyak yg diperoleh drpd penyulingan petroleum yg digunakan sbg pelincir pelembab dan dlm bidang perubatan. ~ parafin minyak tanah. ~ pati minyak yg dikeluarkan diperah dsb dr tumbuhan yg mempunyai bau atau perisa tumbuhan tsb biasanya digunakan dlm membuat minyak wangi sbg perisa dsb. ~ pelicin pelincir minyak utk melicinkan perjalanan mesin jentera dll. ~ petrol minyak utk menjalankan enjin. ~ rambut minyak utk melicinkan rambut. ~ sapi minyak yg dibuat drpd susu lembu. ~ sayur minyak yg diperoleh drpd tumbuh-tumbuhan dan digunakan utk memasak membuat marjerin dsb. berminyak 1 ada minyak pdnya mengeluarkan minyak berlemak: Ikan terubuk yg dipanggang itu ~. 2 memakai minyak: Rambutnya sentiasa ~. meminyaki menyapu atau melumuri dgn minyak memberi berminyak: Minyak itu dicampurkan dgn petrol utk ~ bahagian enjin yg bergerak.Kamus Pelajar Edisi Kedua,kata nama,High,minyak,meminyaki,1
mengenai,[me.nge.na.i]  Definisi :1. kena pd matlamat sasaran dll: maka peluru meriam itu pun datang ~ segala orang Melaka ada yg putus lehernya diparangnya segala tombak itu habis putus-putus sebilah pun tiada ~ dia 2. menyentuh bergesel dgn sesuatu: hendaklah berhati-hati supaya wayar elektrik itu tidak ~ besi itu 3. berkenaan berkaitan berhubungan dgn tentang: dlm buku kecil itu terdapat catatan-catatan penting ~ beberapa perkara mereka mencari suatu penyelesaian ~ masalah tersebut 4. menimpa: penyakit campak ini lebih kerap ~ kanak-kanak drpd orang dewasa 5. Mn bp bersetubuhKamus Dewan Edisi Keempat[me.nge.na.i]  Definisi :1 kena pd yg dituju: Batu yg dihumbankannya ~ kepala orang yg lalu di situ. 2 berkaitan dgn berhubungan dgn bersabit tentang: Mereka mencari suatu penyelesaian ~ perkara tsb.Kamus Pelajar Edisi Kedua,kata kerja,Moderate,kena,"mengena, kena-mengena, mengenai, mengenakan, mengena-ngenakan, terkena",6
maju,[ma.ju]  Definisi :1. bergerak ke muka mara melangkah ke hadapan mengasak ke hadapan tentera dll: guru menyuruh murid-murid yg bertutur itu supaya ~ sedikit tentera Jepun sedang bergerak ~ ke selatan 2. bertambah baik keadaannya dlm pelajaran perniagaan dll: perusahaan Pak Ali kelihatannya ~ bagai-mana hendak ~ kalau engkau malas belajar 3. tinggi tamadunnya peradabannya taraf hidupnya dll: negeri-negeri yg telah ~ spt Jepun patut membantu negeri-negeri lain di Asia yg masih mundur 4. Id lulus dlm peperiksaan ujian: siapa bilang aku ~ dlm ujian itu ~ mundur bertambah baik ataupun buruk maju atau mundur memajukan 1. menyorong menolak menggerakkan ke hadapan: tolong majukan se-dikit tikar itu 2. meninggikan taraf hidup ekonomi dll memperluas memperkembangkan perdagangan perusahaan ilmu pengetahuan dll: kerajaan telah berjanji hendak ~ ekonomi rakyat di pantai Timur segala langkah telah diambil utk ~ perusahaan kelapa sawit di negeri ini 3. menjadikan lebih baik sempurna dll membaiki memperelokkan: ahli fizik bangsa Jerman Planck telah ~ teori kuantum dlm tahun 1910 4. membawa ke tengah bantahan usul permintaan dll utk dipertimbangkan dsb mengemukakan pendapat dsb: setelah diper-setujui oleh jemaah menteri barulah rang undang-undang itu dimajukan ke Parlimen utk dibahaskan tuntutan yg dimajukan oleh kaum buruh ditolak oleh pihak majikan 5. Id membuat supaya lulus dlm peperiksaan meluluskan kemajuan perihal maju taraf hidup dll: ~ yg tercapai dlm masa sepuluh tahun ini dapat dibanggakan ~ material kemajuan yg berkaitan dgn aspek kebendaan spt kemajuan ekonomi ~ rohaniah kemajuan yg berkaitan dgn aspek kerohanian spt etika moral dsb pemajuan perihal atau perbuatan memajukan pemaju orang syarikat dsb yg memajukan membangunkan mengusahakan dsb sesuatu kawasan tanah dsb ~ perumahan orang atau syarikat yg membina rumah kediaman rumah kedai dsb di sesuatu kawasan utk dijual kpd orang ramai.Kamus Dewan Edisi Keempat[ma.ju]  Definisi :1 bergerak atau melangkah ke hadapan mara: Tuan-tuan sekalian dipersilakan ~ sedikit. 2 menjadi lebih baik keadaannya dll bertambah elok bertambah memuaskan: Kedainya makin ~. Dia ~ dlm pelajarannya. memajukan 1 menggerakkan atau menjalankan ke hadapan menyorong ke hadapan memarakan. 2 membuat supaya menjadi maju menjadikan lebih baik atau lebih sempurna memperbaik: Banyak sekali wang yg dikeluarkan utk ~ ilmu pengetahuan dan kesenian. 3 membawa sesuatu usul dll kpd pihak tertentu mengemukakan: Mereka telah ~ tuntutan-tuntutan mereka kpd pihak majikan melalui kesatuan. kemajuan keadaan maju ketinggian taraf dll. pemajuan usaha kegiatan dsb memajukan. pemaju orang pihak dsb yg memajukan: ~ perumahan.Kamus Pelajar Edisi Kedua,adjektif,Moderate,maju,"memajukan, kemajuan, pemaju",3
dan,-,-,-,-,-,0
gas,[gas]  Definisi :1. bahan spt udara bukan cecair dan bukan pepejal 2. gas yg dikeluarkan drpd batu arang dan mudah terbakar kilang ~ kilang yg mengeluarkan gas drpd arang 3. wap minyak benzin petrol lampu ~ lampu yg memakai gas utk nyalanya ~ adi  ~ lengai  ~ nadir Kim kumpulan gas helium neon argon kripton xenon dan radon yg tidak reaktif dan sangat stabil dr segi kimia ~ air mata  ~ pemedih mata gas yg menyebabkan mata pedih dan berair biasanya digunakan utk mengawal rusuhan ~ asli gas yg diperoleh dr kerak bumi ~ ketawa sj gas nitrus oksida yg digunakan sbg ubat pelali ~ petroleum cecair Kim gas butana atau propana yg dicecairkan secara tekanan dan disimpan di dlm tabung gas ~ sahih  ~ tak sempurna Kim gas yg mempunyai saiz tertentu dan terdapat daya tarikan di antara molekul-molekulnya iaitu gas yg tidak menunjukkan sifat gas unggul ~ sempurna  ~ unggul Kim gas hipotesis yg molekulmolekulnya dianggap terlalu kecil bergerak secara rawak dan tidak mempengaruhi satu sama lain.Kamus Dewan Edisi Keempat[gas]  Definisi :1 zat spt udara yg tidak menjadi cair atau beku pd suhu biasa. 2  ~ arang batu zat atau campuran zat yg bersifat spt udara yg mudah terbakar biasanya diperoleh drpd arang batu dan digunakan sbg bahan api. ~ asli jati gas yg wujud bersama enapan petroleum di bawah permukaan bumi. ~ ekzos gas yg keluar dr enjin pembakaran dalam melalui ekzos. ~ lengai gas yg tidak aktif dr segi kimia spt argon dan neon.Kamus Pelajar Edisi Kedua,-,-,-,-,0
yang,[yang]  Definisi :1. Lin kata penghubung utk menyatakan bahawa kata keterangan berikutnya dipentingkan atau menunjukkan kelainan: rumah ~ besar itu orang ~ sakit itu 2. Lin kata penghubung utk menyatakan bahawa katakata ayat berikutnya ialah penjelasan utk kata-kata sebelumnya: banyak orang ~ ingin bersalam dengannya 3. kata yg digunakan sbg kata penyerta kata yg menentukan kata benda kata sandang: ~ penting bagi kita ialah mengenai dasar ~ kaya sama kaya 4. sl adapun akan: ~ hutang tuan hamba sekati emas itu halallah dunia akhirat 5. bp kata peng-hubung utk menyatakan isi atau huraiankata ayat sebelumnya bahawa: mengertilah cikgu itu ~ pandangan itu bermaksud meminta nasihat Y~ Amat Arif rujukan kehormat utk Ketua Hakim Negara dlm situasi formal spt di mahkamah dsb Y~ Amat Berbahagia rujukan kehormat yg digunakan utk mereka yg bergelar Tun dan Toh Puan Y~ Amat Berhormat rujukan kehormat yg digunakan utk Perdana Menteri Timbalan Perdana Menteri dan Menteri Besar Y~ Amat Mulia rujukan kehormat yg digunakan utk Undang luak di Negeri Sembilan Y~ Arif rujukan kehormat yg digunakan utk Hakim pd situasi yg formal spt di mahkamah dsb Y~ Berbahagia rujukan kehormat yg digunakan utk mereka yg bergelar Tan Sri Puan Sri Datuk Seri Datin Seri Datuk Paduka Datin Paduka Dato Datuk dan Datin yg bukan wakil rakyat Y~ Berhormat rujukan kehormat yg digunakan utk Menteri Timbalan Menteri Yang Dipertua Dewan Negara Yang Dipertua Dewan Rakyat Yang Dipertua Dewan Negeri Ahli Dewan Rakyat Ahli Dewan Negara dan Ahli Dewan Undangan Negeri Y~ Berhormat Mulia rujukan kehormat yg digunakan utk Menteri Timbalan Menteri Yang Dipertua Dewan Negara Yang Dipertua Dewan Rakyat Yang Dipertua Dewan Negeri Ahli Dewan Rakyat Ahli Dewan Negara dan Ahli Dewan Undangan Negeri yg berketurunan raja Y~ Dipertua orang yg dilantik menjadi ketua sesuatu persatuan perkumpulan dll Y~ Dipertua Negeri gelaran utk ketua negeri bagi Melaka Pulau Pinang Sabah dan Sarawak Y~ Dipertuan gelaran utk raja yg memerintah sultan tuanku Y~ di-Pertuan Agong gelaran utk Ketua Negara Malaysia Y~ Maha Kuasa Tuhan Allah Y~ Maha Mulia rujukan kehormat utk sultan atau raja yg memerintah Y~ Mulia rujukan kehormat utk mereka yg bergelar Tengku Raja Syed Engku Ungku dan Datu Y~ Teramat Mulia rujukan kehormat utk keluarga diraja yg terdekat.Kamus Dewan Edisi Keempat[yang]  Definisi : yang-yang dewa beryang-yang membaca mantera memanggil dewa-dewa memuja dewa-dewa: maka tuan puteri pun mengambil gaharu cendana janggi dibakarnya sambil ~ Tuanku Malim Deman pun berangkatlah bersiram di dlm taman itu ~ mengamalkan sekalian ilmu hikmat kayangan tempat kediaman segala dewa keinderaan.Kamus Dewan Edisi Keempat[yang]  Definisi :1 kata utk mengasingkan sesuatu supaya jelas kelainannya: Telur ~ kecil di atas meja itu telur burung. 2 kata utk menentukan sesuatu sbg benda: ~ tinggi itu bangunan Parlimen. 3 kata yg menghubungkan benda dgn penerangnya: Rumah ~ baru dibelinya itu rumah batu. ~ Dipertua orang yg dilantik menjadi ketua sesuatu perkumpulan persatuan dll. ~ Dipertuan gelaran utk raja yg memerintah. ~ Maha Kuasa Tuhan Allah.Kamus Pelajar Edisi Kedua[yang]  Definisi :  yang-yang dewa. beryang-yang memuja dewa-dewa.Kamus Pelajar Edisi Kedua,-,-,-,-,0
agar,[a.gar]  Definisi :supaya semoga: awak harus bersekolah ~ pandai.Kamus Dewan Edisi Keempat[a.gar]  Definisi :dlm gelaran: Seri ~ Diraja.Kamus Dewan Edisi Keempat[a.gar]  Definisi :supaya: Kalau sakit selalulah makan ubat ~ lekas sembuh.Kamus Pelajar Edisi Kedua[a.gar]  Definisi : agar-agar 1 nama sj lumut laut Eucheuma spp.. 2 kuih yg dibuat drpd agar-agar 1.Kamus Pelajar Edisi Kedua,-,-,-,-,0
ke,-,-,-,-,-,0
di,-,-,-,-,-,0
negara,[ne.ga.ra]  Definisi :1 kumpulan masyarakat yg mendiami sesuatu kawasan mempunyai kedaulatan politik dan juga jentera pemerintahan: Kepentingan ~ lebih diutamakan drpd kepentingan perseorangan. 2 sesuatu kawasan yg didiami oleh masyarakat tsb: ~ Malaysia. ~ dunia ketiga negara-negara di Afrika Asia dan Amerika Latin secara berkumpulan yg dianggap masih mundur atau sedang membangun. ~ jiran  ~ tetangga negara yg berdekatan. ~ maju negara kaya yg sebahagian besar ekonominya bergantung pd industri dan penduduknya menikmati taraf hidup yg tinggi. ~ matahari terbit negara Jepun. ~ membangun negara yg sedang giat berusaha meningkatkan taraf hidup ekonomi dsb spt Malaysia. ~ perindustrian negara yg kekuatan dan kemajuan ekonominya berteraskan pelbagai industri. kenegaraan segala yg berkaitan dgn negara. negarawan orang yg mahir benar dgn cara-cara pemerintahan negara orang yg memegang tampuk pemerintahan sesebuah negara ahli negara.Kamus Pelajar Edisi Kedua,kata nama,High,negara,-,0
kerjasama,[ker.ja.sa.ma]  Definisi :1. kerja usaha dsb bersama-sama atau saling membantu antara dua atau beberapa pihak gotong-royong: ~ antara semua pihak yg terlibat amat perlu utk menjayakan projek ini 2. sumbangan pelbagai rupa bersifat bantuan tenaga sokongan persefahaman dll dr satu pihak kpd pihak yg lain utk faedah bersama: jabatan itu dapat bergerak dgn licin hanya jika ada ~ dr pihak orang ramai seseorang ketua memerlukan ~ drpd orang-orang bawahannya supaya segala yg diselenggarakan berhasil syarikat ~ syarikat yg dikendalikan bersama oleh ahliahlinya dgn cara saling membantu menyumbang dsb utk faedah bersama bekerjasama bekerja berbuat sesuatu bersama-sama atau dgn cara saling membantu menyumbang dsb bergotong-royong: mereka tidak dapat membuat satu-satu kerja dgn sempurna kalau tidak dgn ~.Kamus Dewan Edisi Keempat[ker.ja.sa.ma]  Definisi :kerja yg dibuat bersama-sama dan dgn tolong-menolong gotong-royong: Jabatan itu berjalan licin kerana ada ~ drpd masyarakat. bekerjasama bekerja bersama-sama dan tolong-menolong bergotong-royong.Kamus Pelajar Edisi Kedua,kata nama,High,kerjasama,bekerjasama,1
pihak,[pi.ha]  Definisi :1. belah sisi: ~ atas ~ bawah ~ kanan ~ kiri 2. arah hala jurusan: beberapa ekor kera yg besar datang dr segenap ~ mengelilinginya 3. salah satu drpd dua kumpulan golongan orang yg berlawanan dlm peperangan permainan politik dll: tidak diketahui ~ mana kawan dan ~ mana lawan 4. termasuk dlm kumpulan golongan yg berlawanan: nanti akan nyata siapa ~ kawan dan siapa ~ lawan 5. hal perkara pd ~ bkn hal ~ berikat  ~ bersekutu negara-negara yg bersekutu dlm perang dunia kedua Amerika Syarikat Inggeris dan Perancis ~ berkuasa golongan atau orang yg mempunyai kuasa pemerintah ~ berkuasa tempatan badan yg bertanggungjawab mentadbir dan mengurus kemudahan awam di sesebuah daerah bandar dsb mis Majlis Perbandaran dan Dewan Bandaraya dsb ~ kedua orang yg kedua yg disebutkan kemudian dlm perjanjian ~ ketiga a orang lain yg tidak serta dlm perjanjian b golongan lain yg tidak berpihak dlm persengketaan peperangan dll ~ pertama kesatu orang yg pertama yg disebutkan dahulu dlm perjanjian ~ sana kumpulan orang dll yg termasuk pihak lawan dll ~ sini kumpulan orang dll yg termasuk pihak kita sepihak sebelah pihak satu sisi pembatalan ~ pembatalan drpd satu pihak sahaja perjanjian dll berpihak memihak menyebelahi salah satu pihak memasuki salah satu kumpulan golongan: dia tidak ~ ke mana-mana ia memujuk saya supaya memihak kepadanya berpihak-pihak berpisah-pisah menjadi beberapa pihak berasing-asing bercerai-cerai memihakkan 1. memasukkan dlm salah satu pihak 2. mencerai-ceraikan menjadi beberapa pihak 3. mengesampingkan menyisikan pemihakan perihal memihak pd sesuatu kumpulan aliran: sumbangan utama al-Ghazali sebenarnya terletak pd ~nya kpd kelompok antifalsafah.Kamus Dewan Edisi Keempat[pi.ha]  Definisi :1 bahagian drpd sesuatu yg di tepi kawasan atau ruang yg berhampiran dgn sesuatu sisi: Ketika menonton itu saya duduk di ~ kanannya. 2 satu drpd dua golongan atau kumpulan orang yg bertentangan pendapat: Kedua-dua belah ~ tidak mahu berdamai. 3 kumpulan orang yg merupakan satu kesatuan golongan orang dlm sesuatu ikatan: ~ kerajaan telah mengambil langkah utk memelihara benih penyu supaya penyu tidak pupus sama sekali. berpihak memihak menyokong atau menyebelahi sesuatu pihak: Dia memujuk saya supaya ~ kpdnya.Kamus Pelajar Edisi Kedua,kata nama,High,pihak,"berpihak, memihak, berpihak-pihak",3
menyokong,[me.nyo.kong]  Definisi :1. menyangga menopang sesuatu supaya jangan rebah atau roboh: beberapa orang ~ dan memapah dia supaya jangan rebah 2. menyatakan persetujuan dan memberi perangsang dgn atau tanpa bantuan kebendaan dll memberi bantuan tenaga wang dll membantu: saya ~ penuh fikiran penulis itu gerila kami ~ pemberontakan merekaKamus Dewan Edisi Keempat[me.nyo.kong]  Definisi :1 menaruh sangga pd sesuatu supaya tidak rebah menyangga menopang. 2 memberikan bantuan baik berupa wang mahupun tenaga dsb membantu: Saya ~ usul saudara tadi.Kamus Pelajar Edisi Kedua,kata nama,High,sokong,"menyokong, sokongan, penyokong",3
tahap,[ta.hap]  Definisi :peringkat tingkat: pemikirannya sudah sampai ke ~ yg begitu tinggi sekarang mereka bolehlah dilatih mengarang ke ~ yg lebih tinggi minyak pelincir yg membawa prestasi enjin ke ~ yg tinggi bertahap ada tahapnya berperingkat bertingkat bertahap-tahap dgn beberapa tahap tahap demi tahap berperingkat-peringkat: projek itu akan dilaksanakan secara ~ dlm tempoh tiga tahun menahapkan membahagikan sesuatu kpd beberapa tahap penahapan perihal proses perbuatan tindakan dsb membahagikan sesuatu kpd beberapa tahap: penggolongan dan ~ sastera dlm tulisan beliau. tahapan Sunda tingkatan pangkat.Kamus Dewan Edisi Keempat[ta.hap]  Definisi :  tahapan had atau takat dlm sesuatu usaha projek dll peringkat tingkat. bertahap bertahap-tahap ada tahapnya berperingkat-peringkat: Pembinaan projek itu ~. menahapkan membahagikan sesuatu kpd beberapa tahap. penahapan proses atau perbuatan menahapkan. setahap 1 satu tahap: Mereka berusaha menguasai teknologi ~ demi ~. Berbekalkan pasukan berpengalaman Belanda tampak ~ lebih baik berbanding pasukan lain. 2 sama tahap dgn: Mereka memang terkenal dan berjaya tetapi jualan album mereka tidaklah ~ yg dicapai penyanyi popular itu.Kamus Pelajar Edisi Kedua,kata nama,High,tahap,bertahap-tahap,1
lebih,[le.bih]  Definisi :1 melampaui had yg biasa bertambah drpd yg dahulu lw kurang: Panjangnya ~ satu meter dan lebarnya kurang sepuluh sentimeter. 2 sesuatu yg tinggal sesudah diambil dll baki sisa: Dia membelanjakan wangnya sepuluh ringgit ~nya disimpan. 3 bertambah semakin: Dia ~ berani berbahas di depan orang ramai sekarang. 4 dlm perbandingan menyatakan sangat .... drpd: Saya ~ senang di sini drpd di sana. ~ kurang kira-kira agak-agak. ~ masa melakukan kerja pd masa luar waktu kerja yg rasmi. lebih-lebih  ~ lagi tambahan pula istimewa pula. berlebih 1 ada bakinya: Takkanlah gaji sebanyak itu tidak ~. 2 banyak sangat: Bilik darjah itu sudah ~ kerusinya. ~ kurang bertolak ansur. berlebih-lebih 1 berlebih banyak: Bekalan yg dikirim terlalu banyak sehingga ~. 2 lebih drpd keadaan yg sebenarnya: Beliau telah menceritakan peristiwa itu dgn ~. berlebihan terlalu atau sangat banyak dll: Membaja pokok secara ~ tidak mendatangkan faedah. melebih berbuat atau berkata lebih drpd yg sebenarnya. melebihi menjadi lebih drpd mengatasi melampaui: Markahnya tidak dpt ~ markah kakaknya. melebihkan 1 menjadikan lebih membanyakkan: Ilmu pengetahuan dpt ditambah dgn ~ pembacaan. 2 menganggap lebih penting atau lebih berguna: Dia ~ ilmu pengetahuan drpd harta benda. melebih-lebihkan menambah-nambah sehingga menjadi lebih drpd yg sebenarnya: Dia pandai ~ perkara yg kecil. terlebih 1 paling lebih pintar kecil mustahak dll: Ahmadlah yg ~ cerdik dlm darjahnya. 2 terlampau banyak dll: Gulai ini ~ garam. lebihan jumlah pendapatan hasil dsb yg lebih banyak drpd yg sepatutnya atau yg lebih drpd yg diperlukan. kelebihan 1 sesuatu yg melebihi kebiasaan keistimewaan: Amin mempunyai ~ yg banyak walaupun kedua-dua belah matanya buta. 2 bilangan yg berlebih atau yg lebih banyak: Joe Frazier menang dlm perlawanan itu dgn mendapat ~ mata. selebih selebihnya baki drpd sesuatu lebihnya.Kamus Pelajar Edisi Kedua,kata nama,High,lebih,"lebih-lebih lagi, berlebih, berlebihan, berlebih-lebihan, melebih, melebih-lebih, melebihi, melebihkan, kelebihan",9
masa,[ma.sa]  Definisi :1. waktu ketika: ~ dan tempat per-undangan itu harus dipersetujui bersama oleh kedua-dua pihak bila-bila ~ 2. jangka waktu yg agak lama ketika sesuatu kejadian dll yg penting berlaku zaman ~ Jepun zaman pendudukan Jepun 3. jangka waktu yg tertentu ada permulaan serta batasnya ~ capaian Komp masa yg diperlukan utk mendapatkan data yg diproses ~ kerja waktu yg ditentukan utk sesuatu pekerjaan separuh ~ pertama kedua waktu permainan bola sepak dll dr permulaan hingga pertengahan dr pertengahan hingga akhir ~ depan hadapan datang zaman yg akan datang ~ karbon zaman lapisan karbon terbentuk dlm tanah ~ kecil ketika masih kecil zaman masih budak-budak ~ kering musim kering ~ lampau waktu yg telah lalu lepas ~ lapang lega waktu senggang ~ peralihan masa berlaku perubahan atau pergantian drpd suatu keadaan kpd keadaan lain ~ Permian Geo zaman selepas zaman karbon ~ rehat waktu utk berehat dr se~ ke se~ dr satu waktu ke waktu lain semasa 1. sama masa dgn pd ketika yg sama: beliau juga hidup hampir ~ dgn sejarah yg ditulisnya 2. sewaktu pd ketika: ~ Datuk Ujang bergerak ke muka pintu ia keluar perlahan-lahan 3. dr masa zaman yg diperkatakan dr masa yg sama: hal-hal yg menarik perhatian ~ semasa-masa sewaktu-waktu pemasaan perihal atau proses menentukan mengatur atau mengawal masa bagi sesuatu operasi dsb: ~ yg tidak betul juga boleh me-nyebabkan salah satu kebuk pembakaran dimasuki pelincir pemasa alat utk mengatur dan mengawal masa operasi sesuatu mesin peranti dsb.Kamus Dewan Edisi Keempat[ma.sa]  Definisi : masakan mana boleh tidak akanlah tidak mungkin: kalau tidak ~ sampai bertahun-tahun ia dapat melakukan per-dagangan gelap kalau cendawan sudi tum-buh ~ bumi tidak terima ~ bodoh a tidak mempedulikan apa-apa bterserah bersikap ~ bodoh tidak mempedulikan atau mengendahkan hal orang lain dll.Kamus Dewan Edisi Keempat[ma.sa]  Definisi :1 hari atau bahagian hari yg tidak ditentukan bila boleh jadi telah lalu sekarang ataupun akan datang ketika waktu: ~ dan tempat mesyuarat itu diadakan tidak disebut. 2 jangka waktu tertentu yg ada awal dan ada akhirnya: ~ kerja ~ sekolah. 3 waktu yg agak lama tempohnya dan ada sesuatu peristiwa penting berlaku zaman: Pd ~ Jepun dahulu saya masih kecil. ~ capaian ist masa yg diperlukan utk mendapatkan data yg diproses. ~ nyata a. masa sebenar berlakunya sesuatu perkara atau peristiwa. b. bkn sistem pemprosesan komputer dlm talian yg menerima dan memproses data secepat mungkin utk menghasilkan aktiviti atau proses berterusan. ~ rosak ist selang atau tempoh masa apabila sesuatu peranti tidak dpt beroperasi disebabkan berlaku kerosakan pd peranti tsb. pemasa alat utk mengukur dan mengawal masa operasi atau masa berjalannya sesuatu mesin peralatan dsb. semasa 1 pd ketika pd waktu: Dia datang tadi ~ saya tidak ada di rumah. 2 sedang berlaku atau bkn masa kini sekarang: hal ehwal ~.Kamus Pelajar Edisi Kedua[ma.sa]  Definisi : masakan mana boleh tidak mungkin mustahil: Dia orang bijak ~ dia tidak mengerti.Kamus Pelajar Edisi Kedua,kata nama,High,masa,semasa,1
hadapan,[ha.da.pan]  Definisi :1. bahagian sebelah muka depan lwn belakang: dia berdiri di ~ saya pintu ~ rumah itu sentiasa terbuka ke ~ a ke depan ke muka b pd permulaan surat bererti kepada: ke ~ sahabatku yg diingati 2. yg akan datang masa zaman ~ masa zaman yg akan datangKamus Dewan Edisi Keempat[ha.da.pan]  Definisi :1 bahagian di sebelah muka depan: Dia berdiri di ~ saya. 2 yg akan datang: masa ~ tahun ~.Kamus Pelajar Edisi Kedua,kata nama,High,hadap,"berhadapan, berhadap-hadapan, menghadap, menghadapi, menghadapkan, terhadap, penghadapan, hadapan",8
bernama,[ber.na.ma]  Definisi :1. memakai nama mempunyai nama: pekannya ~ Simpang Empat 2. mendapat nama masyhur terkenal: penulis yg belum ~Kamus Dewan Edisi Keempat[ber.na.ma]  Definisi :akronim bagi Berita Nasional Malaysia.Kamus Dewan Edisi Keempat[ber.na.ma]  Definisi :1 mempunyai atau memakai nama: Akulah yg ~ Taming Sari. 2 mendapat nama terkenal masyhur: Baginda telah memanggil seluruh tabib yg ~ utk mengubati puterinya.Kamus Pelajar Edisi Kedua,kata nama,High,nama,"bernama, menamai, menamakan, ternama",4
memerlukan,[me.mer.lu.kan]  Definisi :1. menjadikan perlu memestikan mewajibkan: ibu bapa digesa supaya ~ pelajaran bagi anak-anak mereka 2. menghendaki menghajatkan sangat-sangat mahu benar-benar: negara kita ~ banyak lagi doktor dan jurutera 3. membuat sesuatu kerana memikir lebih perlu drpd perkara kerja lainKamus Dewan Edisi Keempat[me.mer.lu.kan]  Definisi :1 menjadikan perlu mewajibkan memestikan: Kita tidak boleh ~ apa-apa yg sunat. Ada orang yg lebih ~ pakaian drpd makanan. 2 menghendaki atau menghajati benar-benar: Negara kita masih ~ sejumlah besar doktor dan jurutera.Kamus Pelajar Edisi Kedua,kata tugas,Moderate,perlu,"memerlukan, keperluan",2
semua,[se.mua]  Definisi :1. sekalian segala: kalau ada wang ~ boleh dibuat 2.  semuanya kesemuanya sekaliannya: ~ memuji dia 3.  kesemua segenap setiap seluruh: bunga itu merah ~ semua-semuanya segala-galanya.Kamus Dewan Edisi Keempat[se.mua]  Definisi :1 tidak ada yg dikecualikan sekalian segala: ~ orang akan mati. 2  semuanya kesemuanya sekaliannya sekali: Kambing dan lembunya ~ dijual. 3 seluruhnya segala-galanya: Berapa harga ~nyaKamus Pelajar Edisi Kedua,kata tugas,Moderate,semua,-,0
saling,[sa.ling]  Definisi :kata yg menunjukkan sesuatu perbuatan dilakukan oleh dua pihak secara berbalas-balasan ~ membantu bantu-membantu ber-tolong bantu kesalingan perihal keadaan sifat dsb ber-balas-balas antara dua pihak: kebersamaan dan ~ ini sentiasa merupakan wajah fungsio-nalisme dlm kehidupan manusia dan jalinan perwatakan suatu karya.Kamus Dewan Edisi Keempat[sa.ling]  Definisi :kata yg menunjukkan perbuatan dll yg berbalas-balasan sama-sama: ~ membantu sama-sama menolong bantu-membantu. menyaling bertindak berbalas-balasan antara satu dgn yg lain. kesalingan perihal atau keadaan berbalas-balas antara dua pihak.Kamus Pelajar Edisi Kedua,kata tugas,Moderate,saling,-,0
untuk,[un.tu]  Definisi :1. ditentukan disediakan bagi merupa-kan bahagian seseorang dll: tanah getah yg lima ekar ini ~mu dan tanah sawah yg dua ekar itu ~ adikmu 2. guna bagi buat: wang ~ membeli makanan ruang ~ bekerja 3. digunakan dipakai sebagai dijadikan supaya menjadi atau dijadikan: ditumbuknya kulit kayu itu halus-halus ~ ubat dibawanya buluh rencong ~ senjata 4. bermaksud hendak: saya terlalu takut ~ lari 5. diberikan dihantar kepada: beliau telah mengirim wang RM50.00 ~ ayahnya 6. melakukan mengerjakan sesuatu supaya supaya dapat: ~ melihat dgn jelas penyimpangan dr segi bentuk ini di bawah ini diturunkan dua rangkap permulaan Syair Sinyor Kosta ~ memahami keadaan yg berlaku sekarang ini perlu dikaji perkembangan-perkem-bangan sebelumnya beruntuk 1. sudah menerima bahagian masing-masing sudah memiliki bahagian masing-masing 2. sudah ditetapkan bahagian masing-masing: pusaka itu belum lagi ~ memperuntukkan menguntukkan menetapkan mencadangkan menyediakan bagi membahagikan atau mengekhaskan bagi sesuatu tujuan keperluan dll: perbelanjaan mengadakan pertandingan itu tahun ini diperuntukkan sebanyak RM60 000 maka kerajaan terpaksa ~ lebih banyak wang utk pertahanan dan keselamatan negara teruntuk 1. sudah ditetapkan sbg bahagian seseorang sesuatu keperluan dll 2. ditetap-kan dikhususkan bagi seseorang peruntukan 1. sesuatu yg telah diuntukkan bahagian atau jumlah wang dll yg ditetapkan ditentukan utk: Dewan Rakyat telah me-luluskan ~ utk membina rumah-rumah pemulihan akhlak 2. syarat atau ketentuan dlm undang-undang dsb: ~ undang-undang utk membataskan poligami.Kamus Dewan Edisi Keempat[un.tu]  Definisi :1 ditentukan atau disediakan bagi dikhaskan bagi: Baju dua helai ini ~ kakakmu. 2 buat guna: tepung ~ membuat kuih. 3 digunakan atau dipakai sbg dijadikan sbg: Dia telah membawa pisau ~ senjata. 4 bermaksud akan hendak: Ia ke bandar ~ membeli kasut. beruntuk sudah mempunyai bahagiannya masing-masing telah ditentukan bahagiannya. menguntukkan menyediakan atau menetapkan bagi: Ayahnya sudah ~ wang tiga ribu ringgit sbg belanja perkahwinannya nanti. peruntukan sesuatu yg diuntukkan bahagian yg disediakan utk sesuatu: ~ sudah dibuat utk membina surau itu.Kamus Pelajar Edisi Kedua,kata tugas,Moderate,untuk,"memperuntukkan, peruntukan",2
lebih,[le.bih]  Definisi :1 melampaui had yg biasa bertambah drpd yg dahulu lw kurang: Panjangnya ~ satu meter dan lebarnya kurang sepuluh sentimeter. 2 sesuatu yg tinggal sesudah diambil dll baki sisa: Dia membelanjakan wangnya sepuluh ringgit ~nya disimpan. 3 bertambah semakin: Dia ~ berani berbahas di depan orang ramai sekarang. 4 dlm perbandingan menyatakan sangat .... drpd: Saya ~ senang di sini drpd di sana. ~ kurang kira-kira agak-agak. ~ masa melakukan kerja pd masa luar waktu kerja yg rasmi. lebih-lebih  ~ lagi tambahan pula istimewa pula. berlebih 1 ada bakinya: Takkanlah gaji sebanyak itu tidak ~. 2 banyak sangat: Bilik darjah itu sudah ~ kerusinya. ~ kurang bertolak ansur. berlebih-lebih 1 berlebih banyak: Bekalan yg dikirim terlalu banyak sehingga ~. 2 lebih drpd keadaan yg sebenarnya: Beliau telah menceritakan peristiwa itu dgn ~. berlebihan terlalu atau sangat banyak dll: Membaja pokok secara ~ tidak mendatangkan faedah. melebih berbuat atau berkata lebih drpd yg sebenarnya. melebihi menjadi lebih drpd mengatasi melampaui: Markahnya tidak dpt ~ markah kakaknya. melebihkan 1 menjadikan lebih membanyakkan: Ilmu pengetahuan dpt ditambah dgn ~ pembacaan. 2 menganggap lebih penting atau lebih berguna: Dia ~ ilmu pengetahuan drpd harta benda. melebih-lebihkan menambah-nambah sehingga menjadi lebih drpd yg sebenarnya: Dia pandai ~ perkara yg kecil. terlebih 1 paling lebih pintar kecil mustahak dll: Ahmadlah yg ~ cerdik dlm darjahnya. 2 terlampau banyak dll: Gulai ini ~ garam. lebihan jumlah pendapatan hasil dsb yg lebih banyak drpd yg sepatutnya atau yg lebih drpd yg diperlukan. kelebihan 1 sesuatu yg melebihi kebiasaan keistimewaan: Amin mempunyai ~ yg banyak walaupun kedua-dua belah matanya buta. 2 bilangan yg berlebih atau yg lebih banyak: Joe Frazier menang dlm perlawanan itu dgn mendapat ~ mata. selebih selebihnya baki drpd sesuatu lebihnya.Kamus Pelajar Edisi Kedua,kata tugas,Moderate,lebih,"lebih-lebih lagi, berlebih, berlebihan, berlebih-lebihan, melebih, melebih-lebih, melebihi, melebihkan, kelebihan",9
lagi,[la.gi]  Definisi :1 masih berterusan: ketika ~ kecil ketika masih kecil. 2 tambahan kpd yg sedia ada: Ambillah dua ringgit ~ utk perbelanjaan pulang. 3 dan serta: Rumahnya cantik ~ bersih. 4 berulang spt semula: Bacalah surat itu sekali ~. Agaknya ia akan datang ~ hari ini. 5 lebih baik buruk mahal dll: Bunga yg ini ~ cantik. 6 kata yg digunakan utk menegaskan menguatkan kata-kata sebelumnya: Belakang parang ~ kalau diasah nescaya tajam. ~pun  ~ pula tambahan pula. lagi-lagi sentiasa balik-balik: ~ hendak bergaduh tidak pernah aman barang sekejap pun. lagikan bahkan sedangkan: Serangga yg kecil itu ~ dpt membina bukit dgn mengangkut pasir sebutir demi sebutir. selagi 1 selama atau sementara masih: ~ hayat dikandung badan aku tetap setia kpdmu. 2 pd ketika semasa: Waktu tengah malam ~ orang tidur dia duduk termenung di dlm biliknya.Kamus Pelajar Edisi Kedua,kata tugas,Moderate,lagi,"selagi, lagi-lagi, lagikan",3
berkembang,[ber.kem.bang]  Definisi :1. kembang terbuka atau terbentang: payung ubur-ubur ~ dibawa dlm perarakan 2. menjadi makin sempurna luas maju dsb menjadi makin tersebar meluas: fikiran dan pandangan Bidin mulai ~ dan maju agama Islam ~ dgn pesatnya setelah Mekah dikuasai oleh NabiKamus Dewan Edisi Keempat[ber.kem.bang]  Definisi :1 terbuka atau terbentnag: Payung ubur-ubur ~ dibawa dlm perarakan itu. 2 tersebar atau tersiar dgn luasnya bkn agama dll: Agama Islam telah ~ ke seluruh dunia.Kamus Pelajar Edisi Kedua,kata kerja,Moderate,kembang,"berkembang, mengembangkan, memperkembangkan, perkembangan, pengembangan",5
maju,[ma.ju]  Definisi :1. bergerak ke muka mara melangkah ke hadapan mengasak ke hadapan tentera dll: guru menyuruh murid-murid yg bertutur itu supaya ~ sedikit tentera Jepun sedang bergerak ~ ke selatan 2. bertambah baik keadaannya dlm pelajaran perniagaan dll: perusahaan Pak Ali kelihatannya ~ bagai-mana hendak ~ kalau engkau malas belajar 3. tinggi tamadunnya peradabannya taraf hidupnya dll: negeri-negeri yg telah ~ spt Jepun patut membantu negeri-negeri lain di Asia yg masih mundur 4. Id lulus dlm peperiksaan ujian: siapa bilang aku ~ dlm ujian itu ~ mundur bertambah baik ataupun buruk maju atau mundur memajukan 1. menyorong menolak menggerakkan ke hadapan: tolong majukan se-dikit tikar itu 2. meninggikan taraf hidup ekonomi dll memperluas memperkembangkan perdagangan perusahaan ilmu pengetahuan dll: kerajaan telah berjanji hendak ~ ekonomi rakyat di pantai Timur segala langkah telah diambil utk ~ perusahaan kelapa sawit di negeri ini 3. menjadikan lebih baik sempurna dll membaiki memperelokkan: ahli fizik bangsa Jerman Planck telah ~ teori kuantum dlm tahun 1910 4. membawa ke tengah bantahan usul permintaan dll utk dipertimbangkan dsb mengemukakan pendapat dsb: setelah diper-setujui oleh jemaah menteri barulah rang undang-undang itu dimajukan ke Parlimen utk dibahaskan tuntutan yg dimajukan oleh kaum buruh ditolak oleh pihak majikan 5. Id membuat supaya lulus dlm peperiksaan meluluskan kemajuan perihal maju taraf hidup dll: ~ yg tercapai dlm masa sepuluh tahun ini dapat dibanggakan ~ material kemajuan yg berkaitan dgn aspek kebendaan spt kemajuan ekonomi ~ rohaniah kemajuan yg berkaitan dgn aspek kerohanian spt etika moral dsb pemajuan perihal atau perbuatan memajukan pemaju orang syarikat dsb yg memajukan membangunkan mengusahakan dsb sesuatu kawasan tanah dsb ~ perumahan orang atau syarikat yg membina rumah kediaman rumah kedai dsb di sesuatu kawasan utk dijual kpd orang ramai.Kamus Dewan Edisi Keempat[ma.ju]  Definisi :1 bergerak atau melangkah ke hadapan mara: Tuan-tuan sekalian dipersilakan ~ sedikit. 2 menjadi lebih baik keadaannya dll bertambah elok bertambah memuaskan: Kedainya makin ~. Dia ~ dlm pelajarannya. memajukan 1 menggerakkan atau menjalankan ke hadapan menyorong ke hadapan memarakan. 2 membuat supaya menjadi maju menjadikan lebih baik atau lebih sempurna memperbaik: Banyak sekali wang yg dikeluarkan utk ~ ilmu pengetahuan dan kesenian. 3 membawa sesuatu usul dll kpd pihak tertentu mengemukakan: Mereka telah ~ tuntutan-tuntutan mereka kpd pihak majikan melalui kesatuan. kemajuan keadaan maju ketinggian taraf dll. pemajuan usaha kegiatan dsb memajukan. pemaju orang pihak dsb yg memajukan: ~ perumahan.Kamus Pelajar Edisi Kedua,kata kerja,Moderate,maju,"memajukan, kemajuan, pemaju",3
