words,definition,pos_tag,freq_of_use
sepanjang,[se.pan.jang]  Definisi :1. sejauh mengikut panjang: matanya menyelusur ke ~ tembok itu ia pun menyuruh membuat kubu ~ sungai itu 2. segenap waktu selama seluruh: ~ perjalanan itu mereka terus berbual-bual ia memandang muka kawannya yg ~ masa tunduk sahaja ~ tahun selama setahun penuh 3. mengikut pada: ~ pengetahuan saya penyakit ini tiada namanya dlm bahasa Melayu ~ yg ketahui oleh merekaKamus Dewan Edisi Keempat[se.pan.jang]  Definisi :1 tempat mengikut panjang sesuatu benda sejauh: Raja Haji memerintah rakyatnya membuat kubu di ~ pantai. 2 dr awal hingga ke akhir tidak terputus masanya segenap: Sesiapa yg berbuat jasa mulia namanya ~ masa. 3 menurut apa-apa yg ada pd berdasar pd: ~ pengetahuanku mereka tidak pernah datang ke sini.Kamus Pelajar Edisi Kedua,adjektif,Moderate
kemakmuran,[ke.maÖmu.ran][ke.ma.mu.ran]  Definisi :perihal makmur mewah serba cukup sejahtera dll: ~ sesebuah negeri bergantung terutama sekali pd kerajinan penduduk-penduduk negeri ituKamus Dewan Edisi Keempat[ke.maÖmu.ran][ke.ma.mu.ran]  Definisi :keadaan makmur: ~ sesebuah negeri bergantung pd kerajinan penduduk-penduduknya sendiri.Kamus Pelajar Edisi Kedua,adjektif,Moderate
berpanjangan,[ber.pan.ja.ngan]  Definisi :berlanjut-lanjut berlanjutan tidak berkeputusan berterus-terusan: inginkah saudara soal ini diusut berpanjang-panjangan kemesraan yg ~Kamus Dewan Edisi Keempat[ber.pan.ja.ngan]  Definisi :berlaku terus-menerus tidak ada sudahnya berterusan: Pergaduhan antara dua kumpulan orang Cina itu berlaku ~.Kamus Pelajar Edisi Kedua,adjektif,Moderate
perdana,[per.da.na]  Definisi :1. yg terutama P~ Menteri ketua menteri sesebuah negara mengepalai jemaah menteri 2. yg mula-mula yg pertama sekali pertunjukan tayangan ~ tayangan filem yg pertama kali 3. sl bendahara.Kamus Dewan Edisi Keempat[per.da.na]  Definisi :1 paling tinggi tarafnya atau pangkatnya: ~ Menteri. 2 yg mula-mula yg pertama: tayangan ~ tayangan bagi pertama kalinya.Kamus Pelajar Edisi Kedua,-,-
datuk,[da.tu]  Definisi :1. bapa kpd ayah atau ibu seseorang 2. panggilan oleh seseorang terhadap bapa kpd ayahnya ibunya atau terhadap seseorang lain yg sedemikian tuanya aki kakek ~ nenek nenek moyang leluhur 3. ark panggilan orang ramai kpd anggota polis atau panggilan mata-mata kpd pegawai atasannya 4. Mn penghulu adat 5. hantu puaka penunggu sesuatu tempat: ~ di pokok itu kononnya selalu mengganggu orang-orang yg lalu di situ 6. topekong berhala atau dewa kpd orang Cina yg mempunyai kepercayaan tertentu rumah ~ rumah berhala 7. bp sebutan bagi harimau ~ betina sl ketua dayang-dayang dlm istana ~ kayu ark pegawai dan kakitangan jabatan hutan mendatukkan menjadikan memanggil datuk: Tok Embong dituankan oleh orang-orang suruhannya diayahkan oleh peringkat anak-anak dan didatukkan oleh peringkat cucunya.Kamus Dewan Edisi Keempat[da.tu]  Definisi :1. gelaran kehormat kpd orang yg berpangkat atau bermartabat tinggi yg biasanya menjadi pembesar negeri: ~ Bendahara ~ Paduka Raja ~ Panglima ~ Temenggung 2. gelaran kehormat di Malaysia yg dianugerahkan oleh Yang di-Pertuan Agong Yang Dipertua Negeri Melaka Yang Dipertua Negeri Sarawak dan Yang Dipertua Negeri Sabah kpd orang yg telah dianugerahi pingat tertentu sbg penghargaan terhadap jasa atau khidmatnya kpd negara ~ Bandar ketua pentadbiran sesebuah bandar raya ~ Patinggi gelaran kehormat yg dianugerahkan oleh Yang Dipertua Negeri Sarawak kpd orang yg telah dianugerahi pingat tertentu ~ Seri gelaran kehormat yg dianugerahkan oleh Yang Dipertua Negeri Melaka kpd orang yg telah dianugerahi pingat tertentu.Kamus Dewan Edisi Keempat[da.tu]  Definisi :1 bapa kpd ayah atau ibu sendiri. 2 panggilan utk bapa kpd ayah atau ibu sendiri panggilan utk orang lelaki yg lebih kurang sebaya dgn datuk 1. mendatukkan memanggil seseorang datuk.Kamus Pelajar Edisi Kedua[da.tu]  Definisi :1 gelaran kehormatan yg dianugerahkan oleh Ketua Negara atau Ketua Negeri kpd orang-orang tertentu kerana menghormati jasanya dll: Antara tetamu yg hadir termasuklah ~ Hussein Onn dan isterinya Datin Suhaila. 2 gelaran kehormatan yg diberikan kpd orang-orang yg berpangkat: ~ Bandar ~ Bendahara ~ Panglima.Kamus Pelajar Edisi Kedua,-,-
anwar,-,-,-
ibrahim,-,-,-
madani,[ma.da.ni]  Definisi :Ar maju dr segi pemikiran kerohanian dan kebendaan bkn masyarakat generasi dsb: usaha utk membentuk masyarakat ~ dgn menyemaikan nilai-nilai murni keke-luargaan kurikulum itu juga terarah kpd pembinaan masyarakat ~.Kamus Dewan Edisi Keempat[ma.da.ni]  Definisi :maju dr segi pemikiran kerohanian dan kebendaan bkn masyarakat generasi dsb: Usaha utk membentuk masyarakat ~ dgn menyemai nilai-nilai murni kekeluargaan.Kamus Pelajar Edisi Kedua,-,-
melaksanakan,[me.la.sa.na.kan]  Definisi :1. sl membandingkan dgn mengumpamakan sbg menyamakan: tidak dapat dilaksanakan bulan dan matahari 2. menjalankan tugas rancangan dll mengerjakan menyelesaikan sesuatu tugas dll: akhirnya kami berjaya ~ tugas yg berat iniKamus Dewan Edisi Keempat[me.la.sa.na.kan]  Definisi :1 membandingkan dgn mengumpamakan. 2 menjalankan tugas rancangan dll melakukan: Beta percaya bahawa Laksamana dan Sang Setia dpt ~ pekerjaan ini.Kamus Pelajar Edisi Kedua,-,-
pelbagai,[pel.ba.gai]  Definisi :bagai.Kamus Dewan Edisi Keempat[pel.ba.gai]  Definisi :berbagai-bagai beberapa jenis: tarian Timur lebih ditekankan kpd perasaan sedangkan tarian Barat berpusat pd mutu dinamik ~ tarian ituKamus Dewan Edisi Keempat[pel.ba.gai]  Definisi :berbagai-bagai.Kamus Pelajar Edisi Kedua[pel.ba.gai]  Definisi :banyak jenisnya atau banyak macamnya berbagai-bagai berjenis-jenis bermacam-macam: Taman itu penuh dgn ~ jenis bunga. mempelbagaikan menjadikan banyak jenisnya atau macamnya menjadikan berbagai-bagai. kepelbagaian perihal keadaan pelbagai atau berbagai-bagai.Kamus Pelajar Edisi Kedua,-,-
strategik,[stra.té.gik]  Definisi :stratégik 1. berdasarkan strategi: letaknya ~ dan hanya dapat dicapai drpd tiga jurusan 2. bp baik elok letaknya.Kamus Dewan Edisi Keempat,-,-
melonjakkan,[me.lon.ja.kan]  Definisi :menjadikan menyebabkan melonjakKamus Dewan Edisi Keempat,-,-
ekonomi,[é.ko.no.mi]  Definisi :ékonomi 1. ilmu bkn pengeluaran pengagihan penggunaan barang-barang dan perkhidmatan: beberapa orang penuntut ~ sedang membantu Kementerian Buruh menyelidiki keadaan pengangguran sekarang ini ahli ~ orang yg pakar dlm bidang ekonomi 2. sistem pengeKamus Dewan Edisi Keempat[é.ko.no.mi]  Definisi :ékonomi 1 ilmu ttg asas-asas pengeluaran pembahagian penggunaan barang-barang dan perkhidmatan serta masalah-masalah kewangan kemasyarakatan dll yg bersangkutan dgnnya. 2 keadaan kekayaan atau kebendaan sesebuah negara dll: Kedudukan ~ negara semakin kukuh. 3 urusan ttg perkara-perkara rumah tangga spt perbelanjaan penggunaan barang-barang. 4 tidak boros hemat. ~ campuran sistem ekonomi yg sebahagian sumbernya dikawal oleh sektor awam dan sebahagian lagi dikawal oleh sektor swasta. ~ terbuka ekonomi yg melibatkan perdagangan sesebuah negara dgn negara yg lain. ~ tertutup ekonomi yg tidak melibatkan perdagangan antarabangsa iaitu tidak wujud aktiviti import dan eksport barangan atau bahan pengeluaran. berekonomi 1 menjalankan sesuatu usaha menurut ilmu ekonomi. 2 bercermat atau berhati-hati dlm menggunakan wang berhemat. mengekonomikan membelanjakan wang dgn hati-hati menghematkan: Utk tujuan ini beliau telah ~ segala perbelanjaan seberapa yg dpt. perekonomian hal-hal atau kegiatan-kegiatan ekonomi.Kamus Pelajar Edisi Kedua,-,-
bagi,[ba.gi]  Definisi :apa-apa yg telah ditentukan untuk: Ayah telah memberikan wang kpd saya ~ membeli buku.Kamus Pelajar Edisi Kedua[ba.gi]  Definisi : membagi menyebabkan seseorang menerima sesuatu memberi. membagikan menyerahkan sesuatu kpd memberikan: Siapa yg ~ wang itu kpd kamuKamus Pelajar Edisi Kedua,-,-
melimpahkan,[me.lim.pah.kan]  Definisi :1. menjadikan melimpah menumpahkan: isi padu air yg dilimpahkan oleh penyumbat itu sama dgn isi padu penyumbat juga ~ air mata 2. mengeluarkan banyak-banyak mencurahkan banyakbanyak: ~ kasih sayang ~ perhatian kpd perkembangan pemakaian bahasa Kebangsaan 3. memberikan banyak-banyak mengurniakan banyak-banyak menghadiahkan banyak-banyak: Tuhan yg ~ rahmat kpd hamba-Nya yg berusaha dan sabarKamus Dewan Edisi Keempat[me.lim.pah.kan]  Definisi :1 menjadikan melimpah menumpahkan. 2 mengeluarkan banyak-banyak mencurahkan: Emaknya selalu ~ air mata. 3 mengurniakan sesuatu dgn banyak: Tuhan telah ~ rezeki kpdnya.Kamus Pelajar Edisi Kedua,-,-
yang,[yang]  Definisi :1. Lin kata penghubung utk menyatakan bahawa kata keterangan berikutnya dipentingkan atau menunjukkan kelainan: rumah ~ besar itu orang ~ sakit itu 2. Lin kata penghubung utk menyatakan bahawa katakata ayat berikutnya ialah penjelasan utk kata-kata sebelumnya: banyak orang ~ ingin bersalam dengannya 3. kata yg digunakan sbg kata penyerta kata yg menentukan kata benda kata sandang: ~ penting bagi kita ialah mengenai dasar ~ kaya sama kaya 4. sl adapun akan: ~ hutang tuan hamba sekati emas itu halallah dunia akhirat 5. bp kata peng-hubung utk menyatakan isi atau huraiankata ayat sebelumnya bahawa: mengertilah cikgu itu ~ pandangan itu bermaksud meminta nasihat Y~ Amat Arif rujukan kehormat utk Ketua Hakim Negara dlm situasi formal spt di mahkamah dsb Y~ Amat Berbahagia rujukan kehormat yg digunakan utk mereka yg bergelar Tun dan Toh Puan Y~ Amat Berhormat rujukan kehormat yg digunakan utk Perdana Menteri Timbalan Perdana Menteri dan Menteri Besar Y~ Amat Mulia rujukan kehormat yg digunakan utk Undang luak di Negeri Sembilan Y~ Arif rujukan kehormat yg digunakan utk Hakim pd situasi yg formal spt di mahkamah dsb Y~ Berbahagia rujukan kehormat yg digunakan utk mereka yg bergelar Tan Sri Puan Sri Datuk Seri Datin Seri Datuk Paduka Datin Paduka Dato Datuk dan Datin yg bukan wakil rakyat Y~ Berhormat rujukan kehormat yg digunakan utk Menteri Timbalan Menteri Yang Dipertua Dewan Negara Yang Dipertua Dewan Rakyat Yang Dipertua Dewan Negeri Ahli Dewan Rakyat Ahli Dewan Negara dan Ahli Dewan Undangan Negeri Y~ Berhormat Mulia rujukan kehormat yg digunakan utk Menteri Timbalan Menteri Yang Dipertua Dewan Negara Yang Dipertua Dewan Rakyat Yang Dipertua Dewan Negeri Ahli Dewan Rakyat Ahli Dewan Negara dan Ahli Dewan Undangan Negeri yg berketurunan raja Y~ Dipertua orang yg dilantik menjadi ketua sesuatu persatuan perkumpulan dll Y~ Dipertua Negeri gelaran utk ketua negeri bagi Melaka Pulau Pinang Sabah dan Sarawak Y~ Dipertuan gelaran utk raja yg memerintah sultan tuanku Y~ di-Pertuan Agong gelaran utk Ketua Negara Malaysia Y~ Maha Kuasa Tuhan Allah Y~ Maha Mulia rujukan kehormat utk sultan atau raja yg memerintah Y~ Mulia rujukan kehormat utk mereka yg bergelar Tengku Raja Syed Engku Ungku dan Datu Y~ Teramat Mulia rujukan kehormat utk keluarga diraja yg terdekat.Kamus Dewan Edisi Keempat[yang]  Definisi : yang-yang dewa beryang-yang membaca mantera memanggil dewa-dewa memuja dewa-dewa: maka tuan puteri pun mengambil gaharu cendana janggi dibakarnya sambil ~ Tuanku Malim Deman pun berangkatlah bersiram di dlm taman itu ~ mengamalkan sekalian ilmu hikmat kayangan tempat kediaman segala dewa keinderaan.Kamus Dewan Edisi Keempat[yang]  Definisi :1 kata utk mengasingkan sesuatu supaya jelas kelainannya: Telur ~ kecil di atas meja itu telur burung. 2 kata utk menentukan sesuatu sbg benda: ~ tinggi itu bangunan Parlimen. 3 kata yg menghubungkan benda dgn penerangnya: Rumah ~ baru dibelinya itu rumah batu. ~ Dipertua orang yg dilantik menjadi ketua sesuatu perkumpulan persatuan dll. ~ Dipertuan gelaran utk raja yg memerintah. ~ Maha Kuasa Tuhan Allah.Kamus Pelajar Edisi Kedua[yang]  Definisi :  yang-yang dewa. beryang-yang memuja dewa-dewa.Kamus Pelajar Edisi Kedua,-,-
dan,-,-,-
kuala,[kua.la]  Definisi :tempat sungai mengalir masuk ke laut atau tasik muara: pelabuhan itu terletak di ~ sungai bandar ~ bandar yg terletak di kuala atau di muara sungai berkuala bermuara: sungai itu ~ di Selat Melaka.Kamus Dewan Edisi Keempat[kua.la]  Definisi :penduduk asli Semenanjung Malaysia drpd suku kaum Melayu-Proto yg tinggal di kuala sungai di persisiran pantai selatan negeri Johor.Kamus Dewan Edisi Keempat[kua.la]  Definisi :tempat sungai bertemu dgn sungai lain atau dgn laut muara. berkuala ada kualanya bermuara: Sungai Perak ~ di Selat Melaka.Kamus Pelajar Edisi Kedua,kata nama,High
lumpur,[lum.pur]  Definisi :tanah berair yg lembut selut ~ katam lumpur yg terdapat di pantai beroleh ~ di tempat yg kering prb beroleh kesusahan dgn tidak disangka-sangka takut akan ~ lari ke duri prb mengelakkan kesusahan yg kecil dapat kesusahan yg besar berlumpur 1. mempunyai lumpur penuh dgn lumpur: di tebing yg ~ ini tumbuh hutan bakau 2. berlumur lumpur kena lumpur: kasutnya ~ melumpuri menyebabkan berlumpur pd: kanak-kanak itu bermain sambil ~ dinding rumah itu perlumpuran tempat yg penuh dgn lumpur.Kamus Dewan Edisi Keempat[lum.pur]  Definisi :tanah lembut dan berair selut. berlumpur penuh dgn lumpur berlumur dgn lumpur: Kasutnya ~ kerana ia berjalan di tempat yg becak.Kamus Pelajar Edisi Kedua,kata nama,High
menteri,[menteri]  Definisi :1. ahli politik drpd parti pemerintah yg mengetuai sesuatu jabatan kerajaan ahli kabinet M~ Besar ketua kerajaan bagi sesebuah negeri yg beraja di Malaysia Ketua M~ ketua kerajaan bagi sesebuah negeri yg tidak beraja di Malaysia Perdana M~ ketua jemaah menteri ketua kabinet 2. sl pegawai tinggi spt penasihat raja dll: maka ialah raja yg mula-mula memperbuat bendahara yg memerintah segala ~ yg di bawah takhta kerajaannya 3.  mantri Id pangkat atau jawatan tertentu ~ cacar tukang cungkil ~ ukur juruukur 4. nama buah catur yg besar nilainya ~ dalam negeri menteri yg mengurus hal-hal dlm negeri ~ luar negeri menteri yg mengurus perhubungan dgn negeri-negeri asing ~ muda timbalan menteri ~ negara Id menteri yg tidak memegang kementerian tetapi diberi tugas yg penting kementerian 1. jabatan kerajaan yg diketuai oleh menteri: K~ Pendidikan 2. bangunan bagi jabatan kerajaan pejabat menteri 3. jawatan menteri.Kamus Dewan Edisi Keempat[menteri]  Definisi :1 ahli pemerintahan yg tertinggi ahli kabinet: ~ Besar ketua kerajaan sesebuah negeri yg beraja di Malaysia Ketua ~ ketua kerajaan sesebuah negeri yg tidak beraja di Malaysia Perdana ~ ketua jemaah menteri ketua kabinet. 2 nama buah catur yg paling berkuasa. kementerian 1 urusan atau jabatan yg dipegang oleh menteri: ~ Kesihatan. 2 pejabat menteri. 3 jawatan menteri.Kamus Pelajar Edisi Kedua,kata nama,High
seri,[se.ri]  Definisi :séri  siri.Kamus Dewan Edisi Keempat[se.ri]  Definisi :1. cahaya semarak: nila gunanya utk menghilangkan warna perang pd kain putih dan menambah ~ pd warna biru 2. ke-muliaan keindahan kemegahan: Rafeah itu ~ segala perempuan di situ ~ balai sl balai penghadapan tempat raja dihadapi rakyat ~ gadus sj kuih pipih dan bulat yg diperbuat drpd tepung gandum ~ gunung kelihatan cantik elok bagus ~ kaya sj makanan drpd telur gula santan dan tepung yg biasanya dimakan dgn roti ~ muka a air cahaya muka b  berseri muka kelihatan bercahaya mukanya kerana kegirang-an dll c sj penganan drpd pulut berlapis dgn seri kaya ~ panggung orang bintang bangsa-wan sandiwara dll berseri 1. bercahaya bersemarak 2. kelihatan cantik berupa mulia megah dll: maka negeri Melaka pun tiada ~ lagi 3.  berseri-seri kelihatan bercahaya mukanya dll kerana kegirangan keriangan dll: dgn wajah yg ~-seri dibukalah surat itu dan dibacanya menyerikan menjadikan berseri menyinarkan menyemarakkan majlis dll: majlis itu diserikan dgn pencak silat pohon rendang yg sedang diserikan oleh bunga yg memerah cerah keserian keadaan yg berseri: ~ pakaian baginda terserlah dgn selendang kuning yg dipakainya penyeri seseorang atau sesuatu yg menyeri-kan: anak-anak itulah yg menjadi ~ rumah tangga mereka.Kamus Dewan Edisi Keempat[se.ri]  Definisi :panggilan utk memuliakan raja orang besar dll: S~ Paduka Baginda Yang di-Pertuan Agong S~ Nara Diraja perserian sl orang besar-besar raja dll yg mendapat gelaran penghormatan Seri Seri Maharaja Seri Nara Diraja dll: maka disuruh jemput orang itu jika ~ orang besar-besar menjemput dia.Kamus Dewan Edisi Keempat[se.ri]  Definisi :séri Id pohon bunga ~ sj tumbuhan pokok dan bunga.Kamus Dewan Edisi Keempat[se.ri]  Definisi : menyeri menghisap madu drpd bunga: laksana kumbang ~ bunga kumbang terbang bunga pun layu sari I.Kamus Dewan Edisi Keempat[se.ri]  Definisi :1 sesuatu yg menyebabkan sesuatu yg lain kelihatan bertambah indah atau cantik cahaya semarak: Nila digunakan utk menambah ~ pd kain putih. 2 sesuatu yg dianggap sbg lambang kemegahan atau kemuliaan: Rafeah itu ~ segala perempuan di situ. ~ gadus kuih yg bulat pipih. ~ gunung keadaan sesuatu yg kelihatan cantik dr jauh. ~ muka a. cahaya muka. b. kuih yg dibuat drpd pulut dan diberi berlapis dgn serikaya dsb. ~ pagi nama sj pokok atau bunganya pokoknya menjalar dan bunganya berbentuk spt trompet Ipomoea spp.. ~ panggung pemain sandiwara atau pelakon bangsawan yg terkenal. berseri 1 kelihatan elok atau indah bercahaya bersemarak. 2  berseri-seri kelihatan cemerlang mukanya kerana kegirangan dll. 3 meriah dan ceria bkn majlis persembahan dsb: Jika dia datang majlis itu akan lebih ~. menyerikan 1 menjadikan berseri bkn wajah suasana dsb: Ia ~ lagi suasana di ruang makan itu dgn hiasan yg indah. 2 menjadikan majlis kehidupan dll meriah dan ceria: Ramai artis akan ~ konsert Ambang Merdeka. Ketibaan orang baru akan ~ lagi kehidupan mereka. penyeri orang atau sesuatu yg menyerikan: Anak gadisnya itulah yg menjadi ~ hidupnya.Kamus Pelajar Edisi Kedua[se.ri]  Definisi : menyeri menghisap madu dr bunga-bungaan bkn kumbang dll.Kamus Pelajar Edisi Kedua[se.ri]  Definisi :yg mulia sbg panggilan atau sbg sebutan utk menghormati raja orang-orang besar dll: ~ Paduka Baginda ~ Nara Diraja.Kamus Pelajar Edisi Kedua,kata nama,High
berkata,[ber.ka.ta]  Definisi :mengeluarkan apa yg terfikir dgn kata-kata mengeluarkan kata-kata bertutur: maka Hanuman pun ~ Ya Tuanku maharesi ... ada Doris ~ benar spt apa yg telah dikatakannya kepadaku ~ dua mengeluarkan perkataan yg berlainan drpd maksud yg sebenarnya ~ siang melihat-lihat ~ malam mendengar-dengar prb Mn kalau hendak membicarakan sesuatu baiklah berhati-hati sudah ~ satu prb tidak berubah drpd yg telah diucapkanKamus Dewan Edisi Keempat[ber.ka.ta]  Definisi :mengeluarkan fikiran pendapat dll dgnKamus Pelajar Edisi Kedua,kata nama,High
kerajaan,[ke.ra.ja.an]  Definisi :1. negeri atau negara yg dikepalai oleh raja: ~ Malaysia ~ Arab Saudi 2. pemerintahan negara: ~ Indonesia berparlimen 3. martabat kedudukan raja: setelah nenda hilang ayahanda Badanul menggantikan nenda di atas ~ 4. tanda-tanda alat kebesaran raja: pakaian ~ payung ~ takhta ~ 5. sifat sbg raja: jika tiada diketahuinya tujuh perkara tiada layak ia naik raja dan tiada sempurna ~nya 6. sl naik takhta menjadi raja: jika ia ~ tiada akan sempurna negeri iniKamus Dewan Edisi Keempat[ke.ra.ja.an]  Definisi :1 negeri atau negara yg mempunyai raja sbg kepala pemerintahannya: ~ Arab Saudi. 2 pemerintahan atau pemerintah sesebuah negara: ~ Thailand. 3 naik takhta menjadi raja: Jika ia ~ tiada akan sempurna negeri ini. ~ campuran pemerintahan yg anggota kabinetnya terdiri drpd berbagai-bagai parti bukan drpd satu parti politik. ~ pusat pemerintahan yg bersifat kebangsaan iaitu seluruhnya bukan kerajaan negeri atau bahagian. ~ tempatan 1 pemerintahan pentadbiran di peringkat daerah spt pekan bandar. 2 sistem kerajaan yg meletakkan pentadbiran hal ehwal kerajaan pd pihak berkuasa setempat mis majlis perbandaran dan majlis daerah.Kamus Pelajar Edisi Kedua,kata nama,High
perencanaan,[pe.ren.ca.na.an]  Definisi :perihal merencanakan perancangan: pelajaran yg menjadi kegemaranku ialah ~ kota namun begitu hasilnya kurang memuaskan dr segi keaktifan dan ~Kamus Dewan Edisi Keempat,kata nama,High
negara,[ne.ga.ra]  Definisi :1 kumpulan masyarakat yg mendiami sesuatu kawasan mempunyai kedaulatan politik dan juga jentera pemerintahan: Kepentingan ~ lebih diutamakan drpd kepentingan perseorangan. 2 sesuatu kawasan yg didiami oleh masyarakat tsb: ~ Malaysia. ~ dunia ketiga negara-negara di Afrika Asia dan Amerika Latin secara berkumpulan yg dianggap masih mundur atau sedang membangun. ~ jiran  ~ tetangga negara yg berdekatan. ~ maju negara kaya yg sebahagian besar ekonominya bergantung pd industri dan penduduknya menikmati taraf hidup yg tinggi. ~ matahari terbit negara Jepun. ~ membangun negara yg sedang giat berusaha meningkatkan taraf hidup ekonomi dsb spt Malaysia. ~ perindustrian negara yg kekuatan dan kemajuan ekonominya berteraskan pelbagai industri. kenegaraan segala yg berkaitan dgn negara. negarawan orang yg mahir benar dgn cara-cara pemerintahan negara orang yg memegang tampuk pemerintahan sesebuah negara ahli negara.Kamus Pelajar Edisi Kedua,kata nama,High
rakyat,[raÖ.yat][ra.yat]  Definisi :1. seluruh penduduk sesebuah negara sbg syarat mendirikan sesuatu pemerintahan: ~ Malaysia terdiri drpd berbagai-bagai kaum dewan ~ dewan yg mewakili suara rakyat dlm sistem pemerintahan demokrasi wakil ~ ahli dewan rakyat 2. anak buah orang-orang sebawahan: setahun sekali penghulu menjamu ~nya 3. orang kebanyakan orang ramai orang biasa: padang permainan utk ~ ia keturunan ~ bukan keturunan raja cerita ~ cerita yg diceritakan utk orang biasa 4. pasukan perang bala tentera: maka baginda pun berangkat diiringi oleh seluruh ~ lengkap dgn senjatanya 5. Ph bp orang asli ~ jelata jembel marhaen murba orang kebanyakan bukan golongan bangsawan merakyat tersebar luas kpd rakyat: budaya ilmu dan tradisi pengajian telah meluas dan ~ lalu dgn itu pecahlah monopoli pujangga istana sbg elit ilmuwan merakyatkan menyebarluaskan ilmu amalan dsb kpd rakyat: ilmu kebudayaan harus dirakyatkan agar ilmu itu tidak menjadi urusan sarjana kaum elit dan golongan cendekiawan semata-mata kerakyatan 1. perihal rakyat 2. demokrasi 3. ark kewarganegaraan: ~ akan diberikan kpd orang dagang di negeri ini.Kamus Dewan Edisi Keempat[raÖ.yat][ra.yat]  Definisi :1 seluruh penduduk sesebuah negara: ~ Malaysia. 2 orang kebanyakan orang biasa: balai ~. 3 pasukan perang bala tentera: Baginda berangkat diiringi seluruh ~ lengkap dgn senjatanya. ~ jelata rakyat biasa. merakyatkan menyebarkan sesuatu ilmu amalan baik dsb secara meluas kpd seluruh rakyat: Usaha dijalankan utk ~ ilmu kebudayaan dan tatasusila. kerakyatan 1 segala sesuatu mengenai rakyat. 2 kewarganegaraan.Kamus Pelajar Edisi Kedua,kata nama,High
telah,[te.lah]  Definisi :kata bantu yg menyatakan sesuatu perbuatan sudah berlaku atau sudah berlangsung: Apabila mereka sampai di situ pertandingan itu ~ tamat. setelah sesudah selepas sehabis: ~ makan tengah hari kami pun meneruskan perjalanan kami.Kamus Pelajar Edisi Kedua[te.lah]  Definisi : menelah menyatakan apa-apa yg akan berlaku meramalkan: Dia tidak dpt ~ apa-apa yg akan terjadi kpd dirinya. telahan sesuatu yg ditelah dugaan: ~nya meleset belaka. penelah orang yg menelah tukang ramal.Kamus Pelajar Edisi Kedua,kata tugas,Moderate
untuk,[un.tu]  Definisi :1. ditentukan disediakan bagi merupa-kan bahagian seseorang dll: tanah getah yg lima ekar ini ~mu dan tanah sawah yg dua ekar itu ~ adikmu 2. guna bagi buat: wang ~ membeli makanan ruang ~ bekerja 3. digunakan dipakai sebagai dijadikan supaya menjadi atau dijadikan: ditumbuknya kulit kayu itu halus-halus ~ ubat dibawanya buluh rencong ~ senjata 4. bermaksud hendak: saya terlalu takut ~ lari 5. diberikan dihantar kepada: beliau telah mengirim wang RM50.00 ~ ayahnya 6. melakukan mengerjakan sesuatu supaya supaya dapat: ~ melihat dgn jelas penyimpangan dr segi bentuk ini di bawah ini diturunkan dua rangkap permulaan Syair Sinyor Kosta ~ memahami keadaan yg berlaku sekarang ini perlu dikaji perkembangan-perkem-bangan sebelumnya beruntuk 1. sudah menerima bahagian masing-masing sudah memiliki bahagian masing-masing 2. sudah ditetapkan bahagian masing-masing: pusaka itu belum lagi ~ memperuntukkan menguntukkan menetapkan mencadangkan menyediakan bagi membahagikan atau mengekhaskan bagi sesuatu tujuan keperluan dll: perbelanjaan mengadakan pertandingan itu tahun ini diperuntukkan sebanyak RM60 000 maka kerajaan terpaksa ~ lebih banyak wang utk pertahanan dan keselamatan negara teruntuk 1. sudah ditetapkan sbg bahagian seseorang sesuatu keperluan dll 2. ditetap-kan dikhususkan bagi seseorang peruntukan 1. sesuatu yg telah diuntukkan bahagian atau jumlah wang dll yg ditetapkan ditentukan utk: Dewan Rakyat telah me-luluskan ~ utk membina rumah-rumah pemulihan akhlak 2. syarat atau ketentuan dlm undang-undang dsb: ~ undang-undang utk membataskan poligami.Kamus Dewan Edisi Keempat[un.tu]  Definisi :1 ditentukan atau disediakan bagi dikhaskan bagi: Baju dua helai ini ~ kakakmu. 2 buat guna: tepung ~ membuat kuih. 3 digunakan atau dipakai sbg dijadikan sbg: Dia telah membawa pisau ~ senjata. 4 bermaksud akan hendak: Ia ke bandar ~ membeli kasut. beruntuk sudah mempunyai bahagiannya masing-masing telah ditentukan bahagiannya. menguntukkan menyediakan atau menetapkan bagi: Ayahnya sudah ~ wang tiga ribu ringgit sbg belanja perkahwinannya nanti. peruntukan sesuatu yg diuntukkan bahagian yg disediakan utk sesuatu: ~ sudah dibuat utk membina surau itu.Kamus Pelajar Edisi Kedua,kata tugas,Moderate
kepada,[ke.pa.da]  Definisi :1. kata utk menyatakan arah ke dipakai sebelum nama orang atau kata pengganti diri pada: mengirim surat ~ orang tuanya 2. terhadap akan: jangan berbuat jahat ~ orang 3. daripada pada: baginda memohon Siantan ~ Betara Majapahit ia penolong ~ Pegawai Daerah.Kamus Dewan Edisi Keempat[ke.pa.da]  Definisi :1 kata sendi nama yg menyatakan sasaran seseorang atau sesuatu: Dia mengirim surat ~ orang tuanya yg tinggal di Ipoh. Adik memberikan makanan itu ~ kucingnya. 2 terhadap akan: Tidak baik berbuat jahat ~ orang.Kamus Pelajar Edisi Kedua,kata tugas,Moderate
menerusi,[me.ne.ru.si]  Definisi :1. masuk sampai ke melantas pd menembus pd: jahitan yg awal dan yg akhir sahaja yg ~ kain yg lain itu lalu di bawah urat benang sahaja 2. dgn perantaraan melalui: masukkan sehelai benang halus ~ lubang-lubang pd kertas tebal itu dia mengirim buku-buku itu ~ sayaKamus Dewan Edisi Keempat[me.ne.ru.si]  Definisi :dgn perantaraan melalui: Pencuri masuk ke dlm rumah itu ~ tingkap. Dia mengirim wang itu ~ kawannya.Kamus Pelajar Edisi Kedua,adverba,Low
menerusi,[me.ne.ru.si]  Definisi :1. masuk sampai ke melantas pd menembus pd: jahitan yg awal dan yg akhir sahaja yg ~ kain yg lain itu lalu di bawah urat benang sahaja 2. dgn perantaraan melalui: masukkan sehelai benang halus ~ lubang-lubang pd kertas tebal itu dia mengirim buku-buku itu ~ sayaKamus Dewan Edisi Keempat[me.ne.ru.si]  Definisi :dgn perantaraan melalui: Pencuri masuk ke dlm rumah itu ~ tingkap. Dia mengirim wang itu ~ kawannya.Kamus Pelajar Edisi Kedua,adjektif,Moderate
kemakmuran,[ke.maÖmu.ran][ke.ma.mu.ran]  Definisi :perihal makmur mewah serba cukup sejahtera dll: ~ sesebuah negeri bergantung terutama sekali pd kerajinan penduduk-penduduk negeri ituKamus Dewan Edisi Keempat[ke.maÖmu.ran][ke.ma.mu.ran]  Definisi :keadaan makmur: ~ sesebuah negeri bergantung pd kerajinan penduduk-penduduknya sendiri.Kamus Pelajar Edisi Kedua,adjektif,Moderate
sorotan,[so.ro.tan]  Definisi :1. pancaran cahaya sinaran: ~ lampu kereta menyilaukan mata mereka 2. ki huraian sesuatu perkara pembicaraan: ia cuba membuat analisa atau ~ cerpen ituKamus Dewan Edisi Keempat[so.ro.tan]  Definisi :1 pancaran atau sinaran cahaya dsb: ~ beberapa buah lampu menjadikan kawasan rumahnya terang benderang. 2 ki huraian atau pembicaraan ttg sesuatu perkara.Kamus Pelajar Edisi Kedua,-,-
melonjak,[me.lon.ja]  Definisi :1. melompat ke atas dgn keduadua belah kaki utk mencapai sesuatu: ia ~ hendak memetik buah itu 2. melambung bola dll: raksa dlm buli-buli itu akan mengembang dan ~ keluar ke dlm batang jangka suhu 3. ki bercakap sombong menyombong cakap ~ cakap besar meninggi 4. ki bertambah tinggi dll: pd masa kekasihnya tiba itu perasaan gembiranya ~ melompat naik meningkat naik dgn tiba-tiba harga dll: harga getah ~ naik kerana bekalan getah sangat kurang dr kerani dia ~ jadi pegawai daerah harap hendak ~ kopiah pesuk prb kerana hendak hidup mewah habis terjual harta bendaKamus Dewan Edisi Keempat[me.lon.ja]  Definisi :1 melompat ke atas dgn kedua-dua belah kaki utk mencapai sesuatu: Ia ~ hendak mencapai bungkusan yg di atas para itu. 2 melambung bkn bola: Bola getah itu ~ apabila dicampakkan ke tanah. 3 meningkat naik atau melompat naik dgn tiba-tiba bkn harga: Harga gula ~ dr 20 sen hingga 40 sen sekati.Kamus Pelajar Edisi Kedua,-,-
ekonomi,[é.ko.no.mi]  Definisi :ékonomi 1. ilmu bkn pengeluaran pengagihan penggunaan barang-barang dan perkhidmatan: beberapa orang penuntut ~ sedang membantu Kementerian Buruh menyelidiki keadaan pengangguran sekarang ini ahli ~ orang yg pakar dlm bidang ekonomi 2. sistem pengeKamus Dewan Edisi Keempat[é.ko.no.mi]  Definisi :ékonomi 1 ilmu ttg asas-asas pengeluaran pembahagian penggunaan barang-barang dan perkhidmatan serta masalah-masalah kewangan kemasyarakatan dll yg bersangkutan dgnnya. 2 keadaan kekayaan atau kebendaan sesebuah negara dll: Kedudukan ~ negara semakin kukuh. 3 urusan ttg perkara-perkara rumah tangga spt perbelanjaan penggunaan barang-barang. 4 tidak boros hemat. ~ campuran sistem ekonomi yg sebahagian sumbernya dikawal oleh sektor awam dan sebahagian lagi dikawal oleh sektor swasta. ~ terbuka ekonomi yg melibatkan perdagangan sesebuah negara dgn negara yg lain. ~ tertutup ekonomi yg tidak melibatkan perdagangan antarabangsa iaitu tidak wujud aktiviti import dan eksport barangan atau bahan pengeluaran. berekonomi 1 menjalankan sesuatu usaha menurut ilmu ekonomi. 2 bercermat atau berhati-hati dlm menggunakan wang berhemat. mengekonomikan membelanjakan wang dgn hati-hati menghematkan: Utk tujuan ini beliau telah ~ segala perbelanjaan seberapa yg dpt. perekonomian hal-hal atau kegiatan-kegiatan ekonomi.Kamus Pelajar Edisi Kedua,-,-
melimpah,[me.lim.pah]  Definisi :1. tumpah keluar kerana terlalu banyak atau terlalu penuh cecair dll: darah pun spt sebak penuh ~ di dlm kota Singapura itu 2.  melimpah-limpah ki terlalu banyak hingga berlebih-lebih atau tidak termuat banyak sekali: dlm pertengahan kedua abad ke-18 bangsa asing telah datang melimpah-limpah ke Tanah Melayu 3. ki turun kpd datang kpd diwarisi oleh anak tentang perangai dll: hanya sisa-sisanya yg jatuh ke tangan orang kita ~ ke negeri kita iniKamus Dewan Edisi Keempat[me.lim.pah]  Definisi :tumpah keluar kerana terlalu banyak atau terlalu penuh cecair dll: air yg di dlm tempayan itu terlalu banyak hingga ~ ~-ruah terlalu banyak keluar kerana terlalu penuhKamus Dewan Edisi Keempat[me.lim.pah]  Definisi :1 tumpah keluar kerana terlalu penuh bkn benda cair: Air ~ kerana kolah itu sudah terlalu penuh. 2  melimpah-limpah terlalu banyak hingga berlebih-lebih.Kamus Pelajar Edisi Kedua,-,-
yang,[yang]  Definisi :1. Lin kata penghubung utk menyatakan bahawa kata keterangan berikutnya dipentingkan atau menunjukkan kelainan: rumah ~ besar itu orang ~ sakit itu 2. Lin kata penghubung utk menyatakan bahawa katakata ayat berikutnya ialah penjelasan utk kata-kata sebelumnya: banyak orang ~ ingin bersalam dengannya 3. kata yg digunakan sbg kata penyerta kata yg menentukan kata benda kata sandang: ~ penting bagi kita ialah mengenai dasar ~ kaya sama kaya 4. sl adapun akan: ~ hutang tuan hamba sekati emas itu halallah dunia akhirat 5. bp kata peng-hubung utk menyatakan isi atau huraiankata ayat sebelumnya bahawa: mengertilah cikgu itu ~ pandangan itu bermaksud meminta nasihat Y~ Amat Arif rujukan kehormat utk Ketua Hakim Negara dlm situasi formal spt di mahkamah dsb Y~ Amat Berbahagia rujukan kehormat yg digunakan utk mereka yg bergelar Tun dan Toh Puan Y~ Amat Berhormat rujukan kehormat yg digunakan utk Perdana Menteri Timbalan Perdana Menteri dan Menteri Besar Y~ Amat Mulia rujukan kehormat yg digunakan utk Undang luak di Negeri Sembilan Y~ Arif rujukan kehormat yg digunakan utk Hakim pd situasi yg formal spt di mahkamah dsb Y~ Berbahagia rujukan kehormat yg digunakan utk mereka yg bergelar Tan Sri Puan Sri Datuk Seri Datin Seri Datuk Paduka Datin Paduka Dato Datuk dan Datin yg bukan wakil rakyat Y~ Berhormat rujukan kehormat yg digunakan utk Menteri Timbalan Menteri Yang Dipertua Dewan Negara Yang Dipertua Dewan Rakyat Yang Dipertua Dewan Negeri Ahli Dewan Rakyat Ahli Dewan Negara dan Ahli Dewan Undangan Negeri Y~ Berhormat Mulia rujukan kehormat yg digunakan utk Menteri Timbalan Menteri Yang Dipertua Dewan Negara Yang Dipertua Dewan Rakyat Yang Dipertua Dewan Negeri Ahli Dewan Rakyat Ahli Dewan Negara dan Ahli Dewan Undangan Negeri yg berketurunan raja Y~ Dipertua orang yg dilantik menjadi ketua sesuatu persatuan perkumpulan dll Y~ Dipertua Negeri gelaran utk ketua negeri bagi Melaka Pulau Pinang Sabah dan Sarawak Y~ Dipertuan gelaran utk raja yg memerintah sultan tuanku Y~ di-Pertuan Agong gelaran utk Ketua Negara Malaysia Y~ Maha Kuasa Tuhan Allah Y~ Maha Mulia rujukan kehormat utk sultan atau raja yg memerintah Y~ Mulia rujukan kehormat utk mereka yg bergelar Tengku Raja Syed Engku Ungku dan Datu Y~ Teramat Mulia rujukan kehormat utk keluarga diraja yg terdekat.Kamus Dewan Edisi Keempat[yang]  Definisi : yang-yang dewa beryang-yang membaca mantera memanggil dewa-dewa memuja dewa-dewa: maka tuan puteri pun mengambil gaharu cendana janggi dibakarnya sambil ~ Tuanku Malim Deman pun berangkatlah bersiram di dlm taman itu ~ mengamalkan sekalian ilmu hikmat kayangan tempat kediaman segala dewa keinderaan.Kamus Dewan Edisi Keempat[yang]  Definisi :1 kata utk mengasingkan sesuatu supaya jelas kelainannya: Telur ~ kecil di atas meja itu telur burung. 2 kata utk menentukan sesuatu sbg benda: ~ tinggi itu bangunan Parlimen. 3 kata yg menghubungkan benda dgn penerangnya: Rumah ~ baru dibelinya itu rumah batu. ~ Dipertua orang yg dilantik menjadi ketua sesuatu perkumpulan persatuan dll. ~ Dipertuan gelaran utk raja yg memerintah. ~ Maha Kuasa Tuhan Allah.Kamus Pelajar Edisi Kedua[yang]  Definisi :  yang-yang dewa. beryang-yang memuja dewa-dewa.Kamus Pelajar Edisi Kedua,-,-
dipaparkan,-,-,-
dalam,[da.lam]  Definisi :1. jarak jauhnya ke bawah atau ke dasar dr permukaan air tanah dsb jarak jauhnya ke tengah dr tepi atau pinggir sesuatu: ~ perigi itu kira-kira empat meter 2. jauh ke bawah atau ke dasar dr permukaan air tanah dll atau jauh ke tengah dr tepi atau pinggir hutan dll jauh jaraknya di antara paras permukaan dgn dasar tidak cetek: lubang itu ~ sungguh jangan suka berenang di tempat yg ~ 3. bukan sedikit tidak sempit lebih drpd sekadar yg perlu sahaja: dia mempunyai pengetahuan yg ~ tentang hal itu 4. mengandungi makna yg tidak mudah difahami bkn perkataan ungkapan dsb lebih drpd yg terzahir: perkataan ini ~ maknanya 5. tidak ceper leper jeluk bkn pinggan atau piring 6. bahagian atau ruang rumah bilik peti almari dll yg lawannya luar: diambilnya sepucuk surat dr ~ laci itu dan dihulurkannya kpd saya dia memasukkan bungkusan itu ke ~ keretanya 7. yg berkaitan dgn atau terbatas pd lingkungan sesuatu spt negeri keluarga dll itu sendiri: urusan ~ negeri masalah ~ keluarga 8. yg tidak nampak atau ketara dr luar: penyakit ~ 9. yg dipakai sebelum dipakai pakaian selengkapnya: baju ~ seluar ~ ~ berselam dangkal cetek berjingkat bertimba prb berpada dgn yg sedikit sedalam mencapai dalam atau sehingga dalamnya sebagaimana yg dinyatakan: digalinya lubang ~ kira-kira dua metersedalam-dalamnya 1. seberapa dalam yg mungkin: menggali ~ 2. dgn seberapa teliti atau terperinci: perlu difikirkan ~ cadangan yg dikemukakan itu sebelum dibuat sesuatu keputusanberdalam-dalam makin menjadi dalam merebak meluas dsb menjadi-jadi mendalam 1. menjadi dalam atau lebih dalam bkn lubang dsb bertambah dalam: lukanya semakin ~ kerana tidak dirawat dan dibubuh ubat 2. menjadi kukuh dan tidak mudah luput bkn perasaan kepercayaan terhadap sesuatu dll menjadi berat melarat bkn penyakit dll: perasaan cintanya terhadap Bibah semakin ~ kebencian yg ~ tradisi lama di kampungku terlalu ~ 3. sampai ke peringkat yg terperinci bkn kajian dsb luas dan teliti meliputi banyak aspek: kajiannya tentang sastera Melayu kurang ~mendalami memperdalami berusaha utk mengetahui sesuatu dgn lebih luas dan terperinci dgn mempelajari mengkaji menyelidik dsb dgn teliti dan terperinci menjadikan lebih sempurna atau terperinci pengetahuan dsb tentang sesuatu: mereka akan mengkaji lebih banyak buku dan kitab utk ~ pengetahuan mereka tentang agama Islam masing-masing ~ bidang yg diminatinyamendalamkan 1. menjadikan dalam atau lebih dalam perigi lubang dll: beberapa orang pekerja sedang ~ telaga 2.  memperdalam ki menjadikan lebih dalam pelajaran pengetahuan penyelidikan dsb: ia terus bekerja sambil ~ pengetahuannya tentang seni muzik perkembangan profesional memberi fokus kpd intelektualisme iaitu kpd memperdalam dan memperluas bidang pengetahuan dan kemahiran profesiondalaman 1. isi perut 2. yg tersembunyi dan tidak mudah difahami bkn makna ayat kata-kata dsb: kita seharusnya menyelami makna ~ kata-kata yg diucapkannya itu 3. yg berkaitan dgn atau perlu diuruskan dsb oleh sesuatu organisasi itu sendiri struktur ~ Lin dlm tatabahasa generatif gambaran yg diandaikan terdapat dlm struktur sesuatu ayat pd peringkat dasarnya hubungan gramatis atau hubungan logik dijelaskan sebelum struktur ayat tersebut mengalami perubahan kerana peraturan transformasikedalaman 1. perihal dalam budi bahasa pengetahuan pelajaran dll: kedangkalan dan ~ ilmu pengetahuan seseorang 2. ark terlalu dalampedalaman daerah yg jauh dr pantai yg terletak di ceruk pelosok atau di hulu negeri hulu: dia menjadi orang yg paling berpengaruh di daerah ~ penjahat-penjahat sedang bersembunyi di daerah ~pendalaman perihal mendalamkan tindakan proses dll mendalamkan.Kamus Dewan Edisi Keempat[da.lam]  Definisi :1. antara di kalangan: ~ mereka yg bertiga belas itu ada yg bergirang-girang 2. di dalam bukan di luar lingkungan dsb sesuatu: ~ Wilayah Persekutuan ~ bidang mata pelajaran tersebut 3. sambil: ~ kita berharap keadaan akan bertambah baik kita mesti juga beringat-ingat 4. pd waktu tertentu: kita berharap keadaan akan bertambah baik ~ tahun hadapan dia masih ~ pantang lagi ~ idah masa belum boleh berkahwin lain bagi perempuan yg baru menjadi janda ~ negeri dlm lingkungan sesebuah negeri itu sahaja ~ tangan dlm kekuasaan kemampuan milik seseorang sudah tentu dapat atau akan diperoleh ~ dua tengah tiga prb tidak jujur kilat di ~ kilau prb tujuan maksud yg terkandung dlm percakapan atau tingkah laku.Kamus Dewan Edisi Keempat[da.lam]  Definisi :sl istana kawasan istana raja bahasa ~ bahasa yg digunakan di kalangan raja atau golongan istana spt beradu santap dll budak ~ pesuruh raja kedalaman sl istana rumah-rumah dlm kawasan istana bahasa ~ bahasa kehormatan utk raja-raja.Kamus Dewan Edisi Keempat[da.lam]  Definisi :1 bahagian atau ruang di balik bahagian yg di luar: Rumah itu ~nya sangat bersih. 2 kedudukan sesuatu tempat yg terpisah oleh jarak tertentu dr tepi tengah: Semakin ke ~ dia pergi semakin banyak dia menemukan rotan yg baik-baik. 3 batin: Orang itu kelihatan baik tetapi ~nya siapa yg tahu. ~ talian ist 1 keadaan kelengkapan atau peranti komputer di bawah kawalan sistem utama komputer. 2 perihal bolehnya pengguna berinteraksi secara langsung dgn menggunakan komputer. ~ tangan sudah tentu dpt. dalaman 1 isi perut spt hempedal hati paru-paru. 2 berkaitan dgn sesuatu pihak organisasi itu sendiri: urusan ~. pedalaman daerah yg jauh di darat dr pantai atau dr bandar: Padi huma banyak ditanam di ~.Kamus Pelajar Edisi Kedua[da.lam]  Definisi :1 mengenai tentang berkenaan dgn: Dia memang pakar ~ hal itu. 2 selama masa tertentu pd waktu tertentu: ~ masa dua jam lagi ia akan sampai. 3 di kalangan di antara: ~ mereka yg ramai itu ada yg pandai bermain piano. 4 mengalami ditimpa: Para nelayan ~ keadaan susah.Kamus Pelajar Edisi Kedua[da.lam]  Definisi :1 jauh ke bawah dr permukaan: Perigi itu sangat ~. Lukanya agak ~. 2 ki penuh atau berisi ttg ilmu: Beruntunglah orang yg berguru dgn seseorang yg ~ ilmunya. 3 ki hingga ke lubuk hati ttg cinta penderitaan dll: Kasih ibu terhadap anaknya sangat ~. 4 tidak mudah difahami: Yg diperkatakannya itu mempunyai erti yg ~. mendalam 1 bertambah dalam menjadi dalam: Lukanya kian ~ kerana tidak diubati. 2 teliti sempurna luas dll: Pengetahuannya ttg sastera Melayu sungguh ~. 3 lebih melarat penyakit lebih dalam kuat kukuh bkn perasaan: Perasaan bencinya terhadap bangsa asing sungguh ~. mendalami berusaha supaya mengetahui memahami mengerti dgn teliti atau dalam: Beliau ingin ~ bidang pertanian. Dia mencuba ~ hati kawannya itu. mendalamkan 1 menjadikan dalam: Kuli itu sedang ~ parit di tepi jalan. 2 meluaskan atau mengkaji dgn teliti ttg sesuatu ilmu: Dia pergi ke London utk ~ pengetahuannya dlm bidang perubatan. memperdalam 1 menjadikan lebih dalam: Orang-orang kampung bergotong-royong ~ telaga itu. 2 berusaha supaya mengetahui memahami dgn lebih teliti: Dia ~ ilmu yg dipelajarinya itu. kedalaman keadaan dalam dalamnya: Kepekatan karbon dioksida bertambah mengikut ~ tanah. Drpd pertuturannya kita dpt mengetahui ~ ilmu pengetahuannya. pendalaman perbuatan usaha dsb mendalami atau mendalamkan.Kamus Pelajar Edisi Kedua,-,-
hantaran,[han.ta.ran]  Definisi :1. sesuatu yg dihantar dikirim kiriman: petani-petani sambilan ini mungkin mendapat ~ drpd anak dan ahli keluarga yg melakukan migrasi 2.  ~ kahwin  wang ~ wang yg dihantar oleh pihak lelaki kpd bakal mentua utk perbelanjaan perkahwinan belanja hangus 3. dlm majlis perkahwinan orang Melayu hadiah berupa makanan pakaian dsb yg dibawa bersama wang hantaran: pihak pengantin lelaki membawa tujuh dulang ~ 4. dlm permainan bola sepak dll tendangan balingan dsb bola ke sesuatu tempat atau kpd pemain lain: ~nya tidak sampai kpd kawannyaKamus Dewan Edisi Keempat[han.ta.ran]  Definisi :1 sesuatu yg dihantar kiriman. 2  wang ~ wang yg dihantar oleh pihak pengantin lelaki kpd pihak pengantin perempuan. 3 barang-barang spt pakaian makanan yg berupa hadiah yg dibawa bersama wang hantaran oleh pihak pengantin lelaki utk pengantin perempuan.Kamus Pelajar Edisi Kedua,-,-
di,-,-,-
laman,[la.man]  Definisi :bp kep halaman: jamuan ~ ~ web dokumen elektronik pd paparan skrin komputer biasanya mengandungi teks grafik imej bunyi dsb tentang sesuatu institusi organisasi persatuan individu dsb yg dapat dicapai melalui Internet.Kamus Dewan Edisi Keempat[la.man]  Definisi :halaman. ~ web dokumen elektronik pd paparan skrin komputer biasanya mengandungi teks grafik imej bunyi dsb ttg sesuatu institusi organisasi persatuan individu dsb yg dpt dicapai melalui Internet.Kamus Pelajar Edisi Kedua,-,-
facebook,-,-,-
beliau,[be.liau]  Definisi :kata ganti diri ketiga utk orang tua atau orang yg dihormati: mentuaku seorang pendiam ~ tidak suka anak-anaknya terlampau banyak bercakap.Kamus Dewan Edisi Keempat[be.liau]  Definisi :kata ganti nama diri ketiga utk orang yg lebih tua atau yg dihormati: Pak cik saya berpangkat besar tetapi ~ tidak sombong.Kamus Pelajar Edisi Kedua,-,-
pada,Definisi :1. kata sendi nama yg bererti di: ~ bulan Januari dlm ~ itu sementara sambil itu 2. kata sendi nama yg bererti terhadap: Bang Uda marah tak ~ Ida 3. dalam menurut mengikut: ~ fikirannya ~ hatinya ~ sangkanya 4. buat bagi: ~nya dunia ini bukan tempat mencari kesusahan 5. sl akan untuk: bab ~ menyatakan 6. dari daripada: ~ bercerai mahulah mati ~ jadi Komunis biarlah dia mati.Kamus Dewan Edisi KeempatDefinisi :1. tidak kurang dan tidak lebih cukup: kaum kita hidup ~ dgn sesuap nasi 2. berasa puas senang berasa cukup: hatinya belum ~ asal ada kecil pun ~ prb asalkan ada tidak banyak sedikit pun cukuplah berpada mencukupi: dlm keadaan serba sederhana dan ~ berpada-pada 1. elok-elok cukup tidak berlebih-lebihan: amatlah sukar hendak menentukan sama ada sesuatu perbuatan itu ~ atau melebihi batasan-batasan yg dihadkan 2. agak cukup walaupun tidak banyak lumayan sedang memadai mencukupi dapat mengisi atau memenuhi kehendak peraturan dll: rang undang-undang ini ~lah diluluskan oleh Dewan Rakyat makanan semata-mata tidak ~ memada-memadai membuat seelok-elok cukup sahaja memadakan 1. menjadikan pada menganggap pada: apabila malam dipadakanlah tidur bertikar 2. membiarkan mendiamkan: orang tua mahulah sabar dan ~ kelakuan orang muda 3. menjadikan puas memuaskan: ~ hati terpada tak ~ tidak boleh ditandingi terlalu sangat.Kamus Dewan Edisi KeempatDefinisi :sama-sama ramai-ramai melakukan sesuatu: ibu-ibu itu ~ duduk mengobrol mereka ~ berebut minta makanan burung-burung sudah ~ resah menunggu.Kamus Dewan Edisi KeempatDefinisi :1 kata nama arah yg menunjukkan tempat atau diri seseorang: Buku itu masih ada ~ saya. 2 kata sendi nama yg digunakan utk menunjukkan waktu atau utk menunjukkan kata nama abstrak dlm pembentukan frasa atau ayat: ~ masa ini ~ pendapatnya perkara itu mudah saja. dlm ~ itu sementara itu dlm hal itu. 3 kata sendi nama utk menunjukkan tempat yg terhad: Terdapat tahi lalat ~ pipinya.Kamus Pelajar Edisi KeduaDefinisi :1 tidak kurang dan juga tidak lebih drpd yg patut cukup: Asal ada kecil pun ~. 2 berasa senang kerana sudah sampai hajatnya puas: Dgn harta yg sebanyak itu hatinya masih belum ~ juga. berpada-pada 1 tidak berlebih-lebihan melakukan sesuatu berbuat sesuatu dgn seada-adanya: Buat baik ~ buat jahat jangan sekali. 2 cukup juga walaupun tidak banyak. memadai dpt mengisi atau dpt memenuhi kehendak dll mencukupi: Segelen minyak petrol tidak ~ keperluan utk menghidupkan enjin kapal terbang yg besar. memadakan 1 menjadikan pada menganggap cukup mencukupkan: Dia ~ gajinya yg kecil itu dgn berjimat-jimat. 2 menjadikan puas memuaskan: Dia berbuat begitu utk ~ hatinya.Kamus Pelajar Edisi Kedua,-,-
ahad,[a.had]  Definisi :Ar 1. satu esa: Allahu A~ 2. pertama hari A~ hari pertama dlm seminggu selepas hari Sabtu hari minggu 3. minggu se~ seminggu sejumaat.Kamus Dewan Edisi Keempat[a.had]  Definisi :Ar perjanjian mengahadkan 1. menikahkan: maka kadi pun tampillah ke hadapan ~ kedua-duanya 2. memeterai perjanjian.Kamus Dewan Edisi Keempat[a.had]  Definisi :1 bkn Allah Esa Tunggal: Allahu ~ Allah itu Esa. 2  hari ~ hari pertama dlm sesuatu minggu hari minggu.Kamus Pelajar Edisi Kedua,-,-
anwar,-,-,-
yang,[yang]  Definisi :1. Lin kata penghubung utk menyatakan bahawa kata keterangan berikutnya dipentingkan atau menunjukkan kelainan: rumah ~ besar itu orang ~ sakit itu 2. Lin kata penghubung utk menyatakan bahawa katakata ayat berikutnya ialah penjelasan utk kata-kata sebelumnya: banyak orang ~ ingin bersalam dengannya 3. kata yg digunakan sbg kata penyerta kata yg menentukan kata benda kata sandang: ~ penting bagi kita ialah mengenai dasar ~ kaya sama kaya 4. sl adapun akan: ~ hutang tuan hamba sekati emas itu halallah dunia akhirat 5. bp kata peng-hubung utk menyatakan isi atau huraiankata ayat sebelumnya bahawa: mengertilah cikgu itu ~ pandangan itu bermaksud meminta nasihat Y~ Amat Arif rujukan kehormat utk Ketua Hakim Negara dlm situasi formal spt di mahkamah dsb Y~ Amat Berbahagia rujukan kehormat yg digunakan utk mereka yg bergelar Tun dan Toh Puan Y~ Amat Berhormat rujukan kehormat yg digunakan utk Perdana Menteri Timbalan Perdana Menteri dan Menteri Besar Y~ Amat Mulia rujukan kehormat yg digunakan utk Undang luak di Negeri Sembilan Y~ Arif rujukan kehormat yg digunakan utk Hakim pd situasi yg formal spt di mahkamah dsb Y~ Berbahagia rujukan kehormat yg digunakan utk mereka yg bergelar Tan Sri Puan Sri Datuk Seri Datin Seri Datuk Paduka Datin Paduka Dato Datuk dan Datin yg bukan wakil rakyat Y~ Berhormat rujukan kehormat yg digunakan utk Menteri Timbalan Menteri Yang Dipertua Dewan Negara Yang Dipertua Dewan Rakyat Yang Dipertua Dewan Negeri Ahli Dewan Rakyat Ahli Dewan Negara dan Ahli Dewan Undangan Negeri Y~ Berhormat Mulia rujukan kehormat yg digunakan utk Menteri Timbalan Menteri Yang Dipertua Dewan Negara Yang Dipertua Dewan Rakyat Yang Dipertua Dewan Negeri Ahli Dewan Rakyat Ahli Dewan Negara dan Ahli Dewan Undangan Negeri yg berketurunan raja Y~ Dipertua orang yg dilantik menjadi ketua sesuatu persatuan perkumpulan dll Y~ Dipertua Negeri gelaran utk ketua negeri bagi Melaka Pulau Pinang Sabah dan Sarawak Y~ Dipertuan gelaran utk raja yg memerintah sultan tuanku Y~ di-Pertuan Agong gelaran utk Ketua Negara Malaysia Y~ Maha Kuasa Tuhan Allah Y~ Maha Mulia rujukan kehormat utk sultan atau raja yg memerintah Y~ Mulia rujukan kehormat utk mereka yg bergelar Tengku Raja Syed Engku Ungku dan Datu Y~ Teramat Mulia rujukan kehormat utk keluarga diraja yg terdekat.Kamus Dewan Edisi Keempat[yang]  Definisi : yang-yang dewa beryang-yang membaca mantera memanggil dewa-dewa memuja dewa-dewa: maka tuan puteri pun mengambil gaharu cendana janggi dibakarnya sambil ~ Tuanku Malim Deman pun berangkatlah bersiram di dlm taman itu ~ mengamalkan sekalian ilmu hikmat kayangan tempat kediaman segala dewa keinderaan.Kamus Dewan Edisi Keempat[yang]  Definisi :1 kata utk mengasingkan sesuatu supaya jelas kelainannya: Telur ~ kecil di atas meja itu telur burung. 2 kata utk menentukan sesuatu sbg benda: ~ tinggi itu bangunan Parlimen. 3 kata yg menghubungkan benda dgn penerangnya: Rumah ~ baru dibelinya itu rumah batu. ~ Dipertua orang yg dilantik menjadi ketua sesuatu perkumpulan persatuan dll. ~ Dipertuan gelaran utk raja yg memerintah. ~ Maha Kuasa Tuhan Allah.Kamus Pelajar Edisi Kedua[yang]  Definisi :  yang-yang dewa. beryang-yang memuja dewa-dewa.Kamus Pelajar Edisi Kedua,-,-
juga,[ju.ga]  Definisi :1 sama halnya dgn yg lain atau dgn yg disebut sebelumnya pula pun: Ada ~ orang yg suka makan durian dgn pulut. 2 selalu demikian halnya berterusan lagi: Emaknya sudah melarang dia supaya tidak mandi di sungai itu tetapi ia masih berdegil ~.Kamus Pelajar Edisi Kedua,-,-
kewangan,[ke.wa.ngan]  Definisi :perihal wang keadaan atau urusan wang segala sesuatu yg berkaitan dgn wangKamus Dewan Edisi Keempat[ke.wa.ngan]  Definisi :hal-hal yg berkaitan dgn wang: Ia sentiasa menghadapi masalah ~. Kementerian ~ Kementerian yg mengurus wang negara.Kamus Pelajar Edisi Kedua,-,-
beberapa,[be.be.ra.pa]  Definisi :jumlah yg tidak tentu banyaknya lebih drpd dua tetapi tidak terlalu banyak: Ada ~ orang yg datang mencari tuan tadi.Kamus Pelajar Edisi Kedua[be.be.ra.pa]  Definisi :jumlah yg tidak tentu banyaknya boleh banyak dan boleh juga sedikit: ~ orang kanak-kanak sedang bermain-main di bawah pohon ketapang.Kamus Pelajar Edisi Kedua,-,-
dan,-,-,-
negara,[ne.ga.ra]  Definisi :1 kumpulan masyarakat yg mendiami sesuatu kawasan mempunyai kedaulatan politik dan juga jentera pemerintahan: Kepentingan ~ lebih diutamakan drpd kepentingan perseorangan. 2 sesuatu kawasan yg didiami oleh masyarakat tsb: ~ Malaysia. ~ dunia ketiga negara-negara di Afrika Asia dan Amerika Latin secara berkumpulan yg dianggap masih mundur atau sedang membangun. ~ jiran  ~ tetangga negara yg berdekatan. ~ maju negara kaya yg sebahagian besar ekonominya bergantung pd industri dan penduduknya menikmati taraf hidup yg tinggi. ~ matahari terbit negara Jepun. ~ membangun negara yg sedang giat berusaha meningkatkan taraf hidup ekonomi dsb spt Malaysia. ~ perindustrian negara yg kekuatan dan kemajuan ekonominya berteraskan pelbagai industri. kenegaraan segala yg berkaitan dgn negara. negarawan orang yg mahir benar dgn cara-cara pemerintahan negara orang yg memegang tampuk pemerintahan sesebuah negara ahli negara.Kamus Pelajar Edisi Kedua,kata nama,High
menteri,[menteri]  Definisi :1. ahli politik drpd parti pemerintah yg mengetuai sesuatu jabatan kerajaan ahli kabinet M~ Besar ketua kerajaan bagi sesebuah negeri yg beraja di Malaysia Ketua M~ ketua kerajaan bagi sesebuah negeri yg tidak beraja di Malaysia Perdana M~ ketua jemaah menteri ketua kabinet 2. sl pegawai tinggi spt penasihat raja dll: maka ialah raja yg mula-mula memperbuat bendahara yg memerintah segala ~ yg di bawah takhta kerajaannya 3.  mantri Id pangkat atau jawatan tertentu ~ cacar tukang cungkil ~ ukur juruukur 4. nama buah catur yg besar nilainya ~ dalam negeri menteri yg mengurus hal-hal dlm negeri ~ luar negeri menteri yg mengurus perhubungan dgn negeri-negeri asing ~ muda timbalan menteri ~ negara Id menteri yg tidak memegang kementerian tetapi diberi tugas yg penting kementerian 1. jabatan kerajaan yg diketuai oleh menteri: K~ Pendidikan 2. bangunan bagi jabatan kerajaan pejabat menteri 3. jawatan menteri.Kamus Dewan Edisi Keempat[menteri]  Definisi :1 ahli pemerintahan yg tertinggi ahli kabinet: ~ Besar ketua kerajaan sesebuah negeri yg beraja di Malaysia Ketua ~ ketua kerajaan sesebuah negeri yg tidak beraja di Malaysia Perdana ~ ketua jemaah menteri ketua kabinet. 2 nama buah catur yg paling berkuasa. kementerian 1 urusan atau jabatan yg dipegang oleh menteri: ~ Kesihatan. 2 pejabat menteri. 3 jawatan menteri.Kamus Pelajar Edisi Kedua,kata nama,High
berkongsi,[ber.kong.si]  Definisi :1. bersekutu bergabung dlm sesuatu kegiatan spt berniaga dll bersama-sama membayar menggunakan menduduki dll: ketiga-tiganya ~ berniaga dgn sama-sama menanggung perbelanjaan dan membahagikan keuntungan mereka ~ mendiami rumah itu para dermawan yg sudi ~ derita dgn mereka yg memerlukan 2. berkomplot bersepakat: hamba menyangka tuan hamba ~ dgn lanun Panglima Tujuh ~ hidup hidup bersama-sama sbg suami isteriKamus Dewan Edisi Keempat[ber.kong.si]  Definisi :bersekutu utk sesuatu kegiatan berpakat: Tiga orang pemuda telah ~ membuka sebuah kedai runcit.Kamus Pelajar Edisi Kedua,kata nama,High
inisiatif,[i.ni.sia.tif]  Definisi :daya usaha tindakan dll yg mula-mula: di dlm bukunya itu dia ada menitikberatkan betapa pentingnya ~ perseorangan mengambil ~ mulai bertindak berusaha dll berinisiatif mempunyai inisiatif: pegawai yg ~.Kamus Dewan Edisi Keempat[i.ni.sia.tif]  Definisi :1 daya usaha yg mula-mula: mengambil ~ memulakan sesuatu usaha. 2 kebolehan utk melihat apa-apa yg perlu dilakukan dan berusaha pula utk menjayakannya.Kamus Pelajar Edisi Kedua,kata nama,High
menerusi,[me.ne.ru.si]  Definisi :1. masuk sampai ke melantas pd menembus pd: jahitan yg awal dan yg akhir sahaja yg ~ kain yg lain itu lalu di bawah urat benang sahaja 2. dgn perantaraan melalui: masukkan sehelai benang halus ~ lubang-lubang pd kertas tebal itu dia mengirim buku-buku itu ~ sayaKamus Dewan Edisi Keempat[me.ne.ru.si]  Definisi :dgn perantaraan melalui: Pencuri masuk ke dlm rumah itu ~ tingkap. Dia mengirim wang itu ~ kawannya.Kamus Pelajar Edisi Kedua,kata tugas,Moderate
menerusi,[me.ne.ru.si]  Definisi :1. masuk sampai ke melantas pd menembus pd: jahitan yg awal dan yg akhir sahaja yg ~ kain yg lain itu lalu di bawah urat benang sahaja 2. dgn perantaraan melalui: masukkan sehelai benang halus ~ lubang-lubang pd kertas tebal itu dia mengirim buku-buku itu ~ sayaKamus Dewan Edisi Keempat[me.ne.ru.si]  Definisi :dgn perantaraan melalui: Pencuri masuk ke dlm rumah itu ~ tingkap. Dia mengirim wang itu ~ kawannya.Kamus Pelajar Edisi Kedua,kata kerja,Moderate
pencapaian,[pen.ca.paian]  Definisi :apa yg telah dicapai dihasilkan atau diperoleh prestasi: Pemuda UMNO harus melihat sama ada ~ orang Melayu sudah sampai ke tahap sempurna atau belum isi tema persoalan novel bukanlah penentu mutlak ~ sesebuah novelKamus Dewan Edisi Keempat[pen.ca.paian]  Definisi :1 sesuatu yg dicapai sesuatu yg telah berjaya dilaksanakan dgn usaha dan ketekunan: ~ murid-murid meningkat pd tahun ini. 2 perbuatan hal usaha dsb mencapai sesuatu.Kamus Pelajar Edisi Kedua,-,-
antara,[an.ta.ra]  Definisi :1 jarak atau sela di tengah dua tempat atau dua benda: Ukurlah ~ kedua-dua tiang itu. 2 di tengah dua waktu tempat peristiwa dsb: Pekan Kuala Kangsar terletak di ~ Ipoh dgn Taiping. 3 masa dr satu saat ke saat yg lain selang waktu: Tidak berapa lama ~nya matilah ia kerana kekurangan darah. 4 di tengah-tengah kumpulan golongan dll di kalangan: Ada ~ mereka yg mempunyai ijazah tetapi masih menganggur. berantara 1 ada antaranya selanya bersela: Rumah ibu dgn dapurnya bersambung terus tidak ~. 2 tidak terus-menerus tidak langsung berselang waktu: Kerja-kerja itu dibuat secara ~. mengantarai 1 memisahkan dua benda dsb: Banjaran Titiwangsa yg menganjur di tengah-tengah Semenanjung Malaysia ~ Kelantan dgn Perak. 2 menjadi orang tengah dlm perundingan dll. perantaraan 1 hal berantara hal menghubungkan orang dll yg berantara. 2 cara atau jalan yg menjadi penghubung supaya sesuatu dpt dilaksanakan: Ceramah itu disampaikan melalui ~ televisyen. Hadiah hari jadi kawannya dikirim melalui ~ seorang sahabat. pengantaraan perbuatan hal cara dsb mengantarai hal memisahkan dua benda dll. perantara orang badan dll yg menjadi penghubung dua pihak yg berantara medium. pengantara orang benda dll yg mengantarai orang dll yg menjadi pemisah.Kamus Pelajar Edisi Kedua,-,-
pencapaian,[pen.ca.paian]  Definisi :apa yg telah dicapai dihasilkan atau diperoleh prestasi: Pemuda UMNO harus melihat sama ada ~ orang Melayu sudah sampai ke tahap sempurna atau belum isi tema persoalan novel bukanlah penentu mutlak ~ sesebuah novelKamus Dewan Edisi Keempat[pen.ca.paian]  Definisi :1 sesuatu yg dicapai sesuatu yg telah berjaya dilaksanakan dgn usaha dan ketekunan: ~ murid-murid meningkat pd tahun ini. 2 perbuatan hal usaha dsb mencapai sesuatu.Kamus Pelajar Edisi Kedua,-,-
itu,-,-,-
adalah,[a.da.lah]  Definisi :1. sl sesungguhnya digunakan pd permulaan ayat kenyataan dsb: ~ makam ini dikurniai raja kpd aku barang siapa hendak duduk bayarkan sewanya kpd aku 2. ialah utk menghubungkan sesuatu yg diperkatakan dgn huraian penjelasan dsb yg mengenainya: hadiah itu ~ utk murid terpandaiKamus Dewan Edisi Keempat[a.da.lah]  Definisi :1 digunakan pd permulaan cerita ada: ~ seorang pemuda yg miksin. 2 digunakan utk menghubungkan subjek atau benda dgn predikat atau ceritanya: Kemalangan itu ~ yg paling ngeri yg pernah kulihat.Kamus Pelajar Edisi Kedua,-,-
pelaburan,[pe.la.bu.ran]  Definisi :1. jumlah wang modal dsb yg dilaburkan dlm sesuatu usaha niaga dsb penanaman modal 2. sesuatu yg dibeli dsb dgn harapan akan mendapat keuntungan yg berlipat ganda penanaman modal: pembelian tanah merupakan suatu bentuk ~ yg menguntungkanKamus Dewan Edisi Keempat[pe.la.bu.ran]  Definisi :1 wang modal dsb yg dilaburkan dlm sesuatu perniagaan: Dr masa ke masa dia menambah ~nya dlm skim Amanah Saham Nasional. 2 hal perbuatan cara dsb melabur atau melaburkan: Kerajaan menggalakkan ~ drpd rakyat.Kamus Pelajar Edisi Kedua,-,-
ekonomi,[é.ko.no.mi]  Definisi :ékonomi 1. ilmu bkn pengeluaran pengagihan penggunaan barang-barang dan perkhidmatan: beberapa orang penuntut ~ sedang membantu Kementerian Buruh menyelidiki keadaan pengangguran sekarang ini ahli ~ orang yg pakar dlm bidang ekonomi 2. sistem pengeKamus Dewan Edisi Keempat[é.ko.no.mi]  Definisi :ékonomi 1 ilmu ttg asas-asas pengeluaran pembahagian penggunaan barang-barang dan perkhidmatan serta masalah-masalah kewangan kemasyarakatan dll yg bersangkutan dgnnya. 2 keadaan kekayaan atau kebendaan sesebuah negara dll: Kedudukan ~ negara semakin kukuh. 3 urusan ttg perkara-perkara rumah tangga spt perbelanjaan penggunaan barang-barang. 4 tidak boros hemat. ~ campuran sistem ekonomi yg sebahagian sumbernya dikawal oleh sektor awam dan sebahagian lagi dikawal oleh sektor swasta. ~ terbuka ekonomi yg melibatkan perdagangan sesebuah negara dgn negara yg lain. ~ tertutup ekonomi yg tidak melibatkan perdagangan antarabangsa iaitu tidak wujud aktiviti import dan eksport barangan atau bahan pengeluaran. berekonomi 1 menjalankan sesuatu usaha menurut ilmu ekonomi. 2 bercermat atau berhati-hati dlm menggunakan wang berhemat. mengekonomikan membelanjakan wang dgn hati-hati menghematkan: Utk tujuan ini beliau telah ~ segala perbelanjaan seberapa yg dpt. perekonomian hal-hal atau kegiatan-kegiatan ekonomi.Kamus Pelajar Edisi Kedua,-,-
digital,[di.gi.tal]  Definisi :Komp beroperasi dgn menggunakan angka atau aksara lain utk mewakili data mendigitalkan menukarkan data dsb kpd bentuk digital supaya dapat diproses secara langsung oleh komputer pendigitalan proses perihal perbuatan dsb mendigitalkan.Kamus Dewan Edisi Keempat[di.gi.tal]  Definisi :berhubungan dgn angka utk sistem tertentu beroperasi dgn menggunakan angka dsb utk mewakili data.Kamus Pelajar Edisi Kedua[di.gi.tal]  Definisi :berhubungan dgn angka utk sistem tertentu beroperasi dgn menggunakan angka dsb utk mewakili data. mendigitalkan menukarkan data dsb kpd bentuk digital supaya dpt diproses oleh komputer. pendigitalan proses atau perbuatan mendigitalkan.Kamus Pelajar Edisi Kedua,-,-
yang,[yang]  Definisi :1. Lin kata penghubung utk menyatakan bahawa kata keterangan berikutnya dipentingkan atau menunjukkan kelainan: rumah ~ besar itu orang ~ sakit itu 2. Lin kata penghubung utk menyatakan bahawa katakata ayat berikutnya ialah penjelasan utk kata-kata sebelumnya: banyak orang ~ ingin bersalam dengannya 3. kata yg digunakan sbg kata penyerta kata yg menentukan kata benda kata sandang: ~ penting bagi kita ialah mengenai dasar ~ kaya sama kaya 4. sl adapun akan: ~ hutang tuan hamba sekati emas itu halallah dunia akhirat 5. bp kata peng-hubung utk menyatakan isi atau huraiankata ayat sebelumnya bahawa: mengertilah cikgu itu ~ pandangan itu bermaksud meminta nasihat Y~ Amat Arif rujukan kehormat utk Ketua Hakim Negara dlm situasi formal spt di mahkamah dsb Y~ Amat Berbahagia rujukan kehormat yg digunakan utk mereka yg bergelar Tun dan Toh Puan Y~ Amat Berhormat rujukan kehormat yg digunakan utk Perdana Menteri Timbalan Perdana Menteri dan Menteri Besar Y~ Amat Mulia rujukan kehormat yg digunakan utk Undang luak di Negeri Sembilan Y~ Arif rujukan kehormat yg digunakan utk Hakim pd situasi yg formal spt di mahkamah dsb Y~ Berbahagia rujukan kehormat yg digunakan utk mereka yg bergelar Tan Sri Puan Sri Datuk Seri Datin Seri Datuk Paduka Datin Paduka Dato Datuk dan Datin yg bukan wakil rakyat Y~ Berhormat rujukan kehormat yg digunakan utk Menteri Timbalan Menteri Yang Dipertua Dewan Negara Yang Dipertua Dewan Rakyat Yang Dipertua Dewan Negeri Ahli Dewan Rakyat Ahli Dewan Negara dan Ahli Dewan Undangan Negeri Y~ Berhormat Mulia rujukan kehormat yg digunakan utk Menteri Timbalan Menteri Yang Dipertua Dewan Negara Yang Dipertua Dewan Rakyat Yang Dipertua Dewan Negeri Ahli Dewan Rakyat Ahli Dewan Negara dan Ahli Dewan Undangan Negeri yg berketurunan raja Y~ Dipertua orang yg dilantik menjadi ketua sesuatu persatuan perkumpulan dll Y~ Dipertua Negeri gelaran utk ketua negeri bagi Melaka Pulau Pinang Sabah dan Sarawak Y~ Dipertuan gelaran utk raja yg memerintah sultan tuanku Y~ di-Pertuan Agong gelaran utk Ketua Negara Malaysia Y~ Maha Kuasa Tuhan Allah Y~ Maha Mulia rujukan kehormat utk sultan atau raja yg memerintah Y~ Mulia rujukan kehormat utk mereka yg bergelar Tengku Raja Syed Engku Ungku dan Datu Y~ Teramat Mulia rujukan kehormat utk keluarga diraja yg terdekat.Kamus Dewan Edisi Keempat[yang]  Definisi : yang-yang dewa beryang-yang membaca mantera memanggil dewa-dewa memuja dewa-dewa: maka tuan puteri pun mengambil gaharu cendana janggi dibakarnya sambil ~ Tuanku Malim Deman pun berangkatlah bersiram di dlm taman itu ~ mengamalkan sekalian ilmu hikmat kayangan tempat kediaman segala dewa keinderaan.Kamus Dewan Edisi Keempat[yang]  Definisi :1 kata utk mengasingkan sesuatu supaya jelas kelainannya: Telur ~ kecil di atas meja itu telur burung. 2 kata utk menentukan sesuatu sbg benda: ~ tinggi itu bangunan Parlimen. 3 kata yg menghubungkan benda dgn penerangnya: Rumah ~ baru dibelinya itu rumah batu. ~ Dipertua orang yg dilantik menjadi ketua sesuatu perkumpulan persatuan dll. ~ Dipertuan gelaran utk raja yg memerintah. ~ Maha Kuasa Tuhan Allah.Kamus Pelajar Edisi Kedua[yang]  Definisi :  yang-yang dewa. beryang-yang memuja dewa-dewa.Kamus Pelajar Edisi Kedua,-,-
pelaburan,[pe.la.bu.ran]  Definisi :1. jumlah wang modal dsb yg dilaburkan dlm sesuatu usaha niaga dsb penanaman modal 2. sesuatu yg dibeli dsb dgn harapan akan mendapat keuntungan yg berlipat ganda penanaman modal: pembelian tanah merupakan suatu bentuk ~ yg menguntungkanKamus Dewan Edisi Keempat[pe.la.bu.ran]  Definisi :1 wang modal dsb yg dilaburkan dlm sesuatu perniagaan: Dr masa ke masa dia menambah ~nya dlm skim Amanah Saham Nasional. 2 hal perbuatan cara dsb melabur atau melaburkan: Kerajaan menggalakkan ~ drpd rakyat.Kamus Pelajar Edisi Kedua,-,-
digital,[di.gi.tal]  Definisi :Komp beroperasi dgn menggunakan angka atau aksara lain utk mewakili data mendigitalkan menukarkan data dsb kpd bentuk digital supaya dapat diproses secara langsung oleh komputer pendigitalan proses perihal perbuatan dsb mendigitalkan.Kamus Dewan Edisi Keempat[di.gi.tal]  Definisi :berhubungan dgn angka utk sistem tertentu beroperasi dgn menggunakan angka dsb utk mewakili data.Kamus Pelajar Edisi Kedua[di.gi.tal]  Definisi :berhubungan dgn angka utk sistem tertentu beroperasi dgn menggunakan angka dsb utk mewakili data. mendigitalkan menukarkan data dsb kpd bentuk digital supaya dpt diproses oleh komputer. pendigitalan proses atau perbuatan mendigitalkan.Kamus Pelajar Edisi Kedua,-,-
diluluskan,-,-,-
rm,Definisi :kep Ringgit Malaysia.Kamus Dewan Edisi Keempat,-,-
bilion,[bi.lion]  Definisi :1. di Britain satu juta juta ditulis sbg 1 000 000 000 000 atau 1012 2. di AS satu ribu juta ditulis sbg 1 000 000 000 atau 109 berbilion berbilion-bilion beberapa bilion beberapa banyak bilion.Kamus Dewan Edisi Keempat[bi.lion]  Definisi :bilangan sebanyak sejuta juta atau 1012 tetapi di Amerika Syarikat seribu juta atau 109.Kamus Pelajar Edisi Kedua,-,-
bagi,[ba.gi]  Definisi :apa-apa yg telah ditentukan untuk: Ayah telah memberikan wang kpd saya ~ membeli buku.Kamus Pelajar Edisi Kedua[ba.gi]  Definisi : membagi menyebabkan seseorang menerima sesuatu memberi. membagikan menyerahkan sesuatu kpd memberikan: Siapa yg ~ wang itu kpd kamuKamus Pelajar Edisi Kedua,-,-
januari,Definisi :bulan pertama dlm tahun Masihi yg mengandungi 31 hari.Kamus Dewan Edisi KeempatDefinisi :bulan yg pertama dlm tahun Masihi terdiri drpd 31 hari.Kamus Pelajar Edisi Kedua,-,-
september,Definisi :Séptémber bulan kesembilan dlm tahun Masihi yg mengandungi 30 hari.Kamus Dewan Edisi KeempatDefinisi :séptémber bulan yg kesembilan dlm tahun Masihi terdiri drpd 30 hari.Kamus Pelajar Edisi Kedua,-,-
yang,[yang]  Definisi :1. Lin kata penghubung utk menyatakan bahawa kata keterangan berikutnya dipentingkan atau menunjukkan kelainan: rumah ~ besar itu orang ~ sakit itu 2. Lin kata penghubung utk menyatakan bahawa katakata ayat berikutnya ialah penjelasan utk kata-kata sebelumnya: banyak orang ~ ingin bersalam dengannya 3. kata yg digunakan sbg kata penyerta kata yg menentukan kata benda kata sandang: ~ penting bagi kita ialah mengenai dasar ~ kaya sama kaya 4. sl adapun akan: ~ hutang tuan hamba sekati emas itu halallah dunia akhirat 5. bp kata peng-hubung utk menyatakan isi atau huraiankata ayat sebelumnya bahawa: mengertilah cikgu itu ~ pandangan itu bermaksud meminta nasihat Y~ Amat Arif rujukan kehormat utk Ketua Hakim Negara dlm situasi formal spt di mahkamah dsb Y~ Amat Berbahagia rujukan kehormat yg digunakan utk mereka yg bergelar Tun dan Toh Puan Y~ Amat Berhormat rujukan kehormat yg digunakan utk Perdana Menteri Timbalan Perdana Menteri dan Menteri Besar Y~ Amat Mulia rujukan kehormat yg digunakan utk Undang luak di Negeri Sembilan Y~ Arif rujukan kehormat yg digunakan utk Hakim pd situasi yg formal spt di mahkamah dsb Y~ Berbahagia rujukan kehormat yg digunakan utk mereka yg bergelar Tan Sri Puan Sri Datuk Seri Datin Seri Datuk Paduka Datin Paduka Dato Datuk dan Datin yg bukan wakil rakyat Y~ Berhormat rujukan kehormat yg digunakan utk Menteri Timbalan Menteri Yang Dipertua Dewan Negara Yang Dipertua Dewan Rakyat Yang Dipertua Dewan Negeri Ahli Dewan Rakyat Ahli Dewan Negara dan Ahli Dewan Undangan Negeri Y~ Berhormat Mulia rujukan kehormat yg digunakan utk Menteri Timbalan Menteri Yang Dipertua Dewan Negara Yang Dipertua Dewan Rakyat Yang Dipertua Dewan Negeri Ahli Dewan Rakyat Ahli Dewan Negara dan Ahli Dewan Undangan Negeri yg berketurunan raja Y~ Dipertua orang yg dilantik menjadi ketua sesuatu persatuan perkumpulan dll Y~ Dipertua Negeri gelaran utk ketua negeri bagi Melaka Pulau Pinang Sabah dan Sarawak Y~ Dipertuan gelaran utk raja yg memerintah sultan tuanku Y~ di-Pertuan Agong gelaran utk Ketua Negara Malaysia Y~ Maha Kuasa Tuhan Allah Y~ Maha Mulia rujukan kehormat utk sultan atau raja yg memerintah Y~ Mulia rujukan kehormat utk mereka yg bergelar Tengku Raja Syed Engku Ungku dan Datu Y~ Teramat Mulia rujukan kehormat utk keluarga diraja yg terdekat.Kamus Dewan Edisi Keempat[yang]  Definisi : yang-yang dewa beryang-yang membaca mantera memanggil dewa-dewa memuja dewa-dewa: maka tuan puteri pun mengambil gaharu cendana janggi dibakarnya sambil ~ Tuanku Malim Deman pun berangkatlah bersiram di dlm taman itu ~ mengamalkan sekalian ilmu hikmat kayangan tempat kediaman segala dewa keinderaan.Kamus Dewan Edisi Keempat[yang]  Definisi :1 kata utk mengasingkan sesuatu supaya jelas kelainannya: Telur ~ kecil di atas meja itu telur burung. 2 kata utk menentukan sesuatu sbg benda: ~ tinggi itu bangunan Parlimen. 3 kata yg menghubungkan benda dgn penerangnya: Rumah ~ baru dibelinya itu rumah batu. ~ Dipertua orang yg dilantik menjadi ketua sesuatu perkumpulan persatuan dll. ~ Dipertuan gelaran utk raja yg memerintah. ~ Maha Kuasa Tuhan Allah.Kamus Pelajar Edisi Kedua[yang]  Definisi :  yang-yang dewa. beryang-yang memuja dewa-dewa.Kamus Pelajar Edisi Kedua,-,-
mewujudkan,[me.wu.jud.kan]  Definisi :1. menjadikan berwujud berbentuk berupa dll mengadakan: kadang kadang amanah diwujudkan melalui perjanjian secara lisan di kalangan keluarga 2. melaksanakan cita-cita dll 3. menerangkan memperlihatkan dgn benda yg nyataKamus Dewan Edisi Keempat[me.wu.jud.kan]  Definisi :1 menjadikan benar-benar ada. 2 melaksanakan cita-cita dll. 3 menerangkan atau memperlihatkan dgn benda yg nyata.Kamus Pelajar Edisi Kedua,-,-
teknologi,[ték.no.lo.gi]  Definisi :téknologi 1. aktiviti atau kajian yg menggunakan pengetahuan sains utk tujuan praktis dlm industri pertanian perubatan perniagaan dll sains gunaan: Universiti Malaya memainkan peranan yg penting utk melahirkan pakar-pakar ~ kita 2. kaedah atau proses menangani sesuatu masalah teknikal ~ maklumat teknologi yg berkaitan dgn pe-merolehan penyimpanan pemprosesan dan penyebaran maklumat secara elektronik ~ maklumat dan komunikasi teknologi yg ber-kaitan dgn pemerolehan penyimpanan pem-prosesan dan penyebaran maklumat melalui penggunaan teknologi komputer dan tele-komunikasi ~ tinggi teknologi yg berasaskan kajian saintifik termaju spt penggunaan peralatan elektronik yg canggih berteknologi mempunyai teknologi: masya-rakat ~ tinggi.Kamus Dewan Edisi Keempat[ték.no.lo.gi]  Definisi :téknologi ilmu ttg cara mencipta barang-barang dlm perusahaan spt bangunan jentera. ~ maklumat teknologi yg berkaitan dgn pemerolehan penyimpanan pemprosesan dan penyebaran maklumat secara elektronik. ~ maklumat dan komunikasi teknologi maklumat melalui penggunaan komputer dan dlm bidang telekomunikasi. berteknologi mempunyai teknologi: kenderaan ~ tinggi.Kamus Pelajar Edisi Kedua,-,-
gergasi,[ger.ga.si]  Definisi :1. sj makhluk besar yg suka makan orang raksasa bersiung bota 2. ki seseorang atau sesuatu spt jentera alat dll yg sangat besar atau yg mempunyai kebolehan kemampuan yg luar biasa: kebolehan komputer dilihat sbg ~ mesin kira yg cepat saksikanlah ~ bola sepak beraksi dlm kejohanan ini 3. ki kuasa besar dlm sesuatu lapangan atau bidang: ada kalangan yg masih merendah-rendahkan kemampuan Jepun menjadi ~ ekonomi menggergasi menjadi besar spt gergasi: harapannya menggunung dan impiannya ~.Kamus Dewan Edisi Keempat[ger.ga.si]  Definisi :1 sebangsa makhluk spt manusia yg sangat besar dan dipercayai memakan orang. 2 ki manusia binatang dll yg sangat besar atau lebih besar drpd biasa.Kamus Pelajar Edisi Kedua,-,-
negara,[ne.ga.ra]  Definisi :1 kumpulan masyarakat yg mendiami sesuatu kawasan mempunyai kedaulatan politik dan juga jentera pemerintahan: Kepentingan ~ lebih diutamakan drpd kepentingan perseorangan. 2 sesuatu kawasan yg didiami oleh masyarakat tsb: ~ Malaysia. ~ dunia ketiga negara-negara di Afrika Asia dan Amerika Latin secara berkumpulan yg dianggap masih mundur atau sedang membangun. ~ jiran  ~ tetangga negara yg berdekatan. ~ maju negara kaya yg sebahagian besar ekonominya bergantung pd industri dan penduduknya menikmati taraf hidup yg tinggi. ~ matahari terbit negara Jepun. ~ membangun negara yg sedang giat berusaha meningkatkan taraf hidup ekonomi dsb spt Malaysia. ~ perindustrian negara yg kekuatan dan kemajuan ekonominya berteraskan pelbagai industri. kenegaraan segala yg berkaitan dgn negara. negarawan orang yg mahir benar dgn cara-cara pemerintahan negara orang yg memegang tampuk pemerintahan sesebuah negara ahli negara.Kamus Pelajar Edisi Kedua,kata nama,High
menyaksikan,[me.nya.si.kan]  Definisi :1. melihat menghadiri dll sbg saksi melihat menghadiri dll sendiri: mereka berkahwin dgn disaksikan oleh ibu bapa mereka 2. melihat sendiri: orang yg datang utk ~ permainan itu makin bertam-bah konsep inilah yg telah diterapkan dan akibatnya masih dapat disaksikan hingga ke masa kiniKamus Dewan Edisi Keempat[me.nya.si.kan]  Definisi :1 melihat sendiri menghadiri: Lebih kurang 40000 orang telah ~ pertandingan bola sepak itu malam tadi. 2 melihat atau menghadiri sbg saksi: Siapa yg akan ~ upacara akad nikahnya nanti 3 menunjukkan sesuatu sbg bukti membenarkan sesuatu dgn bukti atau dgn saksi membuktikan: Kehebatannya akan disaksikan dlm pertarungan itu nanti.Kamus Pelajar Edisi Kedua,kata nama,High
bernilai,[ber.ni.lai]  Definisi :mempunyai nilaiKamus Dewan Edisi Keempat[ber.ni.lai]  Definisi :mempunyai nilai berharga: Barang-barang ini ~ 500- ringgit.Kamus Pelajar Edisi Kedua,kata nama,High
tempoh,[tém.poh]  Definisi :témpoh 1. waktu masa: sudah ~nya utk pulang ada ~nya ada kalanya kadang-kadang makan ~ memerlukan masa yg banyak sekali ~ a bp sesuatu ketika b bp pd suatu ketika c sekali sekala ada ketikanya 2. pd masa pd ketika pd saat: ~ itu dia tidak ada di rumahnya 3. kesempatan utk berbuat sesuatu peluang: jika ada ~ saya akan ke rumah saudara besok 4. pengunduran waktu penundaan: mereka diberi ~ seminggu utk menyiapkan kerja itu minta ~ a minta tangguh b minta cuti 5. batas waktu yg tertentu janji waktu yg dijanjikan: dia diberi ~ tiga bulan utk menjelaskan baki hutangnya 6. jangka masa yg tertentu berlakunya sesuatu: telur-telur itu menetas dlm ~ sepuluh hari ~ dulu bp zaman dahulu dahulukala ~ hari a bp baru-baru ini beberapa hari yg lalu b bp pd ketika itu dahulu ~ lampau panas Geog tempoh cuaca yg luar biasa panasnya yg berterusan agak lama bertempoh dlm tempoh: kerajaan Jerman menghantar kata dua ~ 12 jam kpd Rusia.Kamus Dewan Edisi Keempat[tém.poh]  Definisi :témpoh 1. berhenti dr melakukan sesuatu bekerja dll tidak bekerja lagi tidak ~ a  tidak ~nya tidak berhenti-henti sentiasa b tidak ~ lagi  dgn tidak ~ dgn serta-merta dgn segera 2. beristirahat berehat mengaso: bolehlah ~ sebentar kalau letih 3. tidak hadir bekerja bersekolah dll cuti: dia dapat ~ sehari 4.  waktu ~  hari ~ waktu hari cuti kelepasan libur: waktu ~ tahun baru ini mereka pulang ke kampung 5. bercuti berlibur berpakansi: pergi ~ ke sebuah tempat peranginan di tepi laut menempohkan menghentikan memerhati-kan membenarkan mengizinkan beristirahat tidak ~ tangan sentiasa bekerja.Kamus Dewan Edisi Keempat[tém.poh]  Definisi :témpoh 1 masa atau waktu yg tertentu: Sudah sampai ~nya bagi mereka pulang ke tanah air mereka. 2 pd waktu pd ketika: ~ kami tiba dia tidak ada di rumahnya. 3 jangka waktu atau masa yg tertentu: Dia diberi ~ tiga bulan utk menghabiskan kerja itu. ~ hari beberapa hari yg lalu.Kamus Pelajar Edisi Kedua[tém.poh]  Definisi :témpoh 1 berhenti atau tidak bekerja utk sementara waktu: Tiada ~ ia bekerja. 2 berehat beristirahat: Bolehlah ~ sebentar kalau letih. 3 tidak hadir bekerja bersekolah dll cuti kelepasan: Dia dpt ~ tiga hari. menempohkan menjadikan berhenti memberhentikan.Kamus Pelajar Edisi Kedua,kata nama,High
hingga,[hing.ga]  Definisi :1. garis yg terakhir batas: tiap-tiap sesuatu ada ~ batasnya 2. sampai ke had tempat waktu dll: percakapan terhenti ~ itu masing-masing berdiri mencari tempat sujud ~ kini sampai pd ketika ini ~ kini ke atas pd masa sekarang dan selanjutnya 3.  sehingga hinggakan sehinggakan sampai pd keadaan masa dll sampai menjadi: ~ matahari telah condong benar ke barat barulah si Tanggang berkayuh balik 4. sl setelah sudah berhingga ada batasnya hadnya berbatas: air matanya bercucuran tiada ~ spt air laut menghinggakan memperhinggakan menetapkan batasnya jumlah dll membatasi mengehadkan: suka sangat rasa hatinya tidak dapat diperhinggakan terhingga terbatas terhad: kpd beliau ini kita berhutang budi yg tidak ~ maka Laksamana keluar masuk istana tiadalah ~ lagi perhinggaan batas batasan.Kamus Dewan Edisi Keempat[hing.ga]  Definisi :1 garis yg penghabisan atau terakhir batas: Tiap-tiap sesuatu ada ~nya. 2 sampai ke had tertentu: Mesyuarat itu berlangsung dr pukul sepuluh pagi ~ pukul dua belas tengah hari. 3  sehingga sampai ke bkn masa dll sampai menjadi: Mengkuang itu dijemur di atas padang atau di tempat-tempat yg lapang ~ kering. berhingga ada batas atau hadnya berbatas: Air matanya bercucuran tidak ~ spt air hujan. menghinggakan menentukan batas atau hadnya mengehadkan. terhingga terbatas terhad: Kerajaan telah membelanjakan wang yg tidak ~ banyaknya utk pembangunan negara.Kamus Pelajar Edisi Kedua,kata nama,High
pekerjaan,[pe.ker.ja.an]  Definisi :sesuatu yg diusahakan dilakukan berterusan kerana mencari nafkah: ~nya yg baru ini menjadikan hidupnya agak senangKamus Dewan Edisi Keempat[pe.ker.ja.an]  Definisi :1. sesuatu yg dikerjakan dilakukan dibuat perbuatan: ~mu membakar negeri Langkapuri itu juga bukan ~ laki-laki 2. sesuatu yg dilakukan harus dilakukan sbg tanggungjawab kewajiban tugas: sempurnalah ~ yg dititahkan paduka ayahanda itu ~nya membersihkan pekarangan rumah belum selesai ~ Allah kewajiban kpd Allah 3. sesuatu usaha kegiatan dsb yg dilakukan berterusan dr sehari ke sehari utk keperluan hidup usaha atau kegiatan utk mendapatkan wang pencarian: pd masa itu bapaku memegang ~ tuan syahbandar Holanda mereka semua mahukan ~ yg memberikan pendapatan yg besar ~ kolar putih kerja spt yg dilakukan oleh golongan pengurusan profesional perkeranian dsb iaitu bukan kerja kasar yg memerlukan kekuatan tenaga ~ tangan kerja membuat barang-barang dgn tangan spt menganyam dll 4. ark pergerakan atau perjalanan sesuatu: beliau menerangkan ~ jentera itu kpd pelawat-pelawat 5. majlis istiadat perkahwinan dll: banyak dia berbelanja kerana ~ kahwin anaknya ~ baik lekas-lekaskan jangan ditimpa ~ buruk ~ buruk lambat-lambatkan untung-untung datang ~ baik prb Mn pekerjaan baik spt pekerjaan kahwin hendaklah disegerakan melakukannya supaya tidak ada apa-apa halangan sebaliknya pekerjaan yg tidak baik hendaklah ditangguhkan supaya dapat difikirkan dgn lebih telitiKamus Dewan Edisi Keempat[pe.ker.ja.an]  Definisi :1 sesuatu yg dilakukan utk mencari nafkah hidup pencarian: ~ mereka ialah bercucuk tanam dan menangkap ikan. 2 sesuatu yg dikerjakan atau yg dibuat: Demikianlah ~nya setiap hari.Kamus Pelajar Edisi Kedua[pe.ker.ja.an]  Definisi :sesuatu yg dilakukan oleh seseorang utk mencari nafkah pencarian: Ada yg ~nya berladang dan ada pula yg berniaga. 2 sesuatu yg mesti dilaksanakan tugas: Tiap-tiap orang hendaklah menjalankan ~ masing-masing. 3 kegiatan atau usaha melakukan sesuatu: ~nya tiap-tiap hari tiada lain drpd membaca surat khabar. ~ kayu pertukangan kayu spt membuat kerusi dll.Kamus Pelajar Edisi Kedua,kata nama,High
syarikat,[sya.ri.kat]  Definisi :1. persekutuan perkumpulan gabungan Amerika S~ negara persekutuan di Amerika Utara 2. badan atau institusi perusahaan atau perniagaan yg dimiliki oleh satu orang atau sekumpulan orang perkongsian dlm perniagaan firma: kita bersama memodali perniagaan itu yg dgn sendirinya menjadi sebuah ~ anak ~ syarikat yg sekurang-kurangnya separuh drpd modalnya dimiliki oleh syarikat lain 3. persekutuan negara-negara yg menjadi sahabat dlm peperangan sekutu ~ berhad syarikat perusahaan atau perniagaan yg tanggungan atau tanggungjawab pemilik-pemiliknya terhadap hutang piutang syarikat berkenaan terhad hanya pd wang dsb yg telah dilaburkan ke dlm syarikat itu ~ bersekutu Udg syarikat yg sebahagian kepentingannya dipunyai atau dikawal oleh syarikat lain ~ gergasi  ~ raksasa ~ induk syarikat yg memiliki sebuah atau beberapa buah anak syarikat ~ kerjasama koperasi syarikat ~ kewangan syarikat yg memberikan kemudahan pinjaman kewangan dgn kadar faedah yg lebih tinggi drpd bank perdagangan terutamanya utk urus niaga sewa beli ~ multinasional syarikat yg beroperasi di beberapa buah negara ~ nomini Eko syarikat yg fungsinya memegang dan mengendalikan saham bagi pihak klien atau pemilik sebenar saham berkenaan ~ pembuatan syarikat yg kegiatannya ialah membuat atau menghasilkan barang di kilang dsb ~ perniagaan syarikat yg kegiatannya mengendalikan perniagaan jual beli ~ perusahaan syarikat yg menjalankan sesuatu atau beberapa perusahaan spt pembuatan barang pengendalian perkhidmatan dll ~ raksasa syarikat yg amat besar modalnya bidang kegiatannya penghasilannya tenaga pekerjanya dsb ~ tersenarai Eko syarikat yg saham biasanya disenaraikan di bursa saham dan oleh itu boleh diperniagakan bersyarikat 1. bersama-sama bersatu bermuafakat bergabung mengerjakan sesuatu mendirikan pertubuhan dll 2. bersekutu berkawan bersahabat mensyarikati ark bersyarikat dgn ikut serta bersama-sama dlm kesusahan dll mensyarikatkan ~ Allah menganggap Allah tidak esa lebih drpd satu persyarikatan 1. persekutuan perhimpunan perkumpulan persatuan: P~ Bangsa-Bangsa Bersatu 2.  ~ dagang Id perkongsian dlm perniagaan ~ Malaysia konsep kerjasama antara kerajaan dan swasta supaya pihak swasta akan berjaya dan memberi lebih banyak sumbangan kpd pembangunan negara.Kamus Dewan Edisi Keempat[sya.ri.kat]  Definisi :1 apa-apa yg menjadi teman atau sekutu kpd yg lain kawan rakan: Allah hanya satu tiada ~ bagi-Nya. 2 badan perniagaan yg dimiliki oleh beberapa orang firma: Ahmad bekerja sbg Pegawai Pemasaran di sebuah ~ tempatan. ~ berhad badan perniagaan yg tanggungan pemiliknya terhad kpd jumlah modal yg dimilikinya saja. ~ kerjasama badan yg mengusahakan sesuatu utk kepentingan ahli-ahlinya. ~ multinasional syarikat yg beroperasi di beberapa buah negara. bersyarikat 1 ada syarikatnya bersekutu. 2 bersama-sama mengerjakan sesuatu bersatu. mensyarikatkan 1 mengadakan sekutu pd: Berdosa jika ~ Allah. 2 menubuhkan syarikat menjadikan sbg syarikat. persyarikatan perbuatan atau hal bersyarikat persatuan. pensyarikatan perbuatan atau hal mensyarikatkan penubuhan syarikat.Kamus Pelajar Edisi Kedua,kata nama,High
hingga,[hing.ga]  Definisi :1. garis yg terakhir batas: tiap-tiap sesuatu ada ~ batasnya 2. sampai ke had tempat waktu dll: percakapan terhenti ~ itu masing-masing berdiri mencari tempat sujud ~ kini sampai pd ketika ini ~ kini ke atas pd masa sekarang dan selanjutnya 3.  sehingga hinggakan sehinggakan sampai pd keadaan masa dll sampai menjadi: ~ matahari telah condong benar ke barat barulah si Tanggang berkayuh balik 4. sl setelah sudah berhingga ada batasnya hadnya berbatas: air matanya bercucuran tiada ~ spt air laut menghinggakan memperhinggakan menetapkan batasnya jumlah dll membatasi mengehadkan: suka sangat rasa hatinya tidak dapat diperhinggakan terhingga terbatas terhad: kpd beliau ini kita berhutang budi yg tidak ~ maka Laksamana keluar masuk istana tiadalah ~ lagi perhinggaan batas batasan.Kamus Dewan Edisi Keempat[hing.ga]  Definisi :1 garis yg penghabisan atau terakhir batas: Tiap-tiap sesuatu ada ~nya. 2 sampai ke had tertentu: Mesyuarat itu berlangsung dr pukul sepuluh pagi ~ pukul dua belas tengah hari. 3  sehingga sampai ke bkn masa dll sampai menjadi: Mengkuang itu dijemur di atas padang atau di tempat-tempat yg lapang ~ kering. berhingga ada batas atau hadnya berbatas: Air matanya bercucuran tidak ~ spt air hujan. menghinggakan menentukan batas atau hadnya mengehadkan. terhingga terbatas terhad: Kerajaan telah membelanjakan wang yg tidak ~ banyaknya utk pembangunan negara.Kamus Pelajar Edisi Kedua,kata kerja,Moderate
yang,[yang]  Definisi :1. Lin kata penghubung utk menyatakan bahawa kata keterangan berikutnya dipentingkan atau menunjukkan kelainan: rumah ~ besar itu orang ~ sakit itu 2. Lin kata penghubung utk menyatakan bahawa katakata ayat berikutnya ialah penjelasan utk kata-kata sebelumnya: banyak orang ~ ingin bersalam dengannya 3. kata yg digunakan sbg kata penyerta kata yg menentukan kata benda kata sandang: ~ penting bagi kita ialah mengenai dasar ~ kaya sama kaya 4. sl adapun akan: ~ hutang tuan hamba sekati emas itu halallah dunia akhirat 5. bp kata peng-hubung utk menyatakan isi atau huraiankata ayat sebelumnya bahawa: mengertilah cikgu itu ~ pandangan itu bermaksud meminta nasihat Y~ Amat Arif rujukan kehormat utk Ketua Hakim Negara dlm situasi formal spt di mahkamah dsb Y~ Amat Berbahagia rujukan kehormat yg digunakan utk mereka yg bergelar Tun dan Toh Puan Y~ Amat Berhormat rujukan kehormat yg digunakan utk Perdana Menteri Timbalan Perdana Menteri dan Menteri Besar Y~ Amat Mulia rujukan kehormat yg digunakan utk Undang luak di Negeri Sembilan Y~ Arif rujukan kehormat yg digunakan utk Hakim pd situasi yg formal spt di mahkamah dsb Y~ Berbahagia rujukan kehormat yg digunakan utk mereka yg bergelar Tan Sri Puan Sri Datuk Seri Datin Seri Datuk Paduka Datin Paduka Dato Datuk dan Datin yg bukan wakil rakyat Y~ Berhormat rujukan kehormat yg digunakan utk Menteri Timbalan Menteri Yang Dipertua Dewan Negara Yang Dipertua Dewan Rakyat Yang Dipertua Dewan Negeri Ahli Dewan Rakyat Ahli Dewan Negara dan Ahli Dewan Undangan Negeri Y~ Berhormat Mulia rujukan kehormat yg digunakan utk Menteri Timbalan Menteri Yang Dipertua Dewan Negara Yang Dipertua Dewan Rakyat Yang Dipertua Dewan Negeri Ahli Dewan Rakyat Ahli Dewan Negara dan Ahli Dewan Undangan Negeri yg berketurunan raja Y~ Dipertua orang yg dilantik menjadi ketua sesuatu persatuan perkumpulan dll Y~ Dipertua Negeri gelaran utk ketua negeri bagi Melaka Pulau Pinang Sabah dan Sarawak Y~ Dipertuan gelaran utk raja yg memerintah sultan tuanku Y~ di-Pertuan Agong gelaran utk Ketua Negara Malaysia Y~ Maha Kuasa Tuhan Allah Y~ Maha Mulia rujukan kehormat utk sultan atau raja yg memerintah Y~ Mulia rujukan kehormat utk mereka yg bergelar Tengku Raja Syed Engku Ungku dan Datu Y~ Teramat Mulia rujukan kehormat utk keluarga diraja yg terdekat.Kamus Dewan Edisi Keempat[yang]  Definisi : yang-yang dewa beryang-yang membaca mantera memanggil dewa-dewa memuja dewa-dewa: maka tuan puteri pun mengambil gaharu cendana janggi dibakarnya sambil ~ Tuanku Malim Deman pun berangkatlah bersiram di dlm taman itu ~ mengamalkan sekalian ilmu hikmat kayangan tempat kediaman segala dewa keinderaan.Kamus Dewan Edisi Keempat[yang]  Definisi :1 kata utk mengasingkan sesuatu supaya jelas kelainannya: Telur ~ kecil di atas meja itu telur burung. 2 kata utk menentukan sesuatu sbg benda: ~ tinggi itu bangunan Parlimen. 3 kata yg menghubungkan benda dgn penerangnya: Rumah ~ baru dibelinya itu rumah batu. ~ Dipertua orang yg dilantik menjadi ketua sesuatu perkumpulan persatuan dll. ~ Dipertuan gelaran utk raja yg memerintah. ~ Maha Kuasa Tuhan Allah.Kamus Pelajar Edisi Kedua[yang]  Definisi :  yang-yang dewa. beryang-yang memuja dewa-dewa.Kamus Pelajar Edisi Kedua,-,-
melabur,[me.la.bur]  Definisi :menyapu dgn kapur mengapur tembok dll: maka dilaburnya dgn kapur gemerlapan cahayanya spt kapas terbusur.Kamus Dewan Edisi Keempat[me.la.bur]  Definisi :1. membekalkan makanan wang modal dll kpd pekerja dll 2.  meletakkan memberikan menyerahkan sejumlah wang utk sesuatu usaha spt pengeluaran barang perniagaan dsb dgn tujuan utk memperoleh keuntungan menanam modal: rakyat bumiputera diseru melabur dlm Amanah Saham NasionalKamus Dewan Edisi Keempat[me.la.bur]  Definisi :1 membeli saham syer dsb dlm sesuatu badan perniagaan utk tujuan mendapat keuntungan menanam modal: Rakyat bumiputera digalakkan ~ dlm Amanah Saham Nasional. 2 memberi makan wang makan bekalan dsb kpd pekerja dll.Kamus Pelajar Edisi Kedua,-,-
di,-,-,-
malaysia,Definisi :negara yg terletak di Asia Tenggara yg ibu negaranya Kuala Lumpur bahasa rasmi dan bahasa kebangsaannya bahasa Melayu dan agama rasminya agama Islam memalaysiakan menyesuaikan atau menjadikan sesuatu supaya bercirikan Malaysia: pakaian tradisi Cina yg telah dimalaysiakan bersesuaian dgn suasana tempatan kemalaysiaan berhubung dgn atau bersifat Malaysia sbg sebuah negara seluruhnya: banyak ciri dan cita-citanya lebih melambangkan ciri dan cita-cita ~ pemalaysiaan perbuatan proses menjadikan sesuatu bercirikan Malaysia: penyusunan semula masyarakat adalah satu proses ~ semua sektor kehidupan rakyat Malaysia.Kamus Dewan Edisi Keempat,-,-
microsoft,-,-,-
nvidia,-,-,-
dan,-,-,-
ytl,-,-,-
oracle,-,-,-
aws,-,-,-
dan,-,-,-
google,-,-,-
pelaburan,[pe.la.bu.ran]  Definisi :1. jumlah wang modal dsb yg dilaburkan dlm sesuatu usaha niaga dsb penanaman modal 2. sesuatu yg dibeli dsb dgn harapan akan mendapat keuntungan yg berlipat ganda penanaman modal: pembelian tanah merupakan suatu bentuk ~ yg menguntungkanKamus Dewan Edisi Keempat[pe.la.bu.ran]  Definisi :1 wang modal dsb yg dilaburkan dlm sesuatu perniagaan: Dr masa ke masa dia menambah ~nya dlm skim Amanah Saham Nasional. 2 hal perbuatan cara dsb melabur atau melaburkan: Kerajaan menggalakkan ~ drpd rakyat.Kamus Pelajar Edisi Kedua,-,-
ini,[i.ni]  Definisi :kata yg digunakan utk menunjuk waktu tempat atau benda yg dekat: Binatang apa ~. sekarang ~ pd masa sekarang petang ~ petang nanti ~ pula istimewa pula lebih-lebih lagi.Kamus Pelajar Edisi Kedua,-,-
dijangka,-,-,-
ekonomi,[é.ko.no.mi]  Definisi :ékonomi 1. ilmu bkn pengeluaran pengagihan penggunaan barang-barang dan perkhidmatan: beberapa orang penuntut ~ sedang membantu Kementerian Buruh menyelidiki keadaan pengangguran sekarang ini ahli ~ orang yg pakar dlm bidang ekonomi 2. sistem pengeKamus Dewan Edisi Keempat[é.ko.no.mi]  Definisi :ékonomi 1 ilmu ttg asas-asas pengeluaran pembahagian penggunaan barang-barang dan perkhidmatan serta masalah-masalah kewangan kemasyarakatan dll yg bersangkutan dgnnya. 2 keadaan kekayaan atau kebendaan sesebuah negara dll: Kedudukan ~ negara semakin kukuh. 3 urusan ttg perkara-perkara rumah tangga spt perbelanjaan penggunaan barang-barang. 4 tidak boros hemat. ~ campuran sistem ekonomi yg sebahagian sumbernya dikawal oleh sektor awam dan sebahagian lagi dikawal oleh sektor swasta. ~ terbuka ekonomi yg melibatkan perdagangan sesebuah negara dgn negara yg lain. ~ tertutup ekonomi yg tidak melibatkan perdagangan antarabangsa iaitu tidak wujud aktiviti import dan eksport barangan atau bahan pengeluaran. berekonomi 1 menjalankan sesuatu usaha menurut ilmu ekonomi. 2 bercermat atau berhati-hati dlm menggunakan wang berhemat. mengekonomikan membelanjakan wang dgn hati-hati menghematkan: Utk tujuan ini beliau telah ~ segala perbelanjaan seberapa yg dpt. perekonomian hal-hal atau kegiatan-kegiatan ekonomi.Kamus Pelajar Edisi Kedua,-,-
berasaskan,[be.ra.sas.kan][ber.a.sas.kan]  Definisi :menggunakan bersandarkan sesuatu sbg asas berdasarkan: sistem ekonomi yg ~ kapitalisme tuduhan yg ~ bukti yg nyataKamus Dewan Edisi Keempat[be.ra.sas.kan][ber.a.sas.kan]  Definisi :berdasar pd: Seseorang itu dihukum ~ undang-undang dlm negeri.Kamus Pelajar Edisi Kedua,-,-
teknologi,[ték.no.lo.gi]  Definisi :téknologi 1. aktiviti atau kajian yg menggunakan pengetahuan sains utk tujuan praktis dlm industri pertanian perubatan perniagaan dll sains gunaan: Universiti Malaya memainkan peranan yg penting utk melahirkan pakar-pakar ~ kita 2. kaedah atau proses menangani sesuatu masalah teknikal ~ maklumat teknologi yg berkaitan dgn pe-merolehan penyimpanan pemprosesan dan penyebaran maklumat secara elektronik ~ maklumat dan komunikasi teknologi yg ber-kaitan dgn pemerolehan penyimpanan pem-prosesan dan penyebaran maklumat melalui penggunaan teknologi komputer dan tele-komunikasi ~ tinggi teknologi yg berasaskan kajian saintifik termaju spt penggunaan peralatan elektronik yg canggih berteknologi mempunyai teknologi: masya-rakat ~ tinggi.Kamus Dewan Edisi Keempat[ték.no.lo.gi]  Definisi :téknologi ilmu ttg cara mencipta barang-barang dlm perusahaan spt bangunan jentera. ~ maklumat teknologi yg berkaitan dgn pemerolehan penyimpanan pemprosesan dan penyebaran maklumat secara elektronik. ~ maklumat dan komunikasi teknologi maklumat melalui penggunaan komputer dan dlm bidang telekomunikasi. berteknologi mempunyai teknologi: kenderaan ~ tinggi.Kamus Pelajar Edisi Kedua,-,-
dan,-,-,-
malaysia,Definisi :negara yg terletak di Asia Tenggara yg ibu negaranya Kuala Lumpur bahasa rasmi dan bahasa kebangsaannya bahasa Melayu dan agama rasminya agama Islam memalaysiakan menyesuaikan atau menjadikan sesuatu supaya bercirikan Malaysia: pakaian tradisi Cina yg telah dimalaysiakan bersesuaian dgn suasana tempatan kemalaysiaan berhubung dgn atau bersifat Malaysia sbg sebuah negara seluruhnya: banyak ciri dan cita-citanya lebih melambangkan ciri dan cita-cita ~ pemalaysiaan perbuatan proses menjadikan sesuatu bercirikan Malaysia: penyusunan semula masyarakat adalah satu proses ~ semua sektor kehidupan rakyat Malaysia.Kamus Dewan Edisi Keempat,-,-
sebagai,[se.ba.gai]  Definisi :1. untuk bagi: beliau memberi fatwa ini ~ menjawab pertanyaan 2. jadi menjadi selaku: mengangkatnya ~ pengerusi 3. bertindak spt selaku: ~ negara sahabat kita mengharapkan bantuan drpd mereka ~ lagi  ~ pula demikian pula lebih-lebih lagi: ~ pula raja tidak mengetahui kezaliman hulubalangnya ~nya a lain-lain serupa semacam itu: buah nanas buah mangga dan ~nya b sepatutnya: diperlakukan dgn ~nyaKamus Dewan Edisi Keempat[se.ba.gai]  Definisi :1 hampir sama keadaannya seperti seumpama. 2 berlaku selaku: ~ orang Islam dia berpuasa dlm bulan Ramadan.Kamus Pelajar Edisi Kedua,-,-
hab,[hab]  Definisi :Kej bahagian tengah sesuatu roda dll tempat gandar dipasangkan.Kamus Dewan Edisi Keempat,-,-
digital,[di.gi.tal]  Definisi :Komp beroperasi dgn menggunakan angka atau aksara lain utk mewakili data mendigitalkan menukarkan data dsb kpd bentuk digital supaya dapat diproses secara langsung oleh komputer pendigitalan proses perihal perbuatan dsb mendigitalkan.Kamus Dewan Edisi Keempat[di.gi.tal]  Definisi :berhubungan dgn angka utk sistem tertentu beroperasi dgn menggunakan angka dsb utk mewakili data.Kamus Pelajar Edisi Kedua[di.gi.tal]  Definisi :berhubungan dgn angka utk sistem tertentu beroperasi dgn menggunakan angka dsb utk mewakili data. mendigitalkan menukarkan data dsb kpd bentuk digital supaya dpt diproses oleh komputer. pendigitalan proses atau perbuatan mendigitalkan.Kamus Pelajar Edisi Kedua,-,-
asia,-,-,-
tenggara,[teng.ga.ra]  Definisi :mata angin di antara timur dgn selatan angin ~ angin yg bertiup dr sebelah tenggara angin ~ mandi angin kencang dr tenggara musim ~ musim tengkujuh dr bulan April hingga bulan Oktober menenggara ke sebelah tenggara selatan ~ mata angin di antara selatan dgn tenggara timur ~ mata angin di antara timur dgn tenggara.Kamus Dewan Edisi Keempat[teng.ga.ra]  Definisi :arah mata angin di antara timur dgn selatan. menenggara ke sebelah tenggara: selatan ~ arah atau mata angin antara selatan dgn tenggara.Kamus Pelajar Edisi Kedua,-,-
memacu,[me.ma.cu]  Definisi :1. menggesa kuda dgn menusukkan pacu supaya berlari deras: maka Arung Lenga pun ~ kudanya 2. ki melarikan deras-deras kereta dll: dipacunya motosikalnya dgn laju 3.  memacukan memperlumbakan 4. menggerakkan sesuatu kegiatan ekonomi pembangunan dsb dgn lebih cepat atau pesat memesatkan: beberapa strategi utk ~ pertumbuhan ekonomi negara mereka berjaya menggunakan pengetahuan dan pengalaman utk ~ perniagaan masing-masingKamus Dewan Edisi Keempat[me.ma.cu]  Definisi :1 menggesa kuda dgn pacu supaya kencang larinya: Ketika itu juga Nikman ~ kudanya pergi memeriksa pasukan askarnya. 2 mengencangkan perjalanan kereta motosikal dll: Dia ~ keretanya di medan perlumbaan. 3 menggerakkan sesuatu kegiatan ekonomi pembangunan dsb dgn lebih cepat atau pesat memesatkan: Beberapa strategi telah dilaksanakan utk ~ pertumbuhan ekonomi.Kamus Pelajar Edisi Kedua,kata nama,High
termasuk,[ter.ma.su]  Definisi :1. sudah masuk ~ di hati ki dapat diterima dipercayai 2. tergolong terhitung dll dlm: labah-labah tidak ~ dlm kumpulan seranggaKamus Dewan Edisi Keempat[ter.ma.su]  Definisi :1 sudah masuk: ~ di hati dpt dipercayai dpt diterima akal. 2 telah masuk dlm sesuatu kiraan terhitung tergolong: Kami tidak ~ dlm senarai orang yg mencuaikan pekerjaan.Kamus Pelajar Edisi Kedua,kata kerja,Moderate
pertumbuhan,[per.tum.bu.han]  Definisi :perihal tumbuh perkem-bangan: pokok yg tidak cukup baja dan air akan terbantut ~nyaKamus Dewan Edisi Keempat[per.tum.bu.han]  Definisi :perihal atau proses tumbuh ttg manusia tumbuh-tumbuhan dan binatang tumbesaran: Makanan bayi mempengaruhi ~ mental dan fizikalnya. ~ pokok itu terbantut kerana iklim di situ tidak sesuai dgnnya.Kamus Pelajar Edisi Kedua,kata kerja,Moderate
menjadikan,[men.ja.di.kan]  Definisi :1 menggunakan sbg membuat: Mereka telah ~ gua itu tempat persembunyian mereka. 2 melantik atau mengangkat sbg: Guru Besar telah ~ dia ketua murid. 3 menyebabkan menimbulkan: Kematian anaknya yg sulung itu ~ dia selalu termenung. 4 mencipta mewujudkan: Tuhanlah yg ~ kita semua.Kamus Pelajar Edisi Kedua,kata kerja,Moderate
selain,[se.lain]  Definisi :1. hanya kecuali: ia tidak dapat berbuat apa-apa ~ membiarkan sahaja 2. di samping bersama-sama dgn: ~ ceramah diadakan juga pembacaan sajakKamus Dewan Edisi Keempat[se.lain]  Definisi :  lain drpd 1 di samping: ~ berlatih kawad mereka belajar undang-undang juga. 2 kecuali hanya: Emaknya tidak dpt berbuat apa-apa ~ menangis.Kamus Pelajar Edisi Kedua,adjektif,Moderate
mengukuhkan,[me.ngu.kuh.kan]  Definisi :menjadikan kukuh pertahanan kedudukan ekonomi dll meneguhkan pendirian perhubungan dll: kerajaan telah berusaha ~ pertahanan negeri sbg langkah bersiap sedia menghadapi ancaman musuh pertandingan membaca Quran merupakan suatu usaha ~ tali persaudaraan sesama kita umat IslamKamus Dewan Edisi Keempat[me.ngu.kuh.kan]  Definisi :menjadikan kukuh menguatkan pertahanan dll meneguhkan pendirian dll: Beliau berusaha ~ tali persahabatan antara rakyat di kedua-dua buah negara yg berjiran itu.Kamus Pelajar Edisi Kedua,adjektif,Moderate
pelaburan,[pe.la.bu.ran]  Definisi :1. jumlah wang modal dsb yg dilaburkan dlm sesuatu usaha niaga dsb penanaman modal 2. sesuatu yg dibeli dsb dgn harapan akan mendapat keuntungan yg berlipat ganda penanaman modal: pembelian tanah merupakan suatu bentuk ~ yg menguntungkanKamus Dewan Edisi Keempat[pe.la.bu.ran]  Definisi :1 wang modal dsb yg dilaburkan dlm sesuatu perniagaan: Dr masa ke masa dia menambah ~nya dlm skim Amanah Saham Nasional. 2 hal perbuatan cara dsb melabur atau melaburkan: Kerajaan menggalakkan ~ drpd rakyat.Kamus Pelajar Edisi Kedua,-,-
infineon,-,-,-
di,-,-,-
kedah,[ke.dah]  Definisi :terbuka lebar mulut ternganga mulut terkangkang kaki mangkuk ~ mangkuk yg bermulut lebar dan bertutup.Kamus Dewan Edisi Keempat[ke.dah]  Definisi :negeri di barat daya Semenanjung keluasan 9479 km2 Alor Setar sbg ibu negeri.Kamus Dewan Edisi Keempat,-,-
berjumlah,[ber.jum.lah]  Definisi :mempunyai jumlah: hutangnya di kedai itu ~ dua ratus ringgitKamus Dewan Edisi Keempat[ber.jum.lah]  Definisi :mempunyai jumlah banyaknya sekalian yg ada: Anak muridnya ~ 42 orang.Kamus Pelajar Edisi Kedua,-,-
rm,Definisi :kep Ringgit Malaysia.Kamus Dewan Edisi Keempat,-,-
bilion,[bi.lion]  Definisi :1. di Britain satu juta juta ditulis sbg 1 000 000 000 000 atau 1012 2. di AS satu ribu juta ditulis sbg 1 000 000 000 atau 109 berbilion berbilion-bilion beberapa bilion beberapa banyak bilion.Kamus Dewan Edisi Keempat[bi.lion]  Definisi :bilangan sebanyak sejuta juta atau 1012 tetapi di Amerika Syarikat seribu juta atau 109.Kamus Pelajar Edisi Kedua,-,-
membina,[mem.bi.na]  Definisi :1. membuat sehingga terdiri sesuatu spt rumah bangunan jalan raya dll membangunkan mendirikan: kerajaan ~ rumah murah utk golongan yg berpendapatan rendah 2. membantu dlm proses menjadi besar: makanan yg ~ badan 3. mengusahakan supaya lebih maju membangunkan: ~ negara 4. mewujudkan membentuk: ~ satu masyarakat baru ~ sikap baru ~ rumah tangga yg bahagia 5. mengembangkan: ~ plot cerita 6. memajukan dan meninggikan mutu dan taraf serta memperkukuh kedudukan sesuatu spt bahasa dll: ~ bahasa Melayu 7. mendatangkan kebaikan membawa manfaat dapat memajukan membaiki dsb sesuatu: teguran yg ~Kamus Dewan Edisi Keempat[mem.bi.na]  Definisi :1 membuat sesuatu bangunan spt rumah supaya tegak berdiri: Siapakah yg ~ masjid yg seindah ini 2 mengusahakan supaya maju dan lebih baik membaiki: Kita mesti bekerja keras utk menyusun dan ~ suatu masyarakat yg adil dan makmur.Kamus Pelajar Edisi Kedua,-,-
fabrikasi,-,-,-
silikon,[si.li.kon]  Definisi :Kim sj unsur bukan logam yg terdapat dlm pasir kuarza dan granit dan digunakan utk membuat komponen komputer peralatan elektronik kaca dll.Kamus Dewan Edisi Keempat[si.li.kon]  Definisi :ist unsur bukan logam yg rapuh dan banyak terdapat pd kerak bumi sering digunakan dlm perusahaan kaca pancalogam dll.Kamus Pelajar Edisi Kedua,-,-
karbida,[kar.bi.da]  Definisi :Kim sebatian tak organik drpd karbon dgn unsur yg lebih elektropositif: kalsium ~.Kamus Dewan Edisi Keempat[kar.bi.da]  Definisi :ist sebatian sesuatu unsur biasa-nya logam dgn karbon. kalsium ~ karbida yg wujud dlm bentuk asli sbg hablur yg lut sinar dan mengurai dlm air digunakan utk menghasilkan sj gas.Kamus Pelajar Edisi Kedua,-,-
terbesar,[ter.be.sar]  Definisi :1. yg sangat amat besar yg besar sekali 2. tanpa disedari atau tidak sengaja dibuat lebih besar drpd yg dikehendaki atau yg sepatutnya: dia memotong baju itu ~ sedikitKamus Dewan Edisi Keempat,-,-
di,-,-,-
dunia,[du.nia]  Definisi :1. bumi dan segala yg terdapat di permukaannya alam tempat kita duduki: lombong Kinta ialah kawasan lombong bijih timah yg terkaya di ~ itulah kekasihnya ~ dan akhirat 2. perihal hidup kehidupan: ~ hari ini penuh dgn penindasan dan kepura-puraan 3. segala manusia yg hidup di bumi: seluruh ~ turut bersedih atas kematian Presiden John. F. Kennedy 4. bidang lapangan alam: dlm ~ perniagaan orang Melayu masih jauh ketinggalan 5. bahagian dunia negara dll masyarakat: ~ sebelah sini masih lagi dlm keadaan huru-hara ~ barat ~ akhirat sepanjang masa di dunia dan di akhirat ~ kanak-kanak perihal hidup kanak-kanak ~ luar masyarakat negeri dll luar ~ ramai masyarakat ramai umum ~ sukan lapangan sukan ~ diadang kikir diperbuat ~ diadang saku dijahit prb bersuka-suka mahu tetapi mengeluarkan wang enggan memakai ~ berganti-ganti yg hidup sesarkan mati dgn mati itu bernanti-nanti prb baka yg turun-temurun tidak akan putusKamus Dewan Edisi Keempat[du.nia]  Definisi :1 alam yg kita duduki ini bumi dan segala yg terdapat di permukaannya: ~ kita ini bulat. 2 manusia yg hidup di bumi: Seluruh ~ kagum dgn pengembaraan orang-orang Amerika ke bulan. 3 lapangan bidang: Dia lebih terkenal dlm ~ sukan drpd dlm ~ perniagaan. 4 bahagian bumi benua negara dll: ~ barat sekarang ini lebih maju drpd ~ timur. 5 keadaan hidup keadaan masyarakat: ~ sekarang sudah terbalik lelaki berambut panjang dan perempuan berambut pendek. ~ akhirat di dunia dan di akhirat. ~ luar masyarakat atau negara luar. keduniaan segala yg berkaitan dgn dunia perihal dunia: Janganlah berkhayal dgn ~ saja. sedunia seluruh serata dunia mengenai negara-negara di seluruh dunia.Kamus Pelajar Edisi Kedua,-,-
yang,[yang]  Definisi :1. Lin kata penghubung utk menyatakan bahawa kata keterangan berikutnya dipentingkan atau menunjukkan kelainan: rumah ~ besar itu orang ~ sakit itu 2. Lin kata penghubung utk menyatakan bahawa katakata ayat berikutnya ialah penjelasan utk kata-kata sebelumnya: banyak orang ~ ingin bersalam dengannya 3. kata yg digunakan sbg kata penyerta kata yg menentukan kata benda kata sandang: ~ penting bagi kita ialah mengenai dasar ~ kaya sama kaya 4. sl adapun akan: ~ hutang tuan hamba sekati emas itu halallah dunia akhirat 5. bp kata peng-hubung utk menyatakan isi atau huraiankata ayat sebelumnya bahawa: mengertilah cikgu itu ~ pandangan itu bermaksud meminta nasihat Y~ Amat Arif rujukan kehormat utk Ketua Hakim Negara dlm situasi formal spt di mahkamah dsb Y~ Amat Berbahagia rujukan kehormat yg digunakan utk mereka yg bergelar Tun dan Toh Puan Y~ Amat Berhormat rujukan kehormat yg digunakan utk Perdana Menteri Timbalan Perdana Menteri dan Menteri Besar Y~ Amat Mulia rujukan kehormat yg digunakan utk Undang luak di Negeri Sembilan Y~ Arif rujukan kehormat yg digunakan utk Hakim pd situasi yg formal spt di mahkamah dsb Y~ Berbahagia rujukan kehormat yg digunakan utk mereka yg bergelar Tan Sri Puan Sri Datuk Seri Datin Seri Datuk Paduka Datin Paduka Dato Datuk dan Datin yg bukan wakil rakyat Y~ Berhormat rujukan kehormat yg digunakan utk Menteri Timbalan Menteri Yang Dipertua Dewan Negara Yang Dipertua Dewan Rakyat Yang Dipertua Dewan Negeri Ahli Dewan Rakyat Ahli Dewan Negara dan Ahli Dewan Undangan Negeri Y~ Berhormat Mulia rujukan kehormat yg digunakan utk Menteri Timbalan Menteri Yang Dipertua Dewan Negara Yang Dipertua Dewan Rakyat Yang Dipertua Dewan Negeri Ahli Dewan Rakyat Ahli Dewan Negara dan Ahli Dewan Undangan Negeri yg berketurunan raja Y~ Dipertua orang yg dilantik menjadi ketua sesuatu persatuan perkumpulan dll Y~ Dipertua Negeri gelaran utk ketua negeri bagi Melaka Pulau Pinang Sabah dan Sarawak Y~ Dipertuan gelaran utk raja yg memerintah sultan tuanku Y~ di-Pertuan Agong gelaran utk Ketua Negara Malaysia Y~ Maha Kuasa Tuhan Allah Y~ Maha Mulia rujukan kehormat utk sultan atau raja yg memerintah Y~ Mulia rujukan kehormat utk mereka yg bergelar Tengku Raja Syed Engku Ungku dan Datu Y~ Teramat Mulia rujukan kehormat utk keluarga diraja yg terdekat.Kamus Dewan Edisi Keempat[yang]  Definisi : yang-yang dewa beryang-yang membaca mantera memanggil dewa-dewa memuja dewa-dewa: maka tuan puteri pun mengambil gaharu cendana janggi dibakarnya sambil ~ Tuanku Malim Deman pun berangkatlah bersiram di dlm taman itu ~ mengamalkan sekalian ilmu hikmat kayangan tempat kediaman segala dewa keinderaan.Kamus Dewan Edisi Keempat[yang]  Definisi :1 kata utk mengasingkan sesuatu supaya jelas kelainannya: Telur ~ kecil di atas meja itu telur burung. 2 kata utk menentukan sesuatu sbg benda: ~ tinggi itu bangunan Parlimen. 3 kata yg menghubungkan benda dgn penerangnya: Rumah ~ baru dibelinya itu rumah batu. ~ Dipertua orang yg dilantik menjadi ketua sesuatu perkumpulan persatuan dll. ~ Dipertuan gelaran utk raja yg memerintah. ~ Maha Kuasa Tuhan Allah.Kamus Pelajar Edisi Kedua[yang]  Definisi :  yang-yang dewa. beryang-yang memuja dewa-dewa.Kamus Pelajar Edisi Kedua,-,-
itu,-,-,-
ini,[i.ni]  Definisi :kata yg digunakan utk menunjuk waktu tempat atau benda yg dekat: Binatang apa ~. sekarang ~ pd masa sekarang petang ~ petang nanti ~ pula istimewa pula lebih-lebih lagi.Kamus Pelajar Edisi Kedua,-,-
loji,[lo.ji]  Definisi :1. gedung bangunan besar 2. pejabat syarikat perniagaan zaman dahulu yg dibuat berkubu 3. kilang bangunan serta alat-alat di dalamnya spt jentera mesin dll ~ kuasa a loji utk menerbitkan kuasa atau tenaga elektrik dll b kilang bangunan serta alat di dalamnya utk memasang sesuatu kereta jentera dll ~ penapis loji utk menapis sesuatu.Kamus Dewan Edisi Keempat[lo.ji]  Definisi : kelapa ~ kelapa.Kamus Dewan Edisi Keempat[lo.ji]  Definisi :1 gedung atau bangunan besar. 2 kilang termasuk bangunan dan alat-alat jentera di dlmnya.Kamus Pelajar Edisi Kedua,kata nama,High
kuasa,[kua.sa]  Definisi :1. daya atau kemampuan utk melakukan atau mengerjakan sesuatu keupayaan kekuatan tenaga: serangga mempunyai ~ terbang dan cara bernafas yg istimewa 2. berupaya mampu berdaya melakukan sesuatu Maha ~ Berkuasa amat besar kuasa-Nya Tuhan 3. sanggup serta berminat membuat atau melakukan sesuatu: Azmi tidak ~ hendak melayan orang macam bapa saudaranya itu ia tidak ~ berebut-rebut mengambil tempat tak ~ hamba tinggal seorang diri di rumah 4. hak atau kewibawaan atas sesuatu atau utk melakukan mengurus memerintah dll sesuatu ditentukan oleh undang-undang peraturan dll: polis mempunyai ~ menahan seseorang yg disyaki ia diberi ~ utk menyelesaikan pertikaian itu ~ dan tanggungjawab seseorang ketua jabatan mengambil ~ memperoleh kuasa hak atas sesuatu tanah harta dll dgn rasmi 5. orang yg diberi hak utk melakukan atau menentukan sesuatu: datang pula sebuah sampan membawa surat Tuan Farquhar kpd ~nya di Melaka menyuruh hantarkan barang-barangnya ~ pusat badan yg mempunyai kuasa tertinggi 6. pengaruh atau kewibawaan yg ada pd seseorang dll kerana kedudukannya darjatnya dsb: kalau dia digulingkan ~nya akan hilang dan ranaplah segala kemuliaannya ~ kerajaan Majapahit yg terasa hingga ke Siam 7. negara yg mempunyai pengaruh atas negara-negara lain: ~-~ Barat ~ Eropah empat ~ besar empat negara yg berpengaruh iaitu Amerika Syarikat Great Britain Perancis dan Rusia 8. Mat nombor yg menunjukkan sesuatu nombor itu didarabkan banyak kali dgn nombor yg sama mis 63 disebut enam kuasa tiga iaitu 6 didarabkan tiga kali 6 x 6 x 6 dgn hasilnya 216 ~ air tenaga yg diperoleh dr air terjun atau air mengalir utk menjalankan jentera ~ atom kekuatan tenaga yg diperoleh drpd pecahan nukleus ~ autonomi kuasa mentadbir dll yg ada pd negeri badan-badan pertubuhan dll ~ bateri tenaga elektrik yg diperoleh dr bateri ~ beli kemampuan membeli barang-barang dll ~ besar negara yg berkuasa dr segi ekonomi ketenteraan dll spt Amerika Syarikat ~ elektrik tenaga daya elektrik ~ ghaib kuasa atau kekuatan yg datang dr sesuatu yg tidak dapat dilihat spt kesaktian dll ~ kehakiman Udg kuasa yg diberikan kpd badan kehakiman utk mendengar dan mengadili pertelingkahan antara pihak-pihak yg terbabit ~ kuda a tenaga atau kekuatan kuda b ukuran kekuatan enjin atau motor kekuatan utk mengangkat berat 550 paun setinggi satu kaki dlm satu saat ~ mutlak kuasa sepenuh-penuhnya ~ pembatal kuasa atau hak menolak membatalkan sesuatu keputusan yg telah dicapai oleh pihak lain atau undang-undang ~ suria sinaran haba drpd matahari yg ditukarkan kpd kuasa elektrik ~ usaha a pegawai yg menjalankan tugas kewajiban duta apabila duta tidak ada bercuti dll b diplomat yg tidak bertaraf duta yg mengetuai perwakilan negerinya di negeri asing sekuasa seboleh sedapat: maka oleh Kartala Sari dicurinya harta saudagar itu ~ pembawaannya sekuasa-kuasanya seboleh-bolehnya sedapatdapatnya sedaya upaya: dgn ~ diambilnyalah lampiran surat itu lalu dibacanya berkuasa 1. mempunyai kuasa hak wibawa berhak atas sesuatu atau utk melakukan mengurus dsb sesuatu: sbg ketua beliau ~ memutuskan perkara-perkara spt itu mereka diperintahkan oleh pihak yg ~ supaya keluar dr situ 2. mempunyai kemampuan berkemampuan berkesanggupan menguasai 1. berkuasa atas sesuatu mengenakan kuasa kewibawaan pengaruh dsb pd atau ke atas sesuatu: mereka dapat ~ seluruh kota itu negara yg cuba ~ negara lain dgn kekuatan tenteranya 2. mengatasi dan mengawal keadaan dll mengekang nafsu ~ hawa nafsu mengekang mengawal hawa nafsu 3. memiliki dan menguruskan mengendalikan: sebahagian besar drpd ladang-ladang getah itu dikuasai oleh orang asing 4. mengetahui dgn mendalam menjadikan diri mahir atau berpengetahuan tentang sesuatu: setiap orang Malaysia berkemungkinan ~ lebih drpd satu bahasa menguasakan memberi kuasa kpd mewakilkan: anaknya dikuasakan mengurus perusahaan itu sepeninggalannya terkuasa terkuasai tidak ~ tidak dapat dikuasai dikendalikan dll kekuasaan 1. kuasa atau hak memutuskan memerintah mengurus dll: negeri itu sekarang di bawah ~ kerajaan pusat 2. kekuatan kemampuan: raja itu masyhur kerana ~nya ~ Tuhan penguasaan perihal menguasai atau menguasakan: ~ bahasa sendiri sangat penting bagi seseorang penterjemah berpenguasaan sl ark mempunyai penguasaan penguasa 1. orang atau badan yg berkuasa atas sesuatu atau utk menentukan mengurus sesuatu 2. kekuasaan: tiadalah apa ~ hamba hendak bawa dia ke sana sini ~ perang orang yg berkuasa dlm masa perang darurat ~ polis jawatan pegawai dlm pasukan polis tiga tingkat lebih tinggi drpd jawatan inspektor.Kamus Dewan Edisi Keempat[kua.sa]  Definisi :ark sj tongkat yg hujungnya bercangkuk besi utk mengemudikan gajah angkus kosa.Kamus Dewan Edisi Keempat[kua.sa]  Definisi :1 kemampuan atau kekuatan utk melakukan sesuatu tenaga daya: Apa ~ kita menentang pengganas-pengganas yg bermaharajalela di sana 2 hak yg diberikan kpd seseorang persatuan badan dll utk mengurus atau utk melakukan sesuatu: Beliau telah diberi ~ menangkap sesiapa yg melanggar undang-undang. 3 hasil yg diperoleh dgn mendarabkan sesuatu nombor dgn nombor itu sendiri beberapa kali: ~ dua ~ tiga ~ empat. Dua ~ tiga ialah 2  2  2 iaitu 8. ~ air tenaga yg diperoleh drpd air terjun atau air yg mengalir utk menjalankan jentera dll. ~ atom tenaga yg diperoleh drpd pecahan nukleus. ~ elektrik tenaga elektrik utk menjalankan jentera dll. ~ ghaib kekuatan yg diperoleh drpd sesuatu yg tidak dpt dilihat kesaktian. ~ kuda a. tenaga atau kekuatan kuda. b. kekuatan enjin atau motor utk mengangkat 550 paun setinggi satu kaki dlm masa satu saat. berkuasa mempunyai kuasa berhak atas sesuatu atau berhak melakukan sesuatu dpt atau boleh melakukan sesuatu berdaya sanggup mampu: Dia tidak ~ membuat kerja itu. Siapa yg sebenarnya ~ di sini menguasai 1 berkuasa atas sesuatu menjalankan atau mengenakan kuasa pd: Pasukan keselamatan telah dpt ~ kawasan itu semula. 2 mentadbirkan negara dll mengurus memerintah: Orang-orang asing masih ~ syarikat-syarikat besar di negara kita. kekuasaan kuasa atau hak utk memerintah mengurus dll kekuatan kesanggupan: Orang Belanda berasa cemburu kerana ~nya akan terganggu. penguasaan perbuatan atau hal menguasai: ~ bahasa Melayunya sangat lemah. penguasa orang yg berkuasa atas sesuatu atau utk mengurus sesuatu.Kamus Pelajar Edisi Kedua,kata nama,High
menghasilkan,[meng.ha.sil.kan]  Definisi :1. mendatangkan mengeluarkan memberikan hasil: Asia Tenggara ~ bijih timah yg banyak sekali di dunia 2. mencipta sesuatu: bagi ~ bunyi sesuatu jirim itu mestilah bergetar ia seorang pengarang yg ~ lebih drpd 20 buah cerita pendek 3. mengakibatkan 4. menyebabkan berhasil membuahkan: pertemuan mereka yg pertama itu telah ~ rasa cinta di dalam sanubari masing-masing ketekunanlah yg telah ~ usahanyaKamus Dewan Edisi Keempat[meng.ha.sil.kan]  Definisi :1 mendatangkan hasil mengeluarkan hasil: Australia ~ kira-kira satu pertiga drpd jumlah eksport bulu biri-biri di dunia. 2 mencipta sesuatu: Beliau telah ~ lebih drpd dua puluh buah cerita pendek. 3 mendatangkan sesuatu kebaikan dll membuahkan: Perkenalan itu telah ~ satu perhubungan yg mesra.Kamus Pelajar Edisi Kedua,kata nama,High
peluang,[pe.luang]  Definisi :1. terhenti atau reda angin dll senggang atau tidak sibuk pekerjaan dll musim ~ musim tak ada angin 2. kelapangan kesempatan: ia memberanikan hatinya mengambil ~ datang bertemu dgn suaminya ~ keemasan berpeluang mempunyai mendapat peluang: mereka tidak ~ utk menggunakan kebolehannya.Kamus Dewan Edisi Keempat[pe.luang]  Definisi :kesempatan baik ketika yg baik: kalau ~ ini dilepaskan mungkin seumur hidup ia akan menyesal.Kamus Dewan Edisi Keempat[pe.luang]  Definisi :1 terhenti bkn angin pekerjaan dsb: musim ~ musim tidak berangin. 2 keadaan yg menguntungkan peristiwa baik nasib yg baik kesempatan: Kalau ada ~ saya bermaksud belajar di luar negara. berpeluang ada peluang mendapat peluang: Saya ~ menemuinya di sana.Kamus Pelajar Edisi Kedua[pe.luang]  Definisi :kesempatan yg baik: Semasa cuti dia mendapat ~ pergi ke Bukit Fraser.Kamus Pelajar Edisi Kedua,kata nama,High
pekerjaan,[pe.ker.ja.an]  Definisi :sesuatu yg diusahakan dilakukan berterusan kerana mencari nafkah: ~nya yg baru ini menjadikan hidupnya agak senangKamus Dewan Edisi Keempat[pe.ker.ja.an]  Definisi :1. sesuatu yg dikerjakan dilakukan dibuat perbuatan: ~mu membakar negeri Langkapuri itu juga bukan ~ laki-laki 2. sesuatu yg dilakukan harus dilakukan sbg tanggungjawab kewajiban tugas: sempurnalah ~ yg dititahkan paduka ayahanda itu ~nya membersihkan pekarangan rumah belum selesai ~ Allah kewajiban kpd Allah 3. sesuatu usaha kegiatan dsb yg dilakukan berterusan dr sehari ke sehari utk keperluan hidup usaha atau kegiatan utk mendapatkan wang pencarian: pd masa itu bapaku memegang ~ tuan syahbandar Holanda mereka semua mahukan ~ yg memberikan pendapatan yg besar ~ kolar putih kerja spt yg dilakukan oleh golongan pengurusan profesional perkeranian dsb iaitu bukan kerja kasar yg memerlukan kekuatan tenaga ~ tangan kerja membuat barang-barang dgn tangan spt menganyam dll 4. ark pergerakan atau perjalanan sesuatu: beliau menerangkan ~ jentera itu kpd pelawat-pelawat 5. majlis istiadat perkahwinan dll: banyak dia berbelanja kerana ~ kahwin anaknya ~ baik lekas-lekaskan jangan ditimpa ~ buruk ~ buruk lambat-lambatkan untung-untung datang ~ baik prb Mn pekerjaan baik spt pekerjaan kahwin hendaklah disegerakan melakukannya supaya tidak ada apa-apa halangan sebaliknya pekerjaan yg tidak baik hendaklah ditangguhkan supaya dapat difikirkan dgn lebih telitiKamus Dewan Edisi Keempat[pe.ker.ja.an]  Definisi :1 sesuatu yg dilakukan utk mencari nafkah hidup pencarian: ~ mereka ialah bercucuk tanam dan menangkap ikan. 2 sesuatu yg dikerjakan atau yg dibuat: Demikianlah ~nya setiap hari.Kamus Pelajar Edisi Kedua[pe.ker.ja.an]  Definisi :sesuatu yg dilakukan oleh seseorang utk mencari nafkah pencarian: Ada yg ~nya berladang dan ada pula yg berniaga. 2 sesuatu yg mesti dilaksanakan tugas: Tiap-tiap orang hendaklah menjalankan ~ masing-masing. 3 kegiatan atau usaha melakukan sesuatu: ~nya tiap-tiap hari tiada lain drpd membaca surat khabar. ~ kayu pertukangan kayu spt membuat kerusi dll.Kamus Pelajar Edisi Kedua,kata nama,High
langkah,[lang.kah]  Definisi :1. gerak kaki ketika berjalan ke hadapan atau ke belakang: pasangan suami isteri itu pun berjalan pulang dgn ~ yg berat 2. jarak di antara dua belah kaki ketika berjalan: ada kira-kira lima ~ ia meninggalkan tangga rumah ia berhenti 3. cara mengerjakan sesuatu sesuatu yg dikerjakan perbuatan: sejak tadi lagi kuketahui dan kuawasi ~nya 4. awal perbuatan perjalanan pekerjaan dll ~ baik buruk permulaan yg baik buruk ~ bendul a berkahwin dahulu drpd kakak b memperisteri adik sedangkan kakaknya belum berkahwin ~ gelombang dua belas nama gerak dlm pencak silat ~ kanan mujur ~ kiri sial tidak beruntung ~ surut undur langkah ke belakang mengangkat membuka mengambil ~ seribu cabut lari kerana takut dll melangkah berlangkah 1. menggerakkan langkah mengayunkan langkah berjalan: ia ~ dua langkah ke hadapan 2. memulai perjalanan pelayaran dll: serta mustaid ia pun ~lah dgn tauhid hatinya meninggalkan kampung halaman 3.  melangkahi 4. tidak mengikut susunan melangkau: dilangkahnya beberapa perenggan lalu membaca perenggan yg lain 5. ark melalui menempuh: ~ lautan melangkahi 1. melampaui melangkaui: ia terus ~ tangga 2. melanggar tidak mengikut tatatertib peraturan dll menyalahi: perbuatan spt itu dianggap telah ~ adat Melayu adat bermain pantai itu sudah menjadi adat pusaka yg tak boleh dilangkahi lagi ~ bendul langkah bendul ~ laki bermukah bkn perempuan yg sudah bersuami melangkahkan 1. menggerakkan langkah menggerakkan kaki kerana berjalan: dia ~ kakinya mundar-mandir mengelilingi Kota Melaka 2. memulakan perjalanan atau pelayaran perahu dll langkahan hasil perbuatan melangkah: harimau itu berhenti drpd meneruskan ~ kakinya kelangkahan 1. suami yg isterinya berlaku curang 2. didahului adiknya berkahwin kelampauan 3. Jk dilangkahi atau dilalui pelangkahan 1. perihal melangkah melangkahi melangkahkan 2.  pelangkah permulaan sesuatu pekerjaan pelayaran tindakan dll: menurut ilmu ~ ini alamat buruk pd kali ini barulah pelangkahnya betul kerana waktu ia sampai bapanya sudah balik.Kamus Dewan Edisi Keempat[lang.kah]  Definisi :1 gerakan kaki ketika berjalan: Mereka berjalan dgn ~ yg perlahan. 2 jarak antara dua belah kaki ketika berjalan: Dia berundur tiga ~. 3 apa-apa yg dikerjakan tindakan perbuatan: Pihak polis sentiasa mengawasi setiap ~ yg dilakukannya. ~ baik buruk permulaan yg baik buruk. ~ bendul ki hal adik berkahwin dahulu sebelum kakak bkn adik-beradik perempuan. ~ kanan mujur. ~ kiri sial atau tidak beruntung. ~ seribu perbuatan melarikan diri secepat-cepatnya kerana takut dll. melangkah 1 menggerakkan langkah: Dia berhati-hati ~ supaya tidak terpijak tanah yg becak. 2 memulakan perjalanan pelayaran dll: Baru saja ia ~ dr rumah hari pun hujan. melangkahi 1 melakukan sesuatu melebihi yg sepatutnya melampaui: ~ batas. 2 tidak mematuhi peraturan nasihat dsb melanggar perintah dsb: ~ kakak lebih dahulu berkahwin ttg adik ~ suami berlaku curang terhadap suami. melangkahkan 1 menggerakan kaki ke depan utk berjalan. 2 memulakan sesuatu perjalanan pelayaran dsb dgn upacara.Kamus Pelajar Edisi Kedua,kata nama,High
industri,[in.dus.tri]  Definisi :perusahaan biasanya secara besar-besaran utk membuat menghasilkan mengeluarkan barangan: negara itu mempunyai ~ yg maju ~ berat perusahaan yg mengeluarkan barangan atau bahan utk keperluan perusahaan lain ~ kecil dan sederhana perusahaan yg pusing ganti jualan tahunannya tidak melebihi RM25 juta dan jumlah pekerja tidak melebihi 150 orang ~ ringan perusahaan yg memerlukan modal kecil utk mengeluarkan barangan pengguna mengindustrikan menjadikan industri perindustrian perihal industri yg berkaitan dgn industri: negara ~ negara yg kehidupan sebahagian besar drpd penduduknya bergantung pd industri pengindustrian usaha kegiatan proses mendirikan dan memajukan perusahaan.Kamus Dewan Edisi Keempat[in.dus.tri]  Definisi :1 perusahaan secara besar-besaran: negara ~ negara yg mendapat hasil yg banyak drpd industri-industrinya. 2 perusahaan kerajinan tangan atau kerja tangan. perindustrian hal mengenai industri. ~ desa perusahaan yg dilakukan di rumah spt membuat bahan-bahan anyaman tembikar songket.Kamus Pelajar Edisi Kedua,kata nama,High
pula,[pu.la]  Definisi :1. sekali lagi berulang lagi datang lagi kembali lagi: kelmarin sudah tidak hadir hari ini tidak hadir ~ nampaknya saya ini dicalonkan ~ 2.  lagi ~ lebih-lebih lagi tambahan lagi: memang ia mempunyai kelayakan lagi ~ ia seorang yg sangat suka berkhidmat istimewa ~ lebih-lebih lagi 3. juga sama halnya dgn yg terdahulu: saya pun demikian ~ saya ~ yg menyokongnya 4. gerangan konon yg bererti tah: apa ~ yg mengganggui fikirannya itu apa ~ ertinya hidup seorang yg telah putus harapannyaKamus Dewan Edisi Keempat[pu.la]  Definisi :1 agaknya gerangan: Siapa ~ yg datang malam-malam begini 2 berulang lagi sekali lagi: Pagi tadi sudah datang sekarang datang ~. 3 juga: Ada ~ orang yg menyokongnya.Kamus Pelajar Edisi Kedua,kata tugas,Moderate
untuk,[un.tu]  Definisi :1. ditentukan disediakan bagi merupa-kan bahagian seseorang dll: tanah getah yg lima ekar ini ~mu dan tanah sawah yg dua ekar itu ~ adikmu 2. guna bagi buat: wang ~ membeli makanan ruang ~ bekerja 3. digunakan dipakai sebagai dijadikan supaya menjadi atau dijadikan: ditumbuknya kulit kayu itu halus-halus ~ ubat dibawanya buluh rencong ~ senjata 4. bermaksud hendak: saya terlalu takut ~ lari 5. diberikan dihantar kepada: beliau telah mengirim wang RM50.00 ~ ayahnya 6. melakukan mengerjakan sesuatu supaya supaya dapat: ~ melihat dgn jelas penyimpangan dr segi bentuk ini di bawah ini diturunkan dua rangkap permulaan Syair Sinyor Kosta ~ memahami keadaan yg berlaku sekarang ini perlu dikaji perkembangan-perkem-bangan sebelumnya beruntuk 1. sudah menerima bahagian masing-masing sudah memiliki bahagian masing-masing 2. sudah ditetapkan bahagian masing-masing: pusaka itu belum lagi ~ memperuntukkan menguntukkan menetapkan mencadangkan menyediakan bagi membahagikan atau mengekhaskan bagi sesuatu tujuan keperluan dll: perbelanjaan mengadakan pertandingan itu tahun ini diperuntukkan sebanyak RM60 000 maka kerajaan terpaksa ~ lebih banyak wang utk pertahanan dan keselamatan negara teruntuk 1. sudah ditetapkan sbg bahagian seseorang sesuatu keperluan dll 2. ditetap-kan dikhususkan bagi seseorang peruntukan 1. sesuatu yg telah diuntukkan bahagian atau jumlah wang dll yg ditetapkan ditentukan utk: Dewan Rakyat telah me-luluskan ~ utk membina rumah-rumah pemulihan akhlak 2. syarat atau ketentuan dlm undang-undang dsb: ~ undang-undang utk membataskan poligami.Kamus Dewan Edisi Keempat[un.tu]  Definisi :1 ditentukan atau disediakan bagi dikhaskan bagi: Baju dua helai ini ~ kakakmu. 2 buat guna: tepung ~ membuat kuih. 3 digunakan atau dipakai sbg dijadikan sbg: Dia telah membawa pisau ~ senjata. 4 bermaksud akan hendak: Ia ke bandar ~ membeli kasut. beruntuk sudah mempunyai bahagiannya masing-masing telah ditentukan bahagiannya. menguntukkan menyediakan atau menetapkan bagi: Ayahnya sudah ~ wang tiga ribu ringgit sbg belanja perkahwinannya nanti. peruntukan sesuatu yg diuntukkan bahagian yg disediakan utk sesuatu: ~ sudah dibuat utk membina surau itu.Kamus Pelajar Edisi Kedua,kata tugas,Moderate
kuasa,[kua.sa]  Definisi :1. daya atau kemampuan utk melakukan atau mengerjakan sesuatu keupayaan kekuatan tenaga: serangga mempunyai ~ terbang dan cara bernafas yg istimewa 2. berupaya mampu berdaya melakukan sesuatu Maha ~ Berkuasa amat besar kuasa-Nya Tuhan 3. sanggup serta berminat membuat atau melakukan sesuatu: Azmi tidak ~ hendak melayan orang macam bapa saudaranya itu ia tidak ~ berebut-rebut mengambil tempat tak ~ hamba tinggal seorang diri di rumah 4. hak atau kewibawaan atas sesuatu atau utk melakukan mengurus memerintah dll sesuatu ditentukan oleh undang-undang peraturan dll: polis mempunyai ~ menahan seseorang yg disyaki ia diberi ~ utk menyelesaikan pertikaian itu ~ dan tanggungjawab seseorang ketua jabatan mengambil ~ memperoleh kuasa hak atas sesuatu tanah harta dll dgn rasmi 5. orang yg diberi hak utk melakukan atau menentukan sesuatu: datang pula sebuah sampan membawa surat Tuan Farquhar kpd ~nya di Melaka menyuruh hantarkan barang-barangnya ~ pusat badan yg mempunyai kuasa tertinggi 6. pengaruh atau kewibawaan yg ada pd seseorang dll kerana kedudukannya darjatnya dsb: kalau dia digulingkan ~nya akan hilang dan ranaplah segala kemuliaannya ~ kerajaan Majapahit yg terasa hingga ke Siam 7. negara yg mempunyai pengaruh atas negara-negara lain: ~-~ Barat ~ Eropah empat ~ besar empat negara yg berpengaruh iaitu Amerika Syarikat Great Britain Perancis dan Rusia 8. Mat nombor yg menunjukkan sesuatu nombor itu didarabkan banyak kali dgn nombor yg sama mis 63 disebut enam kuasa tiga iaitu 6 didarabkan tiga kali 6 x 6 x 6 dgn hasilnya 216 ~ air tenaga yg diperoleh dr air terjun atau air mengalir utk menjalankan jentera ~ atom kekuatan tenaga yg diperoleh drpd pecahan nukleus ~ autonomi kuasa mentadbir dll yg ada pd negeri badan-badan pertubuhan dll ~ bateri tenaga elektrik yg diperoleh dr bateri ~ beli kemampuan membeli barang-barang dll ~ besar negara yg berkuasa dr segi ekonomi ketenteraan dll spt Amerika Syarikat ~ elektrik tenaga daya elektrik ~ ghaib kuasa atau kekuatan yg datang dr sesuatu yg tidak dapat dilihat spt kesaktian dll ~ kehakiman Udg kuasa yg diberikan kpd badan kehakiman utk mendengar dan mengadili pertelingkahan antara pihak-pihak yg terbabit ~ kuda a tenaga atau kekuatan kuda b ukuran kekuatan enjin atau motor kekuatan utk mengangkat berat 550 paun setinggi satu kaki dlm satu saat ~ mutlak kuasa sepenuh-penuhnya ~ pembatal kuasa atau hak menolak membatalkan sesuatu keputusan yg telah dicapai oleh pihak lain atau undang-undang ~ suria sinaran haba drpd matahari yg ditukarkan kpd kuasa elektrik ~ usaha a pegawai yg menjalankan tugas kewajiban duta apabila duta tidak ada bercuti dll b diplomat yg tidak bertaraf duta yg mengetuai perwakilan negerinya di negeri asing sekuasa seboleh sedapat: maka oleh Kartala Sari dicurinya harta saudagar itu ~ pembawaannya sekuasa-kuasanya seboleh-bolehnya sedapatdapatnya sedaya upaya: dgn ~ diambilnyalah lampiran surat itu lalu dibacanya berkuasa 1. mempunyai kuasa hak wibawa berhak atas sesuatu atau utk melakukan mengurus dsb sesuatu: sbg ketua beliau ~ memutuskan perkara-perkara spt itu mereka diperintahkan oleh pihak yg ~ supaya keluar dr situ 2. mempunyai kemampuan berkemampuan berkesanggupan menguasai 1. berkuasa atas sesuatu mengenakan kuasa kewibawaan pengaruh dsb pd atau ke atas sesuatu: mereka dapat ~ seluruh kota itu negara yg cuba ~ negara lain dgn kekuatan tenteranya 2. mengatasi dan mengawal keadaan dll mengekang nafsu ~ hawa nafsu mengekang mengawal hawa nafsu 3. memiliki dan menguruskan mengendalikan: sebahagian besar drpd ladang-ladang getah itu dikuasai oleh orang asing 4. mengetahui dgn mendalam menjadikan diri mahir atau berpengetahuan tentang sesuatu: setiap orang Malaysia berkemungkinan ~ lebih drpd satu bahasa menguasakan memberi kuasa kpd mewakilkan: anaknya dikuasakan mengurus perusahaan itu sepeninggalannya terkuasa terkuasai tidak ~ tidak dapat dikuasai dikendalikan dll kekuasaan 1. kuasa atau hak memutuskan memerintah mengurus dll: negeri itu sekarang di bawah ~ kerajaan pusat 2. kekuatan kemampuan: raja itu masyhur kerana ~nya ~ Tuhan penguasaan perihal menguasai atau menguasakan: ~ bahasa sendiri sangat penting bagi seseorang penterjemah berpenguasaan sl ark mempunyai penguasaan penguasa 1. orang atau badan yg berkuasa atas sesuatu atau utk menentukan mengurus sesuatu 2. kekuasaan: tiadalah apa ~ hamba hendak bawa dia ke sana sini ~ perang orang yg berkuasa dlm masa perang darurat ~ polis jawatan pegawai dlm pasukan polis tiga tingkat lebih tinggi drpd jawatan inspektor.Kamus Dewan Edisi Keempat[kua.sa]  Definisi :ark sj tongkat yg hujungnya bercangkuk besi utk mengemudikan gajah angkus kosa.Kamus Dewan Edisi Keempat[kua.sa]  Definisi :1 kemampuan atau kekuatan utk melakukan sesuatu tenaga daya: Apa ~ kita menentang pengganas-pengganas yg bermaharajalela di sana 2 hak yg diberikan kpd seseorang persatuan badan dll utk mengurus atau utk melakukan sesuatu: Beliau telah diberi ~ menangkap sesiapa yg melanggar undang-undang. 3 hasil yg diperoleh dgn mendarabkan sesuatu nombor dgn nombor itu sendiri beberapa kali: ~ dua ~ tiga ~ empat. Dua ~ tiga ialah 2  2  2 iaitu 8. ~ air tenaga yg diperoleh drpd air terjun atau air yg mengalir utk menjalankan jentera dll. ~ atom tenaga yg diperoleh drpd pecahan nukleus. ~ elektrik tenaga elektrik utk menjalankan jentera dll. ~ ghaib kekuatan yg diperoleh drpd sesuatu yg tidak dpt dilihat kesaktian. ~ kuda a. tenaga atau kekuatan kuda. b. kekuatan enjin atau motor utk mengangkat 550 paun setinggi satu kaki dlm masa satu saat. berkuasa mempunyai kuasa berhak atas sesuatu atau berhak melakukan sesuatu dpt atau boleh melakukan sesuatu berdaya sanggup mampu: Dia tidak ~ membuat kerja itu. Siapa yg sebenarnya ~ di sini menguasai 1 berkuasa atas sesuatu menjalankan atau mengenakan kuasa pd: Pasukan keselamatan telah dpt ~ kawasan itu semula. 2 mentadbirkan negara dll mengurus memerintah: Orang-orang asing masih ~ syarikat-syarikat besar di negara kita. kekuasaan kuasa atau hak utk memerintah mengurus dll kekuatan kesanggupan: Orang Belanda berasa cemburu kerana ~nya akan terganggu. penguasaan perbuatan atau hal menguasai: ~ bahasa Melayunya sangat lemah. penguasa orang yg berkuasa atas sesuatu atau utk mengurus sesuatu.Kamus Pelajar Edisi Kedua,kata kerja,Moderate
menerusi,[me.ne.ru.si]  Definisi :1. masuk sampai ke melantas pd menembus pd: jahitan yg awal dan yg akhir sahaja yg ~ kain yg lain itu lalu di bawah urat benang sahaja 2. dgn perantaraan melalui: masukkan sehelai benang halus ~ lubang-lubang pd kertas tebal itu dia mengirim buku-buku itu ~ sayaKamus Dewan Edisi Keempat[me.ne.ru.si]  Definisi :dgn perantaraan melalui: Pencuri masuk ke dlm rumah itu ~ tingkap. Dia mengirim wang itu ~ kawannya.Kamus Pelajar Edisi Kedua,adverba,Low
menerusi,[me.ne.ru.si]  Definisi :1. masuk sampai ke melantas pd menembus pd: jahitan yg awal dan yg akhir sahaja yg ~ kain yg lain itu lalu di bawah urat benang sahaja 2. dgn perantaraan melalui: masukkan sehelai benang halus ~ lubang-lubang pd kertas tebal itu dia mengirim buku-buku itu ~ sayaKamus Dewan Edisi Keempat[me.ne.ru.si]  Definisi :dgn perantaraan melalui: Pencuri masuk ke dlm rumah itu ~ tingkap. Dia mengirim wang itu ~ kawannya.Kamus Pelajar Edisi Kedua,adjektif,Moderate
pelancaran,[pe.lan.ca.ran]  Definisi :ark pelantaran pelantar I.Kamus Dewan Edisi Keempat[pe.lan.ca.ran]  Definisi :ark pelantar pelantaranKamus Dewan Edisi Keempat[pe.lan.ca.ran]  Definisi :perihal atau perbuatan melancarkan memulakan sesuatu gerakan rancangan dll: ~ kempen kebersihan oleh Perdana MenteriKamus Dewan Edisi Keempat[pe.lan.ca.ran]  Definisi :perbuatan melancarkan memulakan sesuatu gerakan dll: ~ Sputnik dan Explorer telah disusuli oleh beberapa jenis bulan rekaan lagi.Kamus Pelajar Edisi Kedua,adjektif,Moderate
bersepadu,[ber.se.pa.du]  Definisi :berkaitan erat tidak terpisah-pisah berjalin bertahan erat antara pelbagai unsurnya dsb: pembangunan secara ~ ini diharap dapat mewujudkan kesatuan sosial mempunyai asas sumber asli yg ~ dgn struktur perindustrianKamus Dewan Edisi Keempat,adjektif,Moderate
semikonduktor,[sé.mi.kon.duk.tor]  Definisi :sémikonduktor Fiz bahan mis silikon dan germanium yg kadar aliran elektriknya bertambah dgn bertambahnya suhu nilai kadar ini terletak antara kadar aliran logam dan penebat.Kamus Dewan Edisi Keempat[sé.mi.kon.duk.tor]  Definisi :sémikonduktor ist bahan yg keupayaan aliran elektriknya adalah antara keupayaan aliran elektrik logam dgn keupayaan aliran elektrik penebat biasanya digunakan dlm membuat peranti elektronik.Kamus Pelajar Edisi Kedua,-,-
malaysia,Definisi :negara yg terletak di Asia Tenggara yg ibu negaranya Kuala Lumpur bahasa rasmi dan bahasa kebangsaannya bahasa Melayu dan agama rasminya agama Islam memalaysiakan menyesuaikan atau menjadikan sesuatu supaya bercirikan Malaysia: pakaian tradisi Cina yg telah dimalaysiakan bersesuaian dgn suasana tempatan kemalaysiaan berhubung dgn atau bersifat Malaysia sbg sebuah negara seluruhnya: banyak ciri dan cita-citanya lebih melambangkan ciri dan cita-cita ~ pemalaysiaan perbuatan proses menjadikan sesuatu bercirikan Malaysia: penyusunan semula masyarakat adalah satu proses ~ semua sektor kehidupan rakyat Malaysia.Kamus Dewan Edisi Keempat,-,-
menarik,[me.na.ri]  Definisi :1. menghela supaya bergerak ke arah diri sendiri maju ke hadapan keluar tercabut dll menyentak menyeret: ~ perahu ke darat 2. ki mencabut mengambil menghunus menyedut dll: kipas-kipas itu hendak-lah dipasang supaya dapat ~ udara yg bersih dr luar masuk ke dlm bilik itu 3.  ~ hati memikat hati: permainan yg sungguh istimewa dan ~Kamus Dewan Edisi Keempat[me.na.ri]  Definisi :1 menghela sesuatu supaya bergerak ke arah diri sendiri supaya keluar tercabut dll: Kepala kereta api itu dpt ~ tiga puluh tan arang batu mendaki bukit dgn kederasan empat batu sejam. 2  ~ hati memikat atau menawan hati: Tempat itu indah dan ~. 3 ki menyedut menghisap. ~ beca mengayuh beca. ~ diri meletakkan jawatan tidak mahu menerima sesuatu jawatan berundur dr sesuatu kumpulan perhubungan dll mengundurkan diri. ~ layar menaikkan layar. ~ muka masam menunjukkan muka yg masam. ~ nafas menyedut udara.Kamus Pelajar Edisi Kedua,-,-
pelabur,[pe.la.bur]  Definisi :sl makanan dll yg sudah ditentukan catu rangsum: Sultan Iskandar Shah menyuruh mengeluarkan beras kpd bendahari akan ~ segala rakyat ~ habis Palembang tak alah prb modal telah banyak habis tetapi faedah akhirnya tiada.Kamus Dewan Edisi Keempat[pe.la.bur]  Definisi :1. orang yg melabur menanam modal 2. bekalan makanan wang dll ~ asing individu atau syarikat dr luar negara yg melaburkan modalnya dlm sesuatu perniagaan dsb ~ institusi Eko institusi atau organisasi yg mengumpul dan mengurus dana drpd orang ramai utk tujuan pelaburan secara besar-besaran dlm pasaran saham dsb ~ runcit Eko pelabur individu yg jumlah pelaburannya sangat kecil hanya beberapa lot saham dsb ~ habis Palembang tak alah prb perbuatan yg sia-sia.Kamus Dewan Edisi Keempat[pe.la.bur]  Definisi :1 orang syarikat dsb yg melabur atau yg melaburkan sesuatu. 2 bekalan makanan.Kamus Pelajar Edisi Kedua,-,-
global,[glo.bal]  Definisi :1. meliputi mempengaruhi atau mengenai seluruh dunia sejagat: masalah alam sekitar ~ 2. merangkumi seluruh kumpulan perkara dsb menyeluruh: perkara itu hendaklah dilihat dr sudut pandangan yg ~ mengglobalkan menjadikan bersifat global: kitalah yg perlu menentukan apa yg hendak diglobalkan orang Melayu perlu diperlengkap utk menguruskan hubungan secara langsung iaitu ~ pemikiran mereka.Kamus Dewan Edisi Keempat[glo.bal]  Definisi :1 bkn dunia seluruhnya: Penipisan lapisan ozon merupakan masalah ~. 2 pd keseluruhannya pd umumnya. mengglobal meluas ke seluruh dunia: Tersebarnya wabak penyakit itu telah ~ hingga banyak yg terkorban. mengglobalkan menjadikan sesuatu bersifat global: Mereka diminta memandang jauh dan ~ pemikiran mereka.Kamus Pelajar Edisi Kedua,-,-
dan,-,-,-
eksport,[éks.pot]  Definisi :éksport 1. penghantaran barangbarang atau perkhidmatan ke luar negeri utk tujuan perdagangan: ekonomi negara ini akan merosot kiranya ~ getah dan bijih timah beransur-ansur kurang dlm hal ~ kita banyak bergantung pd bahan-bahan mentah 2. barang-barangKamus Dewan Edisi Keempat[éks.pot]  Definisi :éksport 1 perbuatan menghantar atau mengirim barang-barang dagangan ke luar negara: ~ getah ke Rusia semakin bertambah. 2 barang-barang dagangan yg dihantar ke luar negara: ~ utama Malaysia ialah getah dan bijih timah. mengeksport mengirim barang-barang dagangan ke luar negara: Malaysia ~ sebahagian besar getahnya ke negara-negara Barat. pengeksportan hal atau kerja mengeksport: Pd masa lalu getah keping berbunga yg dilapiskan menjadi bandela merupakan sistem ~ yg diterima. pengeksport orang negara dll yg mengeksport barang-barang dagangan.Kamus Pelajar Edisi Kedua,-,-
menurut,[me.nu.rut]  Definisi :1. berjalan dll mengikut jalan garis hala dll yg tertentu tidak menyimpang dr jalan dll yg tertentu: ~ jalan yg benar 2. mencontohi perbuatan orang lain dll meneladan meniru: telah dilihat oleh Cina diturutnya sebab itulah maka Cina gemar makan kangkung sampai sekarang 3. mengikut apa yg disuruh diperintah dll tidak melawan patuh kpd: maka segala orang itu pun semuanya ~ spt kata penghulunya 4. meluluskan permintaan kehendak dll memenuhi syarat ketentuan dll menyam-paikan harapan dll: Balzac tidak akan dapat melahirkan karya-karyanya yg agung itu jika ia ~ kehendak orang tuanya utk bertugas sbg seorang ahli undang-undang 5. mengikut berjalan dll mengekori dr belakang: dia berjalan menuju ruangan yg di sebelah barat bangunan aku ~nya dr belakang 6. spt yg dikhabarkan diberitakan dihebahkan dll sepanjang berita dll: ~ yg diketahui sebanyak satu suku juta ringgit harga saham telah terjual 7. sesuai dgn tidak bertentangan dgn tidak melanggar syarat dll selaras dgn: hari ini ~ pendapat orang alim ialah hari yg baik 8. tidak bersalahan drpd serupa dgn: rupanya ~ rupa neneknya 9. ikut serta melakukan sesuatu dll turut serta: Sultan Mansor Shah pun ~ menyebut nama Hang Tuah itu Laksamana 10. bergantung pd: maju mundurnya dlm pelajarannya ~ kerajinannyaKamus Dewan Edisi Keempat[me.nu.rut]  Definisi :1 mencontoh perbuatan orang lain meniru. 2 patuh atau taat mengikut apa-apa yg diperintahkan: Ia ~ saja apabila disuruh oleh ketuanya. 3 mengikut dr belakang: Dia sentiasa ~ ke mana saja bapanya pergi. 4 spt yg diberitakan atau spt yg dikhabarkan: ~ akhbar tsb lebih drpd dua puluh orang telah tercedera dlm kemalangan itu. 5 tidak menyimpang dr jalan tertentu: Kereta api itu berjalan ~ rel. 6 tidak membantah ttg permintaan kehendak dll: Ia ~ segala kehendaki isterinya.Kamus Pelajar Edisi Kedua,-,-
hantaran,[han.ta.ran]  Definisi :1. sesuatu yg dihantar dikirim kiriman: petani-petani sambilan ini mungkin mendapat ~ drpd anak dan ahli keluarga yg melakukan migrasi 2.  ~ kahwin  wang ~ wang yg dihantar oleh pihak lelaki kpd bakal mentua utk perbelanjaan perkahwinan belanja hangus 3. dlm majlis perkahwinan orang Melayu hadiah berupa makanan pakaian dsb yg dibawa bersama wang hantaran: pihak pengantin lelaki membawa tujuh dulang ~ 4. dlm permainan bola sepak dll tendangan balingan dsb bola ke sesuatu tempat atau kpd pemain lain: ~nya tidak sampai kpd kawannyaKamus Dewan Edisi Keempat[han.ta.ran]  Definisi :1 sesuatu yg dihantar kiriman. 2  wang ~ wang yg dihantar oleh pihak pengantin lelaki kpd pihak pengantin perempuan. 3 barang-barang spt pakaian makanan yg berupa hadiah yg dibawa bersama wang hantaran oleh pihak pengantin lelaki utk pengantin perempuan.Kamus Pelajar Edisi Kedua,-,-
itu,-,-,-
turut,[tu.rut]  Definisi :1. pergi bersama: saya ~ ke mana dia pergi 2. bersama-sama melakukan ditimpa dll sesuatu tidak terkecuali drpd sesuatu kejadian perbuatan dll ikut serta: Ahmad yg ~ terbunuh oleh serangan hendap itu baru semalam ditemui mayatnya ~ serta bersama-sama mengikuti melibatkan diri dalam melakukan dll sesuatu 3. patuh kpd undang-undang janji dll taat kpd: sekiranya kamu ~ akan nasihat ini berbahagialah kamu ~ campur mencampuri urusan atau hal orang lain ~ serta ikut serta melakukan sesuatu dll pak ~ orang yg sentiasa mengikut meniru dll orang lain seturut 1. sepanjang yg dihebahkan dicerita-kan dll 2. tidak bersalahan dgn sesuai dgn adat dll selaras dgn 3. langsung selepas sebaik sahaja: Bujal menggeleng kepala ~ dgn keluhannya berturut bersusun mengikut peraturan berikutan dgn teratur tidak ada antara: cari dua angka ganjil yg ~ dgn syarat selisih di antara ganda dua satu angka dgn yg lain itu 48 berturut-turut berturutan 1. tidak ber-antara antara satu dgn lain lepas satu-satu terus-menerus dgn teratur tidak berselang tidak berhentinya beruntun-runtun bersam-bung-sambung: beliau telah kalah dlm tiga pilihan raya kecil kpd parti lawannya secara ~ 2. terus melakukan sesuatu dgn tiada henti-nya bertubi-tubi berulang-ulang: maka meriam pun sudahlah diisi lalu ditembaknya tiga pucuk ~ berturuti Mn dipercayai dan dipakai per-cakapan dll diikuti nasihat dll dipatuhi menurut 1. berjalan dll mengikut jalan garis hala dll yg tertentu tidak menyimpang dr jalan dll yg tertentu: ~ jalan yg benar 2. mencontohi perbuatan orang lain dll meneladan meniru: telah dilihat oleh Cina diturutnya sebab itulah maka Cina gemar makan kangkung sampai sekarang 3. mengikut apa yg disuruh diperintah dll tidak melawan patuh kpd: maka segala orang itu pun semuanya ~ spt kata penghulunya 4. meluluskan permintaan kehendak dll memenuhi syarat ketentuan dll menyam-paikan harapan dll: Balzac tidak akan dapat melahirkan karya-karyanya yg agung itu jika ia ~ kehendak orang tuanya utk bertugas sbg seorang ahli undang-undang 5. mengikut berjalan dll mengekori dr belakang: dia berjalan menuju ruangan yg di sebelah barat bangunan aku ~nya dr belakang 6. spt yg dikhabarkan diberitakan dihebahkan dll sepanjang berita dll: ~ yg diketahui sebanyak satu suku juta ringgit harga saham telah terjual 7. sesuai dgn tidak bertentangan dgn tidak melanggar syarat dll selaras dgn: hari ini ~ pendapat orang alim ialah hari yg baik 8. tidak bersalahan drpd serupa dgn: rupanya ~ rupa neneknya 9. ikut serta melakukan sesuatu dll turut serta: Sultan Mansor Shah pun ~ menyebut nama Hang Tuah itu Laksamana 10. bergantung pd: maju mundurnya dlm pelajarannya ~ kerajinan-nya ~ lagu mengikut irama atau rentak lagu ~ pusingan jam mengikut arah pusingan jarum jam turut-menurut 1. saling menurut ikut-mengikut tidak tentang-menentang 2. ark menurut sahaja fikiran orang dll ikut-ikutan menuruti 1. mengikut dr belakang meng-ekori mengikut: Ismail berganding dgn Lamah berjalan lambat-lambat menuju ke kereta Bibah ~ mereka dr belakang dgn wajah usang 2. tidak menegah melarang meluluskan pem-berian dll memberi: diturutinya sahaja ke-mahuan cahaya matanya yg tunggal itu 3. menurut akan nasihat dll tidak menentang mematuhi: ia ~ kehendak suaminya 4. men-jadikan sesuatu sbg contoh teladan mencontohi: jangan dituruti kerana ia orang yg tidak tahu bahasa menurutkan 1. mengikut berjalan dll di belakang sesuatu mengiringkan: mereka berjalan ~ orang tua mereka 2. tidak mene-gahkan melarangkan mengikut kehendak hati dll melayani memberi: dr satu bandar ke satu bandar yg lain dia berpindah-pindah ~ hati 3. mendasarkan pd menjadikan sbg dasar: kerendahan budi selama ini hanya diperintahi oleh perasaan hati tidak ~ per-timbangan yg adil memperturut sl mengejar dr belakang menghambat: berundurlah mereka balik ke perkhemahannya diperturut oleh tentera Kembayat memperturutkan 1. membiarkan bersama-sama melakukan sesuatu dll membiarkan turut tidak mengecualikan 2. tidak melarang-kan menegahkan mengikuti kemahuan ke-hendak dll mematuhi menurutkan: sekali-kali jangan diperturutkan rasa kecewa yg mungkin menjadikan orang putus asa 3.  memperturut-turutkan melakukan sesuatu berkali-kali mempertubi-tubi: perajurit itu pun segeralah berlari-lari serta menikam dada Tun Tuah diperturut-turutkannya tikaman itu turutan 1.  turut-turutan sesuatu yg diturut dicontohi diikuti dll contoh teladan: maka iaitu patutlah menjadi ~ dan teladan bagi segala orang yg terkemudian 2. yg berturut-turut berikut-ikut 3. yg ikut atau turut bersama orang ~ orang yg turut ikut turut-turutan 1. sesuatu yg diturut contoh teladan turutan 2. selalu menurut kata dll orang lain ikut-ikutan: dia tidak mahu menjadi petani ~ perturutan 1. perihal berturut-turut beruntun-runtun 2. kelanjutan seperturutan sl sama perbuatan kelakuan dll dgn mengikut-ikut orang lain: jika engkau ~ dgn dia engkau pun terbawa-bawa penurut 1. tidak membantah melawan dll suka menurut patuh taat 2. orang yg meng-ikut pengikut.Kamus Dewan Edisi Keempat[tu.rut]  Definisi :1 ikut atau pergi bersama: Saya ~ ke mana-mana saja suami saya pergi. 2 bersama-sama melakukan sesuatu atau bersama-sama ditimpa sesuatu kejadian dsb tidak terkecuali drpd: Ia ~ mati lemas kerana terperangkap dlm kereta yg tenggelam itu. ~ campur bersama mencampuri urusan atau hal orang lain. ~ serta ikut serta melakukan sesuatu. pak ~ orang yg sentiasa mengikut atau meniru orang lain. berturut berikut atau bersusun dgn teratur. berturut-turut 1 lepas satu satu terus-menerus dgn teratur tidak berselang antara satu dgn yg lain: Pasukan itu telah kalah tiga kali ~. 2 terus melakukan sesuatu dgn tidak henti-henti berulang-ulang: Ia menembak musuh ~. menurut 1 mencontoh perbuatan orang lain meniru. 2 patuh atau taat mengikut apa-apa yg diperintahkan: Ia ~ saja apabila disuruh oleh ketuanya. 3 mengikut dr belakang: Dia sentiasa ~ ke mana saja bapanya pergi. 4 spt yg diberitakan atau spt yg dikhabarkan: ~ akhbar tsb lebih drpd dua puluh orang telah tercedera dlm kemalangan itu. 5 tidak menyimpang dr jalan tertentu: Kereta api itu berjalan ~ rel. 6 tidak membantah ttg permintaan kehendak dll: Ia ~ segala kehendaki isterinya. turut-menurut tidak tentang-menentang saling menurut. menuruti mengikut seseorang atau sesuatu dr belakang mengekori. menurutkan mengikut kehendak hati nafsu dsb tidak membantah kehendak hati dsb: ~ hati. memperturutkan 1 menjadikan berturut-turut melakukan sesuatu berkali-kali: Kerana terlalu marah dia ~ pukulannya terhadap orang itu. 2 membiarkan atau membuat supaya bersama-sama melakukan sesuatu membiarkan turut: Ketua Pengarah ~ lima orang pegawainya dlm seminar itu. turutan 1 sesuatu yg diturut teladan. 2 yg berturut-turut atau yg berikut-ikut. 3 yg turut bersama yg menurut: orang ~ orang yg turut bersama. perturutan hal atau keadaan berturut-turut. penurutan perbuatan hal dsb menurut menuruti atau menurutkan. penurut 1 suka mengikut atau suka menurut tidak membantah atau tidak melawan patuh. 2 orang yg menurut pengikut.Kamus Pelajar Edisi Kedua,-,-
memfokuskan,[mem.fo.kus.kan]  Definisi :1. menjadikan sinar cahaya haba bunyi bertumpu pd satu titik menumpukan: apabila bahagian depan mata terlalu bujur dan tidak bulat cahaya tidak dapat difokuskan ke bahagian belakang mata 2. memberikan tumpuan perhatian dsb kpd menumpukan perhatian kpd menonjolkan: drama sebabak ini ~ saat-saat terakhir pemberontakannyaKamus Dewan Edisi Keempat[mem.fo.kus.kan]  Definisi :menjadikan cahaya bertumpu ke satu titik dgn menggerak-gerakkan kanta dll.Kamus Pelajar Edisi Kedua,-,-
pembangunan,[pem.ba.ngu.nan]  Definisi :1. perihal membangun proses membangun mencapai kemajuan perkembangan perkembangan dsb 2. usaha atau kegiatan membangunkan memajukan dan mengembangkan: ~ luar bandar ~ sistemKamus Dewan Edisi Keempat[pem.ba.ngu.nan]  Definisi :perbuatan cara dsb membangunkan sesuatu: ~ luar bandar ~ masjid itu telah memakan masa dua tahunKamus Pelajar Edisi Kedua,-,-
hijau,[hi.jau]  Definisi :1. warna spt warna daun atau rumput banyak peringkatnya ~ bemban warna hijau yg pekat atau yg gelap spt bemban ~ daun a warna hijau spt daun b sj pigmen yg terdapat pd daun-daun yg hijau ~ kepala itik Kl warna hijau kebiru-biruan ~ laut hijau spt air laut ~ muda  ~ pucuk pisang warna hijau yg keputih-putihan ~ serindit warna hijau yg lebih muda drpd warna hijau pucuk pisang ~ tua warna hijau yg kehitam-hitaman 2. ki masih mentah dlm berbagai-bagai erti kurang pengalaman: anak-anak itu masih ~ masih belum mengerti erti hidup naik kuda ~ ki mabuk menghijau 1. menjadi hijau warnanya: padi sedang ~ 2. nampak hijau warnanya: di seberang jalan raya itu kelihatan padang bola Kolej Melayu ~ rata menghijaukan menjadikan berwarna hijau mewarnakan dgn warna hijau kehijauan keadaan hijau: beberapa kawasan yg dulunya megah dgn ~nya kini telah berubah menjadi kawasan industri kehijau-hijauan agak hijau warnanya: gas itu berwarna kuning ~ dan berbau sengit.Kamus Dewan Edisi Keempat[hi.jau]  Definisi :warna spt warna daun. ~ laut warna hijau spt warna air laut. ~ muda warna hijau yg keputih-putihan. ~ pucuk pisang warna hijau spt warna pucuk pisang. ~ tua warna hijau yg agak gelap. menghijau 1 nampak berwarna hijau: Di seberang jalan raya itu kelihatan padang bola ~ rata. 2 menjadi berwarna hijau: Pokok padi ~ di sawah. menghijaukan menjadikan berwarna hijau mewarnai lukisan dsb dgn warna hijau. kehijauan 1  kehijau-hijauan seakan-akan warna hijau agak hijau warnanya. 2 keadaan atau sifat hijau: ~ sawah padi menenangkan fikirannya. penghijauan perihal atau perbuatan menghijaukan.Kamus Pelajar Edisi Kedua,-,-
perindustrian,[per.in.dus.trian][pe.rin.dus.trian]  Definisi :perihal industri yg berkaitan dgn industri:Kamus Dewan Edisi Keempat[per.in.dus.trian][pe.rin.dus.trian]  Definisi :hal mengenai industri.Kamus Pelajar Edisi Kedua,-,-
hijau,[hi.jau]  Definisi :1. warna spt warna daun atau rumput banyak peringkatnya ~ bemban warna hijau yg pekat atau yg gelap spt bemban ~ daun a warna hijau spt daun b sj pigmen yg terdapat pd daun-daun yg hijau ~ kepala itik Kl warna hijau kebiru-biruan ~ laut hijau spt air laut ~ muda  ~ pucuk pisang warna hijau yg keputih-putihan ~ serindit warna hijau yg lebih muda drpd warna hijau pucuk pisang ~ tua warna hijau yg kehitam-hitaman 2. ki masih mentah dlm berbagai-bagai erti kurang pengalaman: anak-anak itu masih ~ masih belum mengerti erti hidup naik kuda ~ ki mabuk menghijau 1. menjadi hijau warnanya: padi sedang ~ 2. nampak hijau warnanya: di seberang jalan raya itu kelihatan padang bola Kolej Melayu ~ rata menghijaukan menjadikan berwarna hijau mewarnakan dgn warna hijau kehijauan keadaan hijau: beberapa kawasan yg dulunya megah dgn ~nya kini telah berubah menjadi kawasan industri kehijau-hijauan agak hijau warnanya: gas itu berwarna kuning ~ dan berbau sengit.Kamus Dewan Edisi Keempat[hi.jau]  Definisi :warna spt warna daun. ~ laut warna hijau spt warna air laut. ~ muda warna hijau yg keputih-putihan. ~ pucuk pisang warna hijau spt warna pucuk pisang. ~ tua warna hijau yg agak gelap. menghijau 1 nampak berwarna hijau: Di seberang jalan raya itu kelihatan padang bola ~ rata. 2 menjadi berwarna hijau: Pokok padi ~ di sawah. menghijaukan menjadikan berwarna hijau mewarnai lukisan dsb dgn warna hijau. kehijauan 1  kehijau-hijauan seakan-akan warna hijau agak hijau warnanya. 2 keadaan atau sifat hijau: ~ sawah padi menenangkan fikirannya. penghijauan perihal atau perbuatan menghijaukan.Kamus Pelajar Edisi Kedua,-,-
kerian,[ke.rian]  Definisi :sj tumbuhan pokok keriang batu Eugenia pseudosubtilis.Kamus Dewan Edisi Keempat,-,-
di,-,-,-
meningkatkan,[me.ning.kat.kan]  Definisi :meninggikan kedudukan taraf dll membesarkan pengeluaran dll memperhebat: daya usaha ini akan ~ kemungkinan pertumbuhan ekonomi kerjasama antara parti-parti komponen BN perlu ditingkatkan lagi ~ diriKamus Dewan Edisi Keempat[me.ning.kat.kan]  Definisi :meninggikan kedudukan taraf dll. Mereka berusaha utk ~ taraf hidup.Kamus Pelajar Edisi Kedua,kata nama,High
kerajaan,[ke.ra.ja.an]  Definisi :1. negeri atau negara yg dikepalai oleh raja: ~ Malaysia ~ Arab Saudi 2. pemerintahan negara: ~ Indonesia berparlimen 3. martabat kedudukan raja: setelah nenda hilang ayahanda Badanul menggantikan nenda di atas ~ 4. tanda-tanda alat kebesaran raja: pakaian ~ payung ~ takhta ~ 5. sifat sbg raja: jika tiada diketahuinya tujuh perkara tiada layak ia naik raja dan tiada sempurna ~nya 6. sl naik takhta menjadi raja: jika ia ~ tiada akan sempurna negeri iniKamus Dewan Edisi Keempat[ke.ra.ja.an]  Definisi :1 negeri atau negara yg mempunyai raja sbg kepala pemerintahannya: ~ Arab Saudi. 2 pemerintahan atau pemerintah sesebuah negara: ~ Thailand. 3 naik takhta menjadi raja: Jika ia ~ tiada akan sempurna negeri ini. ~ campuran pemerintahan yg anggota kabinetnya terdiri drpd berbagai-bagai parti bukan drpd satu parti politik. ~ pusat pemerintahan yg bersifat kebangsaan iaitu seluruhnya bukan kerajaan negeri atau bahagian. ~ tempatan 1 pemerintahan pentadbiran di peringkat daerah spt pekan bandar. 2 sistem kerajaan yg meletakkan pentadbiran hal ehwal kerajaan pd pihak berkuasa setempat mis majlis perbandaran dan majlis daerah.Kamus Pelajar Edisi Kedua,kata nama,High
tenaga,[te.na.ga]  Definisi :1. kekuatan yg membolehkan seseorang membuat sesuatu pergerakan dll daya: selesai makan dia kini berenang seolah-olah dia dapat ~ drpd nasi dan lauk ayam yg telah dijampi oleh neneknya 2. kegiatan utk melakukan sesuatu: seluruh ~ rakyat disalurkan utk meninggikan ekonomi negara 3.  ~ pekerja orang yg bekerja orang yg mengerjakan sesuatu kakitangan: wanita ialah ~ manusia yg merupakan harta terpendam yg belum dihargai sepenuh-penuhnya~ atom  ~ nuklear Fiz tenaga yg terhasil drpd tindak balas atom atau nukleusnya ~ baru orang-orang yg akan memberi tenaga mereka baru ~ batin a keupayaan melaku-kan hubungan seks b kekuatan yg timbul drpd wujudnya daya jiwa atau semangat juang dlm diri seseorang kekuatan batin: dgn ~ batin yg baru mereka sanggup melepaskan diri dr tradisi yg nampaknya semakin kuat mengikat kaum penulis kita ~ buruh seluruh pekerja ~ elektrik tenaga yg dihasilkan oleh kuasa elektrik ~ gerak tenaga yg terdapat pd sesuatu yg bergerak air yg mengalir dll ~ ikatan Kim tenaga yg diperlukan utk memutuskan ikatan dlm molekul ~ kimia Kim tenaga yg dimiliki oleh sesuatu bahan kimia yg akan dibebaskan semasa tindak balas kimia ~ kinetik Fiz tenaga yg ada pd sesuatu jasad akibat pergerakannya ~ kuda bp kuasa kuda ~ nuklear tenaga atom ~ pengajar orang yg ahli atau berkelayakan utk mengajarkan sesuatu mata pelajaran bidang ilmu ke-mahiran dsb ~ pengaktifan Kim tenaga yg perlu diatasi oleh bahan tindak balas sebelum tindak balas berlaku ~ pengionan Kim tenaga minimum yg diperlukan utk menying-kirkan satu elektron dr satu atom atau ion gas ~ sawat tenaga pd sesuatu mesin ~ sinaran Fiz tenaga yg dipancarkan dlm bentuk sinaran terutama sinaran elektromagnet ~ suria tenaga yg diperoleh drpd matahari iaitu tenaga cahaya tenaga ultraungu dan tenaga haba ~ wap tenaga drpd wap bertenaga 1. mempunyai memperlihatkan tenaga ada tenaganya berkekuatan berdaya: dia tidak ~ utk membuat kerja itu penulis yg dikira kurang ~ dlm penghasilan kreatif memperkemas gaya pengucapan agar lebih ~ 2. rajin giat bekerja dll.Kamus Dewan Edisi Keempat[te.na.ga]  Definisi :1 kekuatan utk memungkinkan seseorang melakukan sesuatu daya: Dia tidak mempunyai ~ hendak membuat kerja itu. 2  ~ kerja orang yg mengerjakan sesuatu pekerja kakitangan: Wanita ialah ~ manusia yg belum dihargai sepenuhnya. 3 kuasa yg dikeluarkan atau yg terdapat drpd sesuatu. ~ atom tenaga yg dikeluarkan oleh atom. ~ elektrik tenaga yg diperoleh drpd geseran atau drpd tindakan kimia. ~ gerak kinetik tenaga yg terdapat pd sesuatu yg bergerak spt pd air yg mengalir. ~ haba tenaga dlm bentuk haba utk memanaskan sesuatu. ~ ikatan ist tenaga yg diperlukan utk memutuskan ikatan dlm molekul. ~ kimia tenaga yg dimiliki oleh sesuatu bahan kimia yg akan dibebaskan semasa tindak balas kimia. ~ kuda ukuran utk menyukat kekuatan enjin dll. ~ nuklear tenaga yg terhasil drpd tidak balas nukleus tenaga atom. ~ pengajar orang yg ahli atau yg berkelayakan utk mengajarkan sesuatu mata pelajaran bidang ilmu kemahiran dsb. ~ pengionan ist tenaga minimum yg diperlukan utk menyingkirkan satu elektron drpd satu atom atau ion gas. ~ sawat mekanik tenaga yg terdapat pd mesin. ~ suria tenaga yg diperoleh drpd cahaya matahari. ~ wap stim tenaga yg diperoleh drpd wap. bertenaga mempunyai tenaga berdaya: Dia tidak ~ lagi utk meneruskan perlawanan itu.Kamus Pelajar Edisi Kedua,kata nama,High
taman,[ta.man]  Definisi :1. kebun yg ditanami dgn pelbagai bunga-bungaan utk bersenang-senang berehat-rehat kebun bunga 2. ki tempat bersiar-siar mengambil angin dll 3. Jw tempat duduk pengantin perempuan dihiasi bunga-bungaan 4. kawasan perumahan yg terancang lengkap dgn kedai sekolah dan kemudahan-kemudahan lain: T~ Tun Dr Ismail ~ asuhan kanak-kanak  ~ bimbingan kanak-kanak tempat kanak-kanak kecil biasanya dijaga sewaktu ibu bapa mereka bekerja dll taska tabika ~ bacaan a ruangan atau rumah tempat membaca buku b  ~ pustaka perpustakaan kutub khanah ~ bahagia a tempat menikmati kebahagiaan b makam utk pahlawan yg telah terkorban dlm peperangan ~ berpusing bertangkap mayang jenis-jenis tempat mandi berkaitan dgn salah suatu istiadat ~ botani kawasan yg ditanami pelbagai spesies tumbuhan utk penyelidikan pemelajaran dan rekreasi ~ didikan kanak-kanak kelas atau sekolah kecil utk kanak-kanak yg berumur antara empat hingga enam tahun sebelum mereka memasuki sekolah rendah tadika ~ hiburan tempat bersuka ria dgn berjoget bermain berbagai-bagai mainan dll ~ hutan Hut kawasan hutan yg diurus sbg kawasan rekreasi atau kawasan bersejarah ~ larangan sl taman bunga khas utk puteri-puteri diraja sahaja ~ negara kawasan hutan milik negara yg dijadikan sbg kawasan perlindungan alam semula jadi flora dan fauna atau bahan sejarah ~ sari kebun bunga tempat bersenang-senang air se~ air yg bercampur dgn berbagai-bagai bunga pertamanan hal yg berkaitan dgn taman: minat kerajaan terhadap penghijauan pengindahan dan ~ pd akhir-akhir ini sangat menggalakkan urusan ~.Kamus Dewan Edisi Keempat[ta.man]  Definisi :rumput ~ sj tumbuhan rumpai Pycreus nitens.Kamus Dewan Edisi Keempat[ta.man]  Definisi :Mn ark rajin betah giat: ~ bekerja.Kamus Dewan Edisi Keempat[ta.man]  Definisi :1 kebun yg ditanami berbagai-bagai jenis pokok dan bunga-bungaan kebun bunga. 2 ki tempat orang bersenang-senang atau bersiar-siar. ~ bacaan a. ruang atau rumah tempat membaca buku. b.  ~ pustaka bilik atau bangunan tempat buku-buku bacaan dikumpulkan dan disimpan perpustakaan. ~ botani kawasan yg ditanami pelbagai spesies tumbuhan utk tujuan penyelidikan utk dipamerkan kpd orang ramai bagi tujuan pemelajaran dsb. ~ didikan bimbingan kanak-kanak tempat mendidik kanak-kanak biasanya yg berumur antara empat hingga enam tahun. ~ hiburan tempat orang pergi bersuka ria. ~ hutan ist kawasan hutan yg diurus atau diselenggarakan sbg kawasan rekreasi atau kawasan bersejarah. pertamanan hal yg berkaitan dgn taman urusan menyelenggarakan taman: Usaha ditumpukan pd penghijauan dan ~ di kawasan itu.Kamus Pelajar Edisi Kedua,kata nama,High
kepada,[ke.pa.da]  Definisi :1. kata utk menyatakan arah ke dipakai sebelum nama orang atau kata pengganti diri pada: mengirim surat ~ orang tuanya 2. terhadap akan: jangan berbuat jahat ~ orang 3. daripada pada: baginda memohon Siantan ~ Betara Majapahit ia penolong ~ Pegawai Daerah.Kamus Dewan Edisi Keempat[ke.pa.da]  Definisi :1 kata sendi nama yg menyatakan sasaran seseorang atau sesuatu: Dia mengirim surat ~ orang tuanya yg tinggal di Ipoh. Adik memberikan makanan itu ~ kucingnya. 2 terhadap akan: Tidak baik berbuat jahat ~ orang.Kamus Pelajar Edisi Kedua,kata tugas,Moderate
menerusi,[me.ne.ru.si]  Definisi :1. masuk sampai ke melantas pd menembus pd: jahitan yg awal dan yg akhir sahaja yg ~ kain yg lain itu lalu di bawah urat benang sahaja 2. dgn perantaraan melalui: masukkan sehelai benang halus ~ lubang-lubang pd kertas tebal itu dia mengirim buku-buku itu ~ sayaKamus Dewan Edisi Keempat[me.ne.ru.si]  Definisi :dgn perantaraan melalui: Pencuri masuk ke dlm rumah itu ~ tingkap. Dia mengirim wang itu ~ kawannya.Kamus Pelajar Edisi Kedua,kata tugas,Moderate
menerusi,[me.ne.ru.si]  Definisi :1. masuk sampai ke melantas pd menembus pd: jahitan yg awal dan yg akhir sahaja yg ~ kain yg lain itu lalu di bawah urat benang sahaja 2. dgn perantaraan melalui: masukkan sehelai benang halus ~ lubang-lubang pd kertas tebal itu dia mengirim buku-buku itu ~ sayaKamus Dewan Edisi Keempat[me.ne.ru.si]  Definisi :dgn perantaraan melalui: Pencuri masuk ke dlm rumah itu ~ tingkap. Dia mengirim wang itu ~ kawannya.Kamus Pelajar Edisi Kedua,kata kerja,Moderate
perak,[pé.ra]  Definisi :pérak 1. sj logam yg berwarna putih dan berkilat digunakan utk membuat perhiasan duit dll: mangkuk ~ wang ~ 2.  perakan wang rupiah: dia meminta sekeping surat keterangan dgn bayaran beberapa ~ sahaja keperakan keperak-perakan warna putih kekelabuan yg terang atau berkilau: biru ~.Kamus Dewan Edisi Keempat[pé.ra]  Definisi :Kl masin ~ terlampau masin.Kamus Dewan Edisi Keempat[pé.ra]  Definisi :pérak negeri di barat daya Semenanjung keluasan 20 668 km2 Ipoh sbg ibu negeri.Kamus Dewan Edisi Keempat[pé.ra]  Definisi :Kl memerak menyimpan meletakkan barang-barang dll dgn tidak teratur dll.Kamus Dewan Edisi Keempat[pé.ra]  Definisi :Kd hairan tercengang kerana pertama kali melihat sesuatu dsb.Kamus Dewan Edisi Keempat[pé.ra]  Definisi :pérak 1 logam berharga yg berwarna keputih-putihan: cincin ~. 2 wang rupiah: Harganya lima ~. 3 warna spt perak 1. keperak-perakan agak seakan-akan perak warnanya.Kamus Pelajar Edisi Kedua,-,-
solar,[so.lar]  Definisi :Id minyak ~ sj minyak yg pekat utk enjin diesel.Kamus Dewan Edisi Keempat,-,-
berkeluasan,-,-,-
hektar,[hék.tar]  Definisi :héktar ukuran luas tanah dll yg bersamaan dgn 10 000 m2 2.471 ekar berhektar-hektar beberapa banyak hektar: dia mewarisi ~ kebun getah peninggalan orang tuanya.Kamus Dewan Edisi Keempat[hék.tar]  Definisi :héktar ukuran luas yg besarnya 2.471 ekar.Kamus Pelajar Edisi Kedua,-,-
itu,-,-,-
akan,-,-,-
dibangunkan,-,-,-
strategik,[stra.té.gik]  Definisi :stratégik 1. berdasarkan strategi: letaknya ~ dan hanya dapat dicapai drpd tiga jurusan 2. bp baik elok letaknya.Kamus Dewan Edisi Keempat,-,-
antara,[an.ta.ra]  Definisi :1 jarak atau sela di tengah dua tempat atau dua benda: Ukurlah ~ kedua-dua tiang itu. 2 di tengah dua waktu tempat peristiwa dsb: Pekan Kuala Kangsar terletak di ~ Ipoh dgn Taiping. 3 masa dr satu saat ke saat yg lain selang waktu: Tidak berapa lama ~nya matilah ia kerana kekurangan darah. 4 di tengah-tengah kumpulan golongan dll di kalangan: Ada ~ mereka yg mempunyai ijazah tetapi masih menganggur. berantara 1 ada antaranya selanya bersela: Rumah ibu dgn dapurnya bersambung terus tidak ~. 2 tidak terus-menerus tidak langsung berselang waktu: Kerja-kerja itu dibuat secara ~. mengantarai 1 memisahkan dua benda dsb: Banjaran Titiwangsa yg menganjur di tengah-tengah Semenanjung Malaysia ~ Kelantan dgn Perak. 2 menjadi orang tengah dlm perundingan dll. perantaraan 1 hal berantara hal menghubungkan orang dll yg berantara. 2 cara atau jalan yg menjadi penghubung supaya sesuatu dpt dilaksanakan: Ceramah itu disampaikan melalui ~ televisyen. Hadiah hari jadi kawannya dikirim melalui ~ seorang sahabat. pengantaraan perbuatan hal cara dsb mengantarai hal memisahkan dua benda dll. perantara orang badan dll yg menjadi penghubung dua pihak yg berantara medium. pengantara orang benda dll yg mengantarai orang dll yg menjadi pemisah.Kamus Pelajar Edisi Kedua,-,-
sd,-,-,-
guthrie,-,-,-
dan,-,-,-
permodalan,[per.mo.da.lan]  Definisi : syarikat ~ syarikat yg menanam modalnya dlm perniagaan atau perusahaan lain utk mendapat keuntunganKamus Dewan Edisi Keempat[per.mo.da.lan]  Definisi :segala hal atau urusan yg berkaitan dgn modal perihal bermodalKamus Pelajar Edisi Kedua,-,-
nasional,[na.sio.nal]  Definisi :berkaitan dgn bangsa kebangsaan: kita harus mengikuti gerakan atau cita-cita ~ kita itu sebaik-baiknya pesta itu juga dimeriahkan dgn tarian dan nyanyian ~ oleh bermacam-macam bangsa kenasionalan perihal sesuatu bangsa kebangsaan.Kamus Dewan Edisi Keempat[na.sio.nal]  Definisi :berkaitan dgn bangsa sendiri kebangsaan: identiti ~.Kamus Pelajar Edisi Kedua,-,-
bhd,-,-,-
bagi,[ba.gi]  Definisi :apa-apa yg telah ditentukan untuk: Ayah telah memberikan wang kpd saya ~ membeli buku.Kamus Pelajar Edisi Kedua[ba.gi]  Definisi : membagi menyebabkan seseorang menerima sesuatu memberi. membagikan menyerahkan sesuatu kpd memberikan: Siapa yg ~ wang itu kpd kamuKamus Pelajar Edisi Kedua,-,-
menggalakkan,[meng.ga.la.kan]  Definisi :1. membangkitkan marah: ~ ayam sabungan 2. memberi semangat memberi dorongan: tunangannya ~ dia melanjutkan pelajarannyaKamus Dewan Edisi Keempat[meng.ga.la.kan]  Definisi :1 menjadikan galak membangkitkan kemarahan: ~ ayam sabungan berlaga. 2 memberi semangat atau dorongan supaya terus maju dll: Ibunya ~ dia melanjutkan pelajarannya hingga ke universiti.Kamus Pelajar Edisi Kedua,-,-
keterangkuman,-,-,-
dan,-,-,-
keseimbangan,[ke.se.im.ba.ngan]  Definisi :keadaan seimbang: ~ ekonomi antara kaum di negeri ini sangat mustahak nyatalah bahawa sistem pendidikan di negara ini mesti merupakan sistem yg mempunyai ~ antara mata pelajaran sastera dan sainsKamus Dewan Edisi Keempat[ke.se.im.ba.ngan]  Definisi :keadaan seimbang: Zakat ialah satu sistem yg bertujuan utk menjaga ~ hidup di kalangan masyarakat.Kamus Pelajar Edisi Kedua,-,-
sosioekonomi,[so.sio.é.ko.no.mi]  Definisi :sosioékonomi berkaitan dgn melibatkan unsur-unsur atau faktor-faktor kemasyarakatan dan ekonomi: kajian-kajian ~.Kamus Dewan Edisi Keempat[so.sio.é.ko.no.mi]  Definisi :sosioékonomi berkaitan dgn atau melibatkan faktor kemasyarakatan dan faktor ekonomi: kajian-kajian ~.Kamus Pelajar Edisi Kedua,-,-
transformasi,[trans.for.ma.si]  Definisi :perubahan bentuk sifat rupa keadaan dll: satu ~ asas perlu dibuat utk melaksanakan hukum-hukum al-Quran mentransformasikan melakukan meninggalkan dsb transformasi mengubah bentuk sifat rupa keadaan dll.Kamus Dewan Edisi Keempat[trans.for.ma.si]  Definisi :perubahan rupa bentuk sifat dll.Kamus Pelajar Edisi Kedua,-,-
ekonomi,[é.ko.no.mi]  Definisi :ékonomi 1. ilmu bkn pengeluaran pengagihan penggunaan barang-barang dan perkhidmatan: beberapa orang penuntut ~ sedang membantu Kementerian Buruh menyelidiki keadaan pengangguran sekarang ini ahli ~ orang yg pakar dlm bidang ekonomi 2. sistem pengeKamus Dewan Edisi Keempat[é.ko.no.mi]  Definisi :ékonomi 1 ilmu ttg asas-asas pengeluaran pembahagian penggunaan barang-barang dan perkhidmatan serta masalah-masalah kewangan kemasyarakatan dll yg bersangkutan dgnnya. 2 keadaan kekayaan atau kebendaan sesebuah negara dll: Kedudukan ~ negara semakin kukuh. 3 urusan ttg perkara-perkara rumah tangga spt perbelanjaan penggunaan barang-barang. 4 tidak boros hemat. ~ campuran sistem ekonomi yg sebahagian sumbernya dikawal oleh sektor awam dan sebahagian lagi dikawal oleh sektor swasta. ~ terbuka ekonomi yg melibatkan perdagangan sesebuah negara dgn negara yg lain. ~ tertutup ekonomi yg tidak melibatkan perdagangan antarabangsa iaitu tidak wujud aktiviti import dan eksport barangan atau bahan pengeluaran. berekonomi 1 menjalankan sesuatu usaha menurut ilmu ekonomi. 2 bercermat atau berhati-hati dlm menggunakan wang berhemat. mengekonomikan membelanjakan wang dgn hati-hati menghematkan: Utk tujuan ini beliau telah ~ segala perbelanjaan seberapa yg dpt. perekonomian hal-hal atau kegiatan-kegiatan ekonomi.Kamus Pelajar Edisi Kedua,-,-
bumiputera,[bu.mi.pu.te.ra]  Definisi :anak negeri peribumimembumiputerakan menjadikan sesuatu bersifat milik dsb bumiputera memperibumikan: ada saranan utk ~ beberapa syarikat asing yg beroperasi di negara inikebumiputeraan perihal bumiputera yg berkaitan dgn sifat-sifat bumiputera keperibumian.Kamus Dewan Edisi Keempat[bu.mi.pu.te.ra]  Definisi :anak tulen dr sesebuah negara peribumi.Kamus Pelajar Edisi Kedua,-,-
ladang,[la.dang]  Definisi :1. kawasan yg ditanami padi ubi jagung dll dgn tidak diairi huma tegal ~ padi huma ~ tinggal ladang yg tidak diusahakan lagi 2. kebun yg luas estet perkebunan lada teh getah dll: sebuah ~ getah luasnya 800 ekar ~ yg berpunya prb perempuan yg sudah berkahwin lain ~ lain belalang lain lubuk lain ikannya prb tiap-tiap negeri itu berlainan aturan dan adatnya merentak di ~ orang prb bersuka-suka memakan atau memakai harta orang tetapi tidak ingat akan kerugian orang itu berladang membuat membuka mengusahakan memiliki ladang: ~ bertanam ubi atau pisang itu sudah lama dikerjakannya ~ tidak setelempap jua kan tempat kuririk menggelonggong prb kemiskinan yg amat sangat memperladang memperladangkan membuka tanah utk membuat ladang menjadikan ladang: kawasan hutan yg diperladang orang makin bertambah perladangan 1. kawasan tempat orang berladang: ~ orang dusun itu habis binasa dirosakkan oleh babi 2. perihal berladang kaedah bercucuk tanam di ladang peladang orang yg menyelenggarakan ladang petani: maka adalah di peminggiran negeri raja itu seorang ~ tiga beranak.Kamus Dewan Edisi Keempat[la.dang]  Definisi :1 tanah yg tidak diairi yg diusahakan serta ditanami ubi jagung padi dll huma. 2 kebun getah kelapa sawit dll yg luas estet: Di Malaysia banyak terdapat ~ getah dan ~ kelapa sawit. berladang mengusahakan atau mempunyai ladang. perladangan 1 kawasan tempat orang berladang: ~ masyarakat desa. 2 hal ttg ladang: masalah ~. peladang orang yg mengusahakan atau yg menyelenggarakan ladang.Kamus Pelajar Edisi Kedua,kata nama,High
kerjasama,[ker.ja.sa.ma]  Definisi :1. kerja usaha dsb bersama-sama atau saling membantu antara dua atau beberapa pihak gotong-royong: ~ antara semua pihak yg terlibat amat perlu utk menjayakan projek ini 2. sumbangan pelbagai rupa bersifat bantuan tenaga sokongan persefahaman dll dr satu pihak kpd pihak yg lain utk faedah bersama: jabatan itu dapat bergerak dgn licin hanya jika ada ~ dr pihak orang ramai seseorang ketua memerlukan ~ drpd orang-orang bawahannya supaya segala yg diselenggarakan berhasil syarikat ~ syarikat yg dikendalikan bersama oleh ahliahlinya dgn cara saling membantu menyumbang dsb utk faedah bersama bekerjasama bekerja berbuat sesuatu bersama-sama atau dgn cara saling membantu menyumbang dsb bergotong-royong: mereka tidak dapat membuat satu-satu kerja dgn sempurna kalau tidak dgn ~.Kamus Dewan Edisi Keempat[ker.ja.sa.ma]  Definisi :kerja yg dibuat bersama-sama dan dgn tolong-menolong gotong-royong: Jabatan itu berjalan licin kerana ada ~ drpd masyarakat. bekerjasama bekerja bersama-sama dan tolong-menolong bergotong-royong.Kamus Pelajar Edisi Kedua,kata nama,High
pelan,Definisi :pélan Jk tanah lapang lapangan.Kamus Dewan Edisi KeempatDefinisi :tanah lapang.Kamus Dewan Edisi KeempatDefinisi :bp perlahan ~-~ perlahan-lahan: ia membuka matanya ~-~.Kamus Dewan Edisi KeempatDefinisi :1. rajah yg menggambarkan bentuk ukuran letak sesuatu bangunan tanah dll ~ bandar ~ rumah 2. rancangan yg sudah diatur utk dilaksanakan ~ induk rancangan menyeluruh yg merangkumi seluruh dasar dan segala rancangan kegiatan yg akan dilaksanakan dlm pembangunan perekonomian dsb: beberapa kajian yg terkandung dlm P~ Perindustrian Malaysia ~ lantai S.Bina lukisan mengikut skala bagi susun atur bilik dsb pd satu lantai sesebuah bangunan ~ tindakan langkahlangkah tindakan yg diambil utk mencapai sesuatu tujuan.Kamus Dewan Edisi KeempatDefinisi :1 rajah yg menggambarkan bentuk serta ukuran sesuatu bangunan kawasan dsb. 2 rancangan yg sudah diatur utk dilaksanakan. ~ induk rancangan menyeluruh yg merangkumi seluruh dasar dan segala rancangan kegiatan yg akan dilaksanakan dlm pembangunan perekonomian dsb: Beberapa kajian terkandung dlm ~ induk projek tsb. ~ lantai lukisan mengikut skala bagi susun atur bilik dsb pd satu lantai sesebuah bangunan. ~ tindakan rancangan yg diatur yg terdiri drpd langkah-langkah utk bertindak secara bijak.Kamus Pelajar Edisi Kedua,kata nama,High
melalui,[me.la.lui][me.la.lu.i]  Definisi :1. mengikuti jalan dll melintasi lalu di menempuhi: beberapa orang gadis yg sedang ~ lorong itu terpaksa berhenti sejenak 2. tidak mengikuti ajaran hukuman perintah dll mengingkari: tiada kuasa patik sekalian ~ titah Yang Dipertuan apalah titah tuanku patik sedia menjunjung tiadalah ~ titah perintah sekali-kali 3. dgn perantaraan menerusi: rancangan Dewan Bahasa di udara sering kali disiarkan ~ radio Ahmad telah memajukan tuntutannya ~ peguamnya 4. melampaui melangkaui melangkahi: apa-apa yg kamu tidak faham tanyalah kpd guru jangan dilalui sahaja ketika saya berjalan itu ada ~ beberapa buah kedai orang menjual makanan 5. dgn perjalanan masa: sesetengah kes ini menjadi usang ~ masaKamus Dewan Edisi Keempat[me.la.lui][me.la.lu.i]  Definisi :1 lalu di mengikuti menempuh: Kami berjalan ~ lurah dan bukit. 2 dgn perantaraan menerusi: Berita yg mengerikan itu didengar ~ radio.Kamus Pelajar Edisi Kedua,kata tugas,Moderate
melalui,[me.la.lui][me.la.lu.i]  Definisi :1. mengikuti jalan dll melintasi lalu di menempuhi: beberapa orang gadis yg sedang ~ lorong itu terpaksa berhenti sejenak 2. tidak mengikuti ajaran hukuman perintah dll mengingkari: tiada kuasa patik sekalian ~ titah Yang Dipertuan apalah titah tuanku patik sedia menjunjung tiadalah ~ titah perintah sekali-kali 3. dgn perantaraan menerusi: rancangan Dewan Bahasa di udara sering kali disiarkan ~ radio Ahmad telah memajukan tuntutannya ~ peguamnya 4. melampaui melangkaui melangkahi: apa-apa yg kamu tidak faham tanyalah kpd guru jangan dilalui sahaja ketika saya berjalan itu ada ~ beberapa buah kedai orang menjual makanan 5. dgn perjalanan masa: sesetengah kes ini menjadi usang ~ masaKamus Dewan Edisi Keempat[me.la.lui][me.la.lu.i]  Definisi :1 lalu di mengikuti menempuh: Kami berjalan ~ lurah dan bukit. 2 dgn perantaraan menerusi: Berita yg mengerikan itu didengar ~ radio.Kamus Pelajar Edisi Kedua,kata kerja,Moderate
diperkenalkan,-,-,-
dengan,[de.ngan]  Definisi :1. berserta bersama disertai oleh ditemani oleh: saya pergi menonton wayang ~ adik saya seorang tua ~ anaknya sekali telah mati terbunuh 2. kata yg digunakan utk menunjukkan cara sesuatu itu dilakukan dicapai dll atau alat dsb yg digunakan: Ahmad membelah durian ~ parang kerja ini dapat diselesaikan ~ kerjasama yg erat drpd semua pihak menambah ilmu pengetahuan ~ membaca 3. melawan menentang: bergaduh ~ adiknya berperang ~ musuh 4. kata yg menunjukkan atau menyatakan keadaan gaya dsb: Ahmad menerima hadiah itu ~ terketar-ketar menjerit ~ sekuat hati menghadapi masalah ~ tenang 5. oleh kerana atas ~ nama Allah atas nama Allah ~ yg demikian oleh yg demikian 6. kata utk menyatakan hubungan kesesuaian kecocokan keselarasan dsb: tindakan yg diambil sesuai ~ keadaan sependapat ~ saya 7. kata yg menjelaskan sesuatu perolehan pencapaian dsb: ramai pelajar yg lulus ~ mendapat gred dua 8. kata yg menunjukkan tumpuan sesuatu perbuatan sikap pernyataan dll: Sukor akan berbincang ~ dia sebelum membuat keputusan barangkali demikian juga halnya ~ cerpen-cerpen di dlm Rintisan 9. bp pada: ~ dia semua boleh.Kamus Dewan Edisi Keempat[de.ngan]  Definisi :1. sl sahabat kawan teman 2. Mn sl hamba sahaya: Datuk Bendahara itu banyak sungguh ~nya 3. sl saya aku.Kamus Dewan Edisi Keempat[de.ngan]  Definisi :1 bersama berserta: Bapanya mengambil parang ~ cangkul lalu pergi ke kebun. 2 memakai atau menggunakan sesuatu alat: Dia membelah kayu ~ kapak. 3 kata yg menunjukkan atau menyatakan keadaan dll: Ali menerima berita itu ~ sedih dan pilu. Dia lulus ~ mendapat markah tertinggi. 4 oleh kerana atas: ~ yg demikian barulah ia mahu pergi ke sekolah. 5 sama serupa: Dia sependapat ~ saya. 6 melawan menentang: Askar-askar itu berperang ~ musuh. Ali bergaduh ~ Ahmad.Kamus Pelajar Edisi Kedua,-,-
memberi,[mem.be.ri]  Definisi :mengikut apabila ditarik atau ditekan tetapi berbalik kpd bentuknya yg asal apabila dilepaskan menganjal.Kamus Pelajar Edisi Kedua[mem.be.ri]  Definisi :1 menyebabkan seseorang menerima sesuatu: Ia ~ anak-anaknya wang saku. 2 tidak menghalang membenarkan: Emak tidak ~ saya bermain-main di tepi kolam itu. 3 menyebabkan mendapat atau terkena sesuatu: Kita mesti berkelakuan baik dan jangan sekali-kali ~ malu kpd orang tua kita. 4 memasangkan melekatkan dsb sesuatu pd: Alat itu diberi bertangkai.Kamus Pelajar Edisi Kedua,-,-
tumpuan,[tum.puan]  Definisi :1. sesuatu yg dijadikan tempat utk menumpukan kaki dll ketika hendak melompat dll tempat bertumpu 2. bantuan sokongan tunjangan: dia tahu bahawa dia menjadi ~ harapan ibunya 3. pusat atau pangkalan utk menyerang dll tempat mengumpulkan kekuatan dll: Danang 650 km dr sini menjadi pusat ~ tentera Amerika 4. bahagian bawah tempat tidur tempat kakinya: maka Jekin itu dibangunkan oleh Seri Rama maka ia pun terkejut lalu dilihatnya berdiri di ~nya 5. orang dll yg menjadi pusat perhatian tempat mengadu berharap dll: beliau sudah barang tentu akan menjadi tempat ~ apabila pulang ke kampung 6. sesuatu yg menjadi sasaran tujuan dll sesuatu yg ditujui: jurutaip yg bernama Henry itulah jadi ~ kami berjenaka kampung itu terletak tidak berapa jauh dr tempat ~ saudagar-saudagar dr Melaka 7. tempat bertemunya atau bertembungnya jalan raya sungai dll: Johor Bahru ialah pusat pentadbiran negeri Johor dan tempat ~ semua jalan raya dan jalan kereta api dr Tanah Melayu ke Singapura 8. pusat tempat bertumpunya pancaran cahaya setelah melalui sesuatu kanta: tempat semua pancaran itu bertumpu dinamakan ~ kanta ituKamus Dewan Edisi Keempat[tum.puan]  Definisi :1 sesuatu yg digunakan utk bertumpu ketika hendak melompat dll. 2 orang dll yg menjadi pusat perhatian tempat mengadu dll: Beliaulah yg menjadi ~ orang-orang kampung. 3 pusat tempat bertumpu atau tempat berkumpul pusat atau pangkalan utk menyerang dll.Kamus Pelajar Edisi Kedua,-,-
ekonomi,[é.ko.no.mi]  Definisi :ékonomi 1. ilmu bkn pengeluaran pengagihan penggunaan barang-barang dan perkhidmatan: beberapa orang penuntut ~ sedang membantu Kementerian Buruh menyelidiki keadaan pengangguran sekarang ini ahli ~ orang yg pakar dlm bidang ekonomi 2. sistem pengeKamus Dewan Edisi Keempat[é.ko.no.mi]  Definisi :ékonomi 1 ilmu ttg asas-asas pengeluaran pembahagian penggunaan barang-barang dan perkhidmatan serta masalah-masalah kewangan kemasyarakatan dll yg bersangkutan dgnnya. 2 keadaan kekayaan atau kebendaan sesebuah negara dll: Kedudukan ~ negara semakin kukuh. 3 urusan ttg perkara-perkara rumah tangga spt perbelanjaan penggunaan barang-barang. 4 tidak boros hemat. ~ campuran sistem ekonomi yg sebahagian sumbernya dikawal oleh sektor awam dan sebahagian lagi dikawal oleh sektor swasta. ~ terbuka ekonomi yg melibatkan perdagangan sesebuah negara dgn negara yg lain. ~ tertutup ekonomi yg tidak melibatkan perdagangan antarabangsa iaitu tidak wujud aktiviti import dan eksport barangan atau bahan pengeluaran. berekonomi 1 menjalankan sesuatu usaha menurut ilmu ekonomi. 2 bercermat atau berhati-hati dlm menggunakan wang berhemat. mengekonomikan membelanjakan wang dgn hati-hati menghematkan: Utk tujuan ini beliau telah ~ segala perbelanjaan seberapa yg dpt. perekonomian hal-hal atau kegiatan-kegiatan ekonomi.Kamus Pelajar Edisi Kedua,-,-
bumiputera,[bu.mi.pu.te.ra]  Definisi :anak negeri peribumimembumiputerakan menjadikan sesuatu bersifat milik dsb bumiputera memperibumikan: ada saranan utk ~ beberapa syarikat asing yg beroperasi di negara inikebumiputeraan perihal bumiputera yg berkaitan dgn sifat-sifat bumiputera keperibumian.Kamus Dewan Edisi Keempat[bu.mi.pu.te.ra]  Definisi :anak tulen dr sesebuah negara peribumi.Kamus Pelajar Edisi Kedua,-,-
yang,[yang]  Definisi :1. Lin kata penghubung utk menyatakan bahawa kata keterangan berikutnya dipentingkan atau menunjukkan kelainan: rumah ~ besar itu orang ~ sakit itu 2. Lin kata penghubung utk menyatakan bahawa katakata ayat berikutnya ialah penjelasan utk kata-kata sebelumnya: banyak orang ~ ingin bersalam dengannya 3. kata yg digunakan sbg kata penyerta kata yg menentukan kata benda kata sandang: ~ penting bagi kita ialah mengenai dasar ~ kaya sama kaya 4. sl adapun akan: ~ hutang tuan hamba sekati emas itu halallah dunia akhirat 5. bp kata peng-hubung utk menyatakan isi atau huraiankata ayat sebelumnya bahawa: mengertilah cikgu itu ~ pandangan itu bermaksud meminta nasihat Y~ Amat Arif rujukan kehormat utk Ketua Hakim Negara dlm situasi formal spt di mahkamah dsb Y~ Amat Berbahagia rujukan kehormat yg digunakan utk mereka yg bergelar Tun dan Toh Puan Y~ Amat Berhormat rujukan kehormat yg digunakan utk Perdana Menteri Timbalan Perdana Menteri dan Menteri Besar Y~ Amat Mulia rujukan kehormat yg digunakan utk Undang luak di Negeri Sembilan Y~ Arif rujukan kehormat yg digunakan utk Hakim pd situasi yg formal spt di mahkamah dsb Y~ Berbahagia rujukan kehormat yg digunakan utk mereka yg bergelar Tan Sri Puan Sri Datuk Seri Datin Seri Datuk Paduka Datin Paduka Dato Datuk dan Datin yg bukan wakil rakyat Y~ Berhormat rujukan kehormat yg digunakan utk Menteri Timbalan Menteri Yang Dipertua Dewan Negara Yang Dipertua Dewan Rakyat Yang Dipertua Dewan Negeri Ahli Dewan Rakyat Ahli Dewan Negara dan Ahli Dewan Undangan Negeri Y~ Berhormat Mulia rujukan kehormat yg digunakan utk Menteri Timbalan Menteri Yang Dipertua Dewan Negara Yang Dipertua Dewan Rakyat Yang Dipertua Dewan Negeri Ahli Dewan Rakyat Ahli Dewan Negara dan Ahli Dewan Undangan Negeri yg berketurunan raja Y~ Dipertua orang yg dilantik menjadi ketua sesuatu persatuan perkumpulan dll Y~ Dipertua Negeri gelaran utk ketua negeri bagi Melaka Pulau Pinang Sabah dan Sarawak Y~ Dipertuan gelaran utk raja yg memerintah sultan tuanku Y~ di-Pertuan Agong gelaran utk Ketua Negara Malaysia Y~ Maha Kuasa Tuhan Allah Y~ Maha Mulia rujukan kehormat utk sultan atau raja yg memerintah Y~ Mulia rujukan kehormat utk mereka yg bergelar Tengku Raja Syed Engku Ungku dan Datu Y~ Teramat Mulia rujukan kehormat utk keluarga diraja yg terdekat.Kamus Dewan Edisi Keempat[yang]  Definisi : yang-yang dewa beryang-yang membaca mantera memanggil dewa-dewa memuja dewa-dewa: maka tuan puteri pun mengambil gaharu cendana janggi dibakarnya sambil ~ Tuanku Malim Deman pun berangkatlah bersiram di dlm taman itu ~ mengamalkan sekalian ilmu hikmat kayangan tempat kediaman segala dewa keinderaan.Kamus Dewan Edisi Keempat[yang]  Definisi :1 kata utk mengasingkan sesuatu supaya jelas kelainannya: Telur ~ kecil di atas meja itu telur burung. 2 kata utk menentukan sesuatu sbg benda: ~ tinggi itu bangunan Parlimen. 3 kata yg menghubungkan benda dgn penerangnya: Rumah ~ baru dibelinya itu rumah batu. ~ Dipertua orang yg dilantik menjadi ketua sesuatu perkumpulan persatuan dll. ~ Dipertuan gelaran utk raja yg memerintah. ~ Maha Kuasa Tuhan Allah.Kamus Pelajar Edisi Kedua[yang]  Definisi :  yang-yang dewa. beryang-yang memuja dewa-dewa.Kamus Pelajar Edisi Kedua,-,-
disasarkan,-,-,-
dan,-,-,-
keadilan,[ke.Öa.di.lan][ke.a.di.lan]  Definisi :sifat perbuatan tindakan dll yg adil: ~ seseorang raja atau pemerintah ia menuntut ~ ia menuntut penyelesaian yg adil menciptakan ~ masyarakat mengadakan susunan dan keadaan yg adil bagi kehidupan dlm masyarakatKamus Dewan Edisi Keempat[ke.Öa.di.lan][ke.a.di.lan]  Definisi :keadaan sifat perbuatan dll adil.Kamus Pelajar Edisi Kedua,-,-
sosioekonomi,[so.sio.é.ko.no.mi]  Definisi :sosioékonomi berkaitan dgn melibatkan unsur-unsur atau faktor-faktor kemasyarakatan dan ekonomi: kajian-kajian ~.Kamus Dewan Edisi Keempat[so.sio.é.ko.no.mi]  Definisi :sosioékonomi berkaitan dgn atau melibatkan faktor kemasyarakatan dan faktor ekonomi: kajian-kajian ~.Kamus Pelajar Edisi Kedua,-,-
awam-swasta,-,-,-
menyasarkan,[me.nya.sar.kan]  Definisi :1. menghalakan menujukan 2. menetapkan sasaran hasil perolehan dsb yg ingin dicapai: syarikat ~ jualan bagi kedua-dua unit amanah ini mencecah sehingga RM30 juta menjelang bulan Jun depan negara kita ~ 14 pingat emas bagi acara olahraga di temasya Sukan SEA ituKamus Dewan Edisi Keempat[me.nya.sar.kan]  Definisi :1 menujukan menghalakan. 2 menetapkan matlamat hasil perolehan dsb yg hendak dicapai: Pihak pemasaran ~ jualan sebanyak 10000 unit menjelang hujung tahun ini.Kamus Pelajar Edisi Kedua,-,-
sumbangan,[sum.ba.ngan]  Definisi :1. sesuatu yg diberikan sbg bantuan kpd keramaian dll 2. bantuan atau pertolongan yg diberikan sokongan: mahasiswa kita masih sedikit sekali memberi ~ kpd tanah air senarainya telah digunakan di peringkat antarabangsa dan telah memberi ~ yg besar terhadap kajian cerita rakyatKamus Dewan Edisi Keempat[sum.ba.ngan]  Definisi :apa-apa yg diberikan sbg bantuan atau sbg sokongan pertolongan: Apakah ~ saudara kpd masyarakat sejak saudara lulus dr universitiKamus Pelajar Edisi Kedua,-,-
dalam,[da.lam]  Definisi :1. jarak jauhnya ke bawah atau ke dasar dr permukaan air tanah dsb jarak jauhnya ke tengah dr tepi atau pinggir sesuatu: ~ perigi itu kira-kira empat meter 2. jauh ke bawah atau ke dasar dr permukaan air tanah dll atau jauh ke tengah dr tepi atau pinggir hutan dll jauh jaraknya di antara paras permukaan dgn dasar tidak cetek: lubang itu ~ sungguh jangan suka berenang di tempat yg ~ 3. bukan sedikit tidak sempit lebih drpd sekadar yg perlu sahaja: dia mempunyai pengetahuan yg ~ tentang hal itu 4. mengandungi makna yg tidak mudah difahami bkn perkataan ungkapan dsb lebih drpd yg terzahir: perkataan ini ~ maknanya 5. tidak ceper leper jeluk bkn pinggan atau piring 6. bahagian atau ruang rumah bilik peti almari dll yg lawannya luar: diambilnya sepucuk surat dr ~ laci itu dan dihulurkannya kpd saya dia memasukkan bungkusan itu ke ~ keretanya 7. yg berkaitan dgn atau terbatas pd lingkungan sesuatu spt negeri keluarga dll itu sendiri: urusan ~ negeri masalah ~ keluarga 8. yg tidak nampak atau ketara dr luar: penyakit ~ 9. yg dipakai sebelum dipakai pakaian selengkapnya: baju ~ seluar ~ ~ berselam dangkal cetek berjingkat bertimba prb berpada dgn yg sedikit sedalam mencapai dalam atau sehingga dalamnya sebagaimana yg dinyatakan: digalinya lubang ~ kira-kira dua metersedalam-dalamnya 1. seberapa dalam yg mungkin: menggali ~ 2. dgn seberapa teliti atau terperinci: perlu difikirkan ~ cadangan yg dikemukakan itu sebelum dibuat sesuatu keputusanberdalam-dalam makin menjadi dalam merebak meluas dsb menjadi-jadi mendalam 1. menjadi dalam atau lebih dalam bkn lubang dsb bertambah dalam: lukanya semakin ~ kerana tidak dirawat dan dibubuh ubat 2. menjadi kukuh dan tidak mudah luput bkn perasaan kepercayaan terhadap sesuatu dll menjadi berat melarat bkn penyakit dll: perasaan cintanya terhadap Bibah semakin ~ kebencian yg ~ tradisi lama di kampungku terlalu ~ 3. sampai ke peringkat yg terperinci bkn kajian dsb luas dan teliti meliputi banyak aspek: kajiannya tentang sastera Melayu kurang ~mendalami memperdalami berusaha utk mengetahui sesuatu dgn lebih luas dan terperinci dgn mempelajari mengkaji menyelidik dsb dgn teliti dan terperinci menjadikan lebih sempurna atau terperinci pengetahuan dsb tentang sesuatu: mereka akan mengkaji lebih banyak buku dan kitab utk ~ pengetahuan mereka tentang agama Islam masing-masing ~ bidang yg diminatinyamendalamkan 1. menjadikan dalam atau lebih dalam perigi lubang dll: beberapa orang pekerja sedang ~ telaga 2.  memperdalam ki menjadikan lebih dalam pelajaran pengetahuan penyelidikan dsb: ia terus bekerja sambil ~ pengetahuannya tentang seni muzik perkembangan profesional memberi fokus kpd intelektualisme iaitu kpd memperdalam dan memperluas bidang pengetahuan dan kemahiran profesiondalaman 1. isi perut 2. yg tersembunyi dan tidak mudah difahami bkn makna ayat kata-kata dsb: kita seharusnya menyelami makna ~ kata-kata yg diucapkannya itu 3. yg berkaitan dgn atau perlu diuruskan dsb oleh sesuatu organisasi itu sendiri struktur ~ Lin dlm tatabahasa generatif gambaran yg diandaikan terdapat dlm struktur sesuatu ayat pd peringkat dasarnya hubungan gramatis atau hubungan logik dijelaskan sebelum struktur ayat tersebut mengalami perubahan kerana peraturan transformasikedalaman 1. perihal dalam budi bahasa pengetahuan pelajaran dll: kedangkalan dan ~ ilmu pengetahuan seseorang 2. ark terlalu dalampedalaman daerah yg jauh dr pantai yg terletak di ceruk pelosok atau di hulu negeri hulu: dia menjadi orang yg paling berpengaruh di daerah ~ penjahat-penjahat sedang bersembunyi di daerah ~pendalaman perihal mendalamkan tindakan proses dll mendalamkan.Kamus Dewan Edisi Keempat[da.lam]  Definisi :1. antara di kalangan: ~ mereka yg bertiga belas itu ada yg bergirang-girang 2. di dalam bukan di luar lingkungan dsb sesuatu: ~ Wilayah Persekutuan ~ bidang mata pelajaran tersebut 3. sambil: ~ kita berharap keadaan akan bertambah baik kita mesti juga beringat-ingat 4. pd waktu tertentu: kita berharap keadaan akan bertambah baik ~ tahun hadapan dia masih ~ pantang lagi ~ idah masa belum boleh berkahwin lain bagi perempuan yg baru menjadi janda ~ negeri dlm lingkungan sesebuah negeri itu sahaja ~ tangan dlm kekuasaan kemampuan milik seseorang sudah tentu dapat atau akan diperoleh ~ dua tengah tiga prb tidak jujur kilat di ~ kilau prb tujuan maksud yg terkandung dlm percakapan atau tingkah laku.Kamus Dewan Edisi Keempat[da.lam]  Definisi :sl istana kawasan istana raja bahasa ~ bahasa yg digunakan di kalangan raja atau golongan istana spt beradu santap dll budak ~ pesuruh raja kedalaman sl istana rumah-rumah dlm kawasan istana bahasa ~ bahasa kehormatan utk raja-raja.Kamus Dewan Edisi Keempat[da.lam]  Definisi :1 bahagian atau ruang di balik bahagian yg di luar: Rumah itu ~nya sangat bersih. 2 kedudukan sesuatu tempat yg terpisah oleh jarak tertentu dr tepi tengah: Semakin ke ~ dia pergi semakin banyak dia menemukan rotan yg baik-baik. 3 batin: Orang itu kelihatan baik tetapi ~nya siapa yg tahu. ~ talian ist 1 keadaan kelengkapan atau peranti komputer di bawah kawalan sistem utama komputer. 2 perihal bolehnya pengguna berinteraksi secara langsung dgn menggunakan komputer. ~ tangan sudah tentu dpt. dalaman 1 isi perut spt hempedal hati paru-paru. 2 berkaitan dgn sesuatu pihak organisasi itu sendiri: urusan ~. pedalaman daerah yg jauh di darat dr pantai atau dr bandar: Padi huma banyak ditanam di ~.Kamus Pelajar Edisi Kedua[da.lam]  Definisi :1 mengenai tentang berkenaan dgn: Dia memang pakar ~ hal itu. 2 selama masa tertentu pd waktu tertentu: ~ masa dua jam lagi ia akan sampai. 3 di kalangan di antara: ~ mereka yg ramai itu ada yg pandai bermain piano. 4 mengalami ditimpa: Para nelayan ~ keadaan susah.Kamus Pelajar Edisi Kedua[da.lam]  Definisi :1 jauh ke bawah dr permukaan: Perigi itu sangat ~. Lukanya agak ~. 2 ki penuh atau berisi ttg ilmu: Beruntunglah orang yg berguru dgn seseorang yg ~ ilmunya. 3 ki hingga ke lubuk hati ttg cinta penderitaan dll: Kasih ibu terhadap anaknya sangat ~. 4 tidak mudah difahami: Yg diperkatakannya itu mempunyai erti yg ~. mendalam 1 bertambah dalam menjadi dalam: Lukanya kian ~ kerana tidak diubati. 2 teliti sempurna luas dll: Pengetahuannya ttg sastera Melayu sungguh ~. 3 lebih melarat penyakit lebih dalam kuat kukuh bkn perasaan: Perasaan bencinya terhadap bangsa asing sungguh ~. mendalami berusaha supaya mengetahui memahami mengerti dgn teliti atau dalam: Beliau ingin ~ bidang pertanian. Dia mencuba ~ hati kawannya itu. mendalamkan 1 menjadikan dalam: Kuli itu sedang ~ parit di tepi jalan. 2 meluaskan atau mengkaji dgn teliti ttg sesuatu ilmu: Dia pergi ke London utk ~ pengetahuannya dlm bidang perubatan. memperdalam 1 menjadikan lebih dalam: Orang-orang kampung bergotong-royong ~ telaga itu. 2 berusaha supaya mengetahui memahami dgn lebih teliti: Dia ~ ilmu yg dipelajarinya itu. kedalaman keadaan dalam dalamnya: Kepekatan karbon dioksida bertambah mengikut ~ tanah. Drpd pertuturannya kita dpt mengetahui ~ ilmu pengetahuannya. pendalaman perbuatan usaha dsb mendalami atau mendalamkan.Kamus Pelajar Edisi Kedua,-,-
peningkatan,[pe.ning.ka.tan]  Definisi :perbuatan usaha dsb meningkatkan atau mempertingkatkan: ~ daya pengeluaran ~ hasil jualan ~ mutu.Kamus Dewan Edisi Keempat[pe.ning.ka.tan]  Definisi :perbuatan hal dsb meningkat atau meningkatkan.Kamus Pelajar Edisi Kedua,kata nama,High
inisiatif,[i.ni.sia.tif]  Definisi :daya usaha tindakan dll yg mula-mula: di dlm bukunya itu dia ada menitikberatkan betapa pentingnya ~ perseorangan mengambil ~ mulai bertindak berusaha dll berinisiatif mempunyai inisiatif: pegawai yg ~.Kamus Dewan Edisi Keempat[i.ni.sia.tif]  Definisi :1 daya usaha yg mula-mula: mengambil ~ memulakan sesuatu usaha. 2 kebolehan utk melihat apa-apa yg perlu dilakukan dan berusaha pula utk menjayakannya.Kamus Pelajar Edisi Kedua,kata nama,High
meningkatkan,[me.ning.kat.kan]  Definisi :meninggikan kedudukan taraf dll membesarkan pengeluaran dll memperhebat: daya usaha ini akan ~ kemungkinan pertumbuhan ekonomi kerjasama antara parti-parti komponen BN perlu ditingkatkan lagi ~ diriKamus Dewan Edisi Keempat[me.ning.kat.kan]  Definisi :meninggikan kedudukan taraf dll. Mereka berusaha utk ~ taraf hidup.Kamus Pelajar Edisi Kedua,kata nama,High
pelan,Definisi :pélan Jk tanah lapang lapangan.Kamus Dewan Edisi KeempatDefinisi :tanah lapang.Kamus Dewan Edisi KeempatDefinisi :bp perlahan ~-~ perlahan-lahan: ia membuka matanya ~-~.Kamus Dewan Edisi KeempatDefinisi :1. rajah yg menggambarkan bentuk ukuran letak sesuatu bangunan tanah dll ~ bandar ~ rumah 2. rancangan yg sudah diatur utk dilaksanakan ~ induk rancangan menyeluruh yg merangkumi seluruh dasar dan segala rancangan kegiatan yg akan dilaksanakan dlm pembangunan perekonomian dsb: beberapa kajian yg terkandung dlm P~ Perindustrian Malaysia ~ lantai S.Bina lukisan mengikut skala bagi susun atur bilik dsb pd satu lantai sesebuah bangunan ~ tindakan langkahlangkah tindakan yg diambil utk mencapai sesuatu tujuan.Kamus Dewan Edisi KeempatDefinisi :1 rajah yg menggambarkan bentuk serta ukuran sesuatu bangunan kawasan dsb. 2 rancangan yg sudah diatur utk dilaksanakan. ~ induk rancangan menyeluruh yg merangkumi seluruh dasar dan segala rancangan kegiatan yg akan dilaksanakan dlm pembangunan perekonomian dsb: Beberapa kajian terkandung dlm ~ induk projek tsb. ~ lantai lukisan mengikut skala bagi susun atur bilik dsb pd satu lantai sesebuah bangunan. ~ tindakan rancangan yg diatur yg terdiri drpd langkah-langkah utk bertindak secara bijak.Kamus Pelajar Edisi Kedua,kata nama,High
induk,[in.du]  Definisi :Mn 1. ibu terutamanya binatang emak: kambingnya ada sepuluh ekor yg sudah jadi ~ tiga ekor 2. ki yg terutama yg besar yg menjadi pokok asal punca asas: kesalahan yg telah kaulakukan itu adalah ~ kpd segala macam kesalahan ~ ayam a ayam betina yg sudah beranak b ki orang yg penakut ~ bangsa bangsa yg menjadi punca suku-suku bangsa ~ beras nasi Mn isteri ~ cuka ibu kaki ~ hutang hutang yg asal tidak bercampur dgn bunga ~ jari tangan ibu jari ~ kaki ibu kaki ~ kalimat ayat besar yg menjadi pokok cerita dlm ayat yg bersambung-sambung ~ karangan karangan yg terutama dlm akhbar atau majalah ~ madu sarang lebah ~ pisang pokok pisang yg mula-mula ditanam ~ roti ragi utk adunan roti ~ rumah rumah ibu bahagian yg besar atau bahagian tengah rumah ~ semang a orang perempuan yg mengambil orang lain utk menumpang di rumahnya b orang yg memberi pekerjaan atau barang-barang utk dijual kpd orang lain ~ sutera sarang ulat sutera ~ tentera pasukan yg terbesar dlm gerakan perang berindukkan mempunyai atau menganggap sesuatu sbg induk: contohnya bahasa Latin dan bahasa Yunani yg ~ bahasa Indo-Eropah perinduk seperinduk semua yg berasal drpd satu ibu atau induk sekeluarga.Kamus Dewan Edisi Keempat[in.du]  Definisi :1 ibu terutamanya kpd binatang emak: ~ ayam ayam betina yg telah mempunyai anak. 2 ki yg paling besar yg terutama yg paling penting: kapal ~ kapal perang yg besar yg mengangkut kapal terbang.Kamus Pelajar Edisi Kedua,kata nama,High
kerjasama,[ker.ja.sa.ma]  Definisi :1. kerja usaha dsb bersama-sama atau saling membantu antara dua atau beberapa pihak gotong-royong: ~ antara semua pihak yg terlibat amat perlu utk menjayakan projek ini 2. sumbangan pelbagai rupa bersifat bantuan tenaga sokongan persefahaman dll dr satu pihak kpd pihak yg lain utk faedah bersama: jabatan itu dapat bergerak dgn licin hanya jika ada ~ dr pihak orang ramai seseorang ketua memerlukan ~ drpd orang-orang bawahannya supaya segala yg diselenggarakan berhasil syarikat ~ syarikat yg dikendalikan bersama oleh ahliahlinya dgn cara saling membantu menyumbang dsb utk faedah bersama bekerjasama bekerja berbuat sesuatu bersama-sama atau dgn cara saling membantu menyumbang dsb bergotong-royong: mereka tidak dapat membuat satu-satu kerja dgn sempurna kalau tidak dgn ~.Kamus Dewan Edisi Keempat[ker.ja.sa.ma]  Definisi :kerja yg dibuat bersama-sama dan dgn tolong-menolong gotong-royong: Jabatan itu berjalan licin kerana ada ~ drpd masyarakat. bekerjasama bekerja bersama-sama dan tolong-menolong bergotong-royong.Kamus Pelajar Edisi Kedua,kata nama,High
negara,[ne.ga.ra]  Definisi :1 kumpulan masyarakat yg mendiami sesuatu kawasan mempunyai kedaulatan politik dan juga jentera pemerintahan: Kepentingan ~ lebih diutamakan drpd kepentingan perseorangan. 2 sesuatu kawasan yg didiami oleh masyarakat tsb: ~ Malaysia. ~ dunia ketiga negara-negara di Afrika Asia dan Amerika Latin secara berkumpulan yg dianggap masih mundur atau sedang membangun. ~ jiran  ~ tetangga negara yg berdekatan. ~ maju negara kaya yg sebahagian besar ekonominya bergantung pd industri dan penduduknya menikmati taraf hidup yg tinggi. ~ matahari terbit negara Jepun. ~ membangun negara yg sedang giat berusaha meningkatkan taraf hidup ekonomi dsb spt Malaysia. ~ perindustrian negara yg kekuatan dan kemajuan ekonominya berteraskan pelbagai industri. kenegaraan segala yg berkaitan dgn negara. negarawan orang yg mahir benar dgn cara-cara pemerintahan negara orang yg memegang tampuk pemerintahan sesebuah negara ahli negara.Kamus Pelajar Edisi Kedua,kata nama,High
kepada,[ke.pa.da]  Definisi :1. kata utk menyatakan arah ke dipakai sebelum nama orang atau kata pengganti diri pada: mengirim surat ~ orang tuanya 2. terhadap akan: jangan berbuat jahat ~ orang 3. daripada pada: baginda memohon Siantan ~ Betara Majapahit ia penolong ~ Pegawai Daerah.Kamus Dewan Edisi Keempat[ke.pa.da]  Definisi :1 kata sendi nama yg menyatakan sasaran seseorang atau sesuatu: Dia mengirim surat ~ orang tuanya yg tinggal di Ipoh. Adik memberikan makanan itu ~ kucingnya. 2 terhadap akan: Tidak baik berbuat jahat ~ orang.Kamus Pelajar Edisi Kedua,kata tugas,Moderate
penyertaan,[pe.nyer.ta.an]  Definisi :perbuatan menyertai menyerta-kan: ~ negara-negara anggota dlm ran-cangan-rancangan PBBKamus Dewan Edisi Keempat[pe.nyer.ta.an]  Definisi :perbuatan atau hal menyertai: UDA berusaha mempercepat ~ kaum bumiputera dlm bidang perdagangan dan perindustrian.Kamus Pelajar Edisi Kedua,kata tugas,Moderate
melalui,[me.la.lui][me.la.lu.i]  Definisi :1. mengikuti jalan dll melintasi lalu di menempuhi: beberapa orang gadis yg sedang ~ lorong itu terpaksa berhenti sejenak 2. tidak mengikuti ajaran hukuman perintah dll mengingkari: tiada kuasa patik sekalian ~ titah Yang Dipertuan apalah titah tuanku patik sedia menjunjung tiadalah ~ titah perintah sekali-kali 3. dgn perantaraan menerusi: rancangan Dewan Bahasa di udara sering kali disiarkan ~ radio Ahmad telah memajukan tuntutannya ~ peguamnya 4. melampaui melangkaui melangkahi: apa-apa yg kamu tidak faham tanyalah kpd guru jangan dilalui sahaja ketika saya berjalan itu ada ~ beberapa buah kedai orang menjual makanan 5. dgn perjalanan masa: sesetengah kes ini menjadi usang ~ masaKamus Dewan Edisi Keempat[me.la.lui][me.la.lu.i]  Definisi :1 lalu di mengikuti menempuh: Kami berjalan ~ lurah dan bukit. 2 dgn perantaraan menerusi: Berita yg mengerikan itu didengar ~ radio.Kamus Pelajar Edisi Kedua,kata tugas,Moderate
pula,[pu.la]  Definisi :1. sekali lagi berulang lagi datang lagi kembali lagi: kelmarin sudah tidak hadir hari ini tidak hadir ~ nampaknya saya ini dicalonkan ~ 2.  lagi ~ lebih-lebih lagi tambahan lagi: memang ia mempunyai kelayakan lagi ~ ia seorang yg sangat suka berkhidmat istimewa ~ lebih-lebih lagi 3. juga sama halnya dgn yg terdahulu: saya pun demikian ~ saya ~ yg menyokongnya 4. gerangan konon yg bererti tah: apa ~ yg mengganggui fikirannya itu apa ~ ertinya hidup seorang yg telah putus harapannyaKamus Dewan Edisi Keempat[pu.la]  Definisi :1 agaknya gerangan: Siapa ~ yg datang malam-malam begini 2 berulang lagi sekali lagi: Pagi tadi sudah datang sekarang datang ~. 3 juga: Ada ~ orang yg menyokongnya.Kamus Pelajar Edisi Kedua,kata tugas,Moderate
kepada,[ke.pa.da]  Definisi :1. kata utk menyatakan arah ke dipakai sebelum nama orang atau kata pengganti diri pada: mengirim surat ~ orang tuanya 2. terhadap akan: jangan berbuat jahat ~ orang 3. daripada pada: baginda memohon Siantan ~ Betara Majapahit ia penolong ~ Pegawai Daerah.Kamus Dewan Edisi Keempat[ke.pa.da]  Definisi :1 kata sendi nama yg menyatakan sasaran seseorang atau sesuatu: Dia mengirim surat ~ orang tuanya yg tinggal di Ipoh. Adik memberikan makanan itu ~ kucingnya. 2 terhadap akan: Tidak baik berbuat jahat ~ orang.Kamus Pelajar Edisi Kedua,kata tugas,Moderate
melalui,[me.la.lui][me.la.lu.i]  Definisi :1. mengikuti jalan dll melintasi lalu di menempuhi: beberapa orang gadis yg sedang ~ lorong itu terpaksa berhenti sejenak 2. tidak mengikuti ajaran hukuman perintah dll mengingkari: tiada kuasa patik sekalian ~ titah Yang Dipertuan apalah titah tuanku patik sedia menjunjung tiadalah ~ titah perintah sekali-kali 3. dgn perantaraan menerusi: rancangan Dewan Bahasa di udara sering kali disiarkan ~ radio Ahmad telah memajukan tuntutannya ~ peguamnya 4. melampaui melangkaui melangkahi: apa-apa yg kamu tidak faham tanyalah kpd guru jangan dilalui sahaja ketika saya berjalan itu ada ~ beberapa buah kedai orang menjual makanan 5. dgn perjalanan masa: sesetengah kes ini menjadi usang ~ masaKamus Dewan Edisi Keempat[me.la.lui][me.la.lu.i]  Definisi :1 lalu di mengikuti menempuh: Kami berjalan ~ lurah dan bukit. 2 dgn perantaraan menerusi: Berita yg mengerikan itu didengar ~ radio.Kamus Pelajar Edisi Kedua,kata kerja,Moderate
keluaran,[ke.lua.ran]  Definisi :1. yg dikeluarkan dihasilkan: beliau menyeru rakyat supaya lebih banyak membeli barang-barang ~ dlm negeri 2. yg diterbitkan bkn buku majalah dsb: majalah ~ bulan lepas 3. yg telah lulus dr maktab dsb yg terdidik atau terlatih di lepasan: guru-guru ~ maktab latihan dan universiti orang ~ a orang yg tidak ada sangkut paut orang yg tidak termasuk dlm atau berkaitan dgn sesuatu perkara kumpulan dll orang luar b sl orang yg di luar golongan lingkungan istana: akan anakanda ini terlalulah sekali baik parasnya pd hati beta tiada patut ia bersuami orang ~ ~ negara Eko jumlah nilai barang dan perkhidmatan yg dikeluarkan oleh unit ekonomi dlm sesebuah negara dlm satu tempoh tertentu biasanya setahun ~ negara bersih Eko nilai semua barang dan perkhidmatan akhir pd kos faktor dlm satu tempoh tertentu setelah ditolak susut nilai ~ negara kasar Eko nilai semua barang dan perkhidmatan akhir pd harga pasaran dlm satu tempoh tertentu sebelum ditolak susut nilaiKamus Dewan Edisi Keempat[ke.lua.ran]  Definisi :sesuatu yg dikeluarkan dihasilkan diterbitkan dll: majalah ~ bulan Mei.Kamus Pelajar Edisi Kedua,kata kerja,Moderate
kasar,[ka.sar]  Definisi :1. tidak kecil atau tidak halus agak besar: benang ~ bulu ~ pasir ~ garam ~ 2. tidak licin kasap kesat: kertas pasir ini kurang ~ muka Satejo sangat ~ nampaknya 3. tidak kemas halus buatannya dsb: perabot yg tahan lama tetapi ~ buatannya jahitannya ~ 4. tidak tertib sopan santun beradab tidak lemah lembut: segala percakapan dan kelakuannya terlalu ~ menjawab dgn suara yg ~ menjawab dgn suara yg menengking bermain ~ berlaku kasar tidak menurut ketertiban dan peraturan 5. tidak terperinci belum mengambil kira atau memperhitungkan butir-butir tertentu secara umum atau pd garis besarnya sahaja: perbelanjaan itu dikira secara ~ saja jualan ~ untung ~ 6. yg berwujud jasmani: badan tubuh ~ badan tubuh yg jasmani bukan batin 7. keras dan rendah suara dll besar: suara ~ 8. berat bkn kerja dll buruh ~ buruh yg membuat kerja berat kerja ~ kerja berat kerja yg dilakukan dgn kekuatan tubuh badan seseorang ~ tangan a kasar barang kerjanya b suka memukul berkasar berbuat bercakap dll dgn kasar: tidak pernah Tasimah ~ dgn suaminya mengasari berbuat sesuatu dgn kasar pd mengerasi: dia cuba membantah akibatnya dia telah dikasari oleh penjual itu mengasarkan menjadikan kasar memperkasar menjadikan lebih kasar kekasaran perihal kasar: rasai olehmu Kahar balasan ~ tingkahmu.Kamus Dewan Edisi Keempat[ka.sar]  Definisi :1 tidak halus agak tebal ttg benda yg berbiji-biji spt pasir atau yg berurai-urai spt benang: benang ~ pasir ~. 2 tidak licin kesat apabila diraba: Kertas pasir ini kurang ~. 3 tidak kemas buatannya bkn perkakas spt kerusi dan meja tidak halus: Kerusi itu ~ buatannya. 4 tidak lembut tidak sopan biadab bkn kelakuan dll: Tingkah lakunya ~ benar. 5 keras dan rendah bunyinya suara dll: Suaranya ~. 6 tidak terperinci secara umum saja: ujian ~ garis ~. berkasar berlaku bercakap dll dgn kasar: Dia tidak pernah ~ terhadap ibu bapanya. mengasari berlaku kasar terhadap. mengasarkan menjadikan kasar. memperkasar menjadikan lebih kasar. kekasaran keadaan kasar sifat kasar: Dia meminta maaf kerana ~nya itu.Kamus Pelajar Edisi Kedua,adjektif,Moderate
sebanyak,[se.ba.nya]  Definisi :sama banyak: tidak ada wangku ~ itu sedikit ~ sekurang-kurangnyaKamus Dewan Edisi Keempat[se.ba.nya]  Definisi :sama banyak dgn: Wang saya tidak ~ itu.Kamus Pelajar Edisi Kedua,-,-
rm,Definisi :kep Ringgit Malaysia.Kamus Dewan Edisi Keempat,-,-
bilion,[bi.lion]  Definisi :1. di Britain satu juta juta ditulis sbg 1 000 000 000 000 atau 1012 2. di AS satu ribu juta ditulis sbg 1 000 000 000 atau 109 berbilion berbilion-bilion beberapa bilion beberapa banyak bilion.Kamus Dewan Edisi Keempat[bi.lion]  Definisi :bilangan sebanyak sejuta juta atau 1012 tetapi di Amerika Syarikat seribu juta atau 109.Kamus Pelajar Edisi Kedua,-,-
menjelang,[men.je.lang]  Definisi :1. datang berkunjung menengok menghadap raja orang besar: dia sentiasa sibuk sehingga tidak ada masa utk ~ tetangganya itulah sebabnya yg membuat Nakhoda Muda pergi ~ Pangeran Kusumaningrat itu 2. hampir sudah dekat bkn waktu malam siang dll: ~ tengah malam barulah kami sampai di kampung penghulu itu 3. menghadapi menyambut menyongsong: ~ hari raya 4. kepada menghadap pd alamat surat 5. melihat menatapi: ~ bulan melihat anak bulan pd akhir puasa.Kamus Dewan Edisi Keempat[men.je.lang]  Definisi :1 pergi atau datang melihat menghadap raja dll mengunjungi menziarahi: Sejak pulang dr luar negara dia belum ~ neneknya lagi. 2 sudah dekat waktunya sudah hampir masanya: ~ subuh barulah ia pulang. 3 dlm masa atau dlm proses wujudnya sesuatu sementara menanti: ~ terasasnya sistem Residen dlm tahun 1874 perusahaan timah telah merosot dgn hebatnya.Kamus Pelajar Edisi Kedua,-,-
dengan,[de.ngan]  Definisi :1. berserta bersama disertai oleh ditemani oleh: saya pergi menonton wayang ~ adik saya seorang tua ~ anaknya sekali telah mati terbunuh 2. kata yg digunakan utk menunjukkan cara sesuatu itu dilakukan dicapai dll atau alat dsb yg digunakan: Ahmad membelah durian ~ parang kerja ini dapat diselesaikan ~ kerjasama yg erat drpd semua pihak menambah ilmu pengetahuan ~ membaca 3. melawan menentang: bergaduh ~ adiknya berperang ~ musuh 4. kata yg menunjukkan atau menyatakan keadaan gaya dsb: Ahmad menerima hadiah itu ~ terketar-ketar menjerit ~ sekuat hati menghadapi masalah ~ tenang 5. oleh kerana atas ~ nama Allah atas nama Allah ~ yg demikian oleh yg demikian 6. kata utk menyatakan hubungan kesesuaian kecocokan keselarasan dsb: tindakan yg diambil sesuai ~ keadaan sependapat ~ saya 7. kata yg menjelaskan sesuatu perolehan pencapaian dsb: ramai pelajar yg lulus ~ mendapat gred dua 8. kata yg menunjukkan tumpuan sesuatu perbuatan sikap pernyataan dll: Sukor akan berbincang ~ dia sebelum membuat keputusan barangkali demikian juga halnya ~ cerpen-cerpen di dlm Rintisan 9. bp pada: ~ dia semua boleh.Kamus Dewan Edisi Keempat[de.ngan]  Definisi :1. sl sahabat kawan teman 2. Mn sl hamba sahaya: Datuk Bendahara itu banyak sungguh ~nya 3. sl saya aku.Kamus Dewan Edisi Keempat[de.ngan]  Definisi :1 bersama berserta: Bapanya mengambil parang ~ cangkul lalu pergi ke kebun. 2 memakai atau menggunakan sesuatu alat: Dia membelah kayu ~ kapak. 3 kata yg menunjukkan atau menyatakan keadaan dll: Ali menerima berita itu ~ sedih dan pilu. Dia lulus ~ mendapat markah tertinggi. 4 oleh kerana atas: ~ yg demikian barulah ia mahu pergi ke sekolah. 5 sama serupa: Dia sependapat ~ saya. 6 melawan menentang: Askar-askar itu berperang ~ musuh. Ali bergaduh ~ Ahmad.Kamus Pelajar Edisi Kedua,-,-
baharu,Definisi :barumembaharui 1. membaiki melakukan sesuatu mengubah dll supaya sesuatu itu menjadi baharu: jalan itu sudah dibaharui 2. mengulangi lagi: dia tidak ~ pertanyaannya 3. memulakan sesuatu semula: rakyat membuka kampung utk ~ hidup masing-masing 4. menggantikan atau menukarkan sesuatu dgn yg baru atau yg mempunyai tempoh kuat kuasa dsb yg baru: pokok ini tidak payah ~ daunnya ~ lesen memandumemperbaharu menjadikan sesuatu lebih baharukebaharuan sifat-sifat baru anasir-anasir baru: satu contoh ~nya ialah bahawa ia ada memuatkan petikan-petikan drpd karangan-karangan bahasa Melayu-Indonesia pembaharuan perihal perbuatan dll membaharui: mereka ini hendak membawa satu ~ dlm agama Islam mereka hanya cenderung kpd isi sehingga yg dimaksudkan oleh mereka sbg ~ ialah ~ isi belakapembaharu orang yg membawa pembaharuan: A. Latiff Mohidin merupakan ~ dlm perpuisian Melayu.Kamus Dewan Edisi KeempatDefinisi :baru.Kamus Pelajar Edisi Kedua,-,-
pelbagai,[pel.ba.gai]  Definisi :bagai.Kamus Dewan Edisi Keempat[pel.ba.gai]  Definisi :berbagai-bagai beberapa jenis: tarian Timur lebih ditekankan kpd perasaan sedangkan tarian Barat berpusat pd mutu dinamik ~ tarian ituKamus Dewan Edisi Keempat[pel.ba.gai]  Definisi :berbagai-bagai.Kamus Pelajar Edisi Kedua[pel.ba.gai]  Definisi :banyak jenisnya atau banyak macamnya berbagai-bagai berjenis-jenis bermacam-macam: Taman itu penuh dgn ~ jenis bunga. mempelbagaikan menjadikan banyak jenisnya atau macamnya menjadikan berbagai-bagai. kepelbagaian perihal keadaan pelbagai atau berbagai-bagai.Kamus Pelajar Edisi Kedua,-,-
projek,[pro.jék]  Definisi :projék 1. rancangan kerja atau aktiviti pembangunan yg hendak dijalankan atau sedang dijalankan: ~ perumahan ~ pengairan 2. kajian terperinci tentang sesuatu bidang atau subjek.Kamus Dewan Edisi Keempat[pro.jék]  Definisi :projék rancangan atau usaha utk membangunkan mengerjakan sesuatu: ~ pembinaan jalan raya timur-barat.Kamus Pelajar Edisi Kedua,-,-
awam-swasta,-,-,-
menurut,[me.nu.rut]  Definisi :1. berjalan dll mengikut jalan garis hala dll yg tertentu tidak menyimpang dr jalan dll yg tertentu: ~ jalan yg benar 2. mencontohi perbuatan orang lain dll meneladan meniru: telah dilihat oleh Cina diturutnya sebab itulah maka Cina gemar makan kangkung sampai sekarang 3. mengikut apa yg disuruh diperintah dll tidak melawan patuh kpd: maka segala orang itu pun semuanya ~ spt kata penghulunya 4. meluluskan permintaan kehendak dll memenuhi syarat ketentuan dll menyam-paikan harapan dll: Balzac tidak akan dapat melahirkan karya-karyanya yg agung itu jika ia ~ kehendak orang tuanya utk bertugas sbg seorang ahli undang-undang 5. mengikut berjalan dll mengekori dr belakang: dia berjalan menuju ruangan yg di sebelah barat bangunan aku ~nya dr belakang 6. spt yg dikhabarkan diberitakan dihebahkan dll sepanjang berita dll: ~ yg diketahui sebanyak satu suku juta ringgit harga saham telah terjual 7. sesuai dgn tidak bertentangan dgn tidak melanggar syarat dll selaras dgn: hari ini ~ pendapat orang alim ialah hari yg baik 8. tidak bersalahan drpd serupa dgn: rupanya ~ rupa neneknya 9. ikut serta melakukan sesuatu dll turut serta: Sultan Mansor Shah pun ~ menyebut nama Hang Tuah itu Laksamana 10. bergantung pd: maju mundurnya dlm pelajarannya ~ kerajinannyaKamus Dewan Edisi Keempat[me.nu.rut]  Definisi :1 mencontoh perbuatan orang lain meniru. 2 patuh atau taat mengikut apa-apa yg diperintahkan: Ia ~ saja apabila disuruh oleh ketuanya. 3 mengikut dr belakang: Dia sentiasa ~ ke mana saja bapanya pergi. 4 spt yg diberitakan atau spt yg dikhabarkan: ~ akhbar tsb lebih drpd dua puluh orang telah tercedera dlm kemalangan itu. 5 tidak menyimpang dr jalan tertentu: Kereta api itu berjalan ~ rel. 6 tidak membantah ttg permintaan kehendak dll: Ia ~ segala kehendaki isterinya.Kamus Pelajar Edisi Kedua,-,-
sorotan,[so.ro.tan]  Definisi :1. pancaran cahaya sinaran: ~ lampu kereta menyilaukan mata mereka 2. ki huraian sesuatu perkara pembicaraan: ia cuba membuat analisa atau ~ cerpen ituKamus Dewan Edisi Keempat[so.ro.tan]  Definisi :1 pancaran atau sinaran cahaya dsb: ~ beberapa buah lampu menjadikan kawasan rumahnya terang benderang. 2 ki huraian atau pembicaraan ttg sesuatu perkara.Kamus Pelajar Edisi Kedua,-,-
itu,-,-,-
ini,[i.ni]  Definisi :kata yg digunakan utk menunjuk waktu tempat atau benda yg dekat: Binatang apa ~. sekarang ~ pd masa sekarang petang ~ petang nanti ~ pula istimewa pula lebih-lebih lagi.Kamus Pelajar Edisi Kedua,-,-
ekonomi,[é.ko.no.mi]  Definisi :ékonomi 1. ilmu bkn pengeluaran pengagihan penggunaan barang-barang dan perkhidmatan: beberapa orang penuntut ~ sedang membantu Kementerian Buruh menyelidiki keadaan pengangguran sekarang ini ahli ~ orang yg pakar dlm bidang ekonomi 2. sistem pengeKamus Dewan Edisi Keempat[é.ko.no.mi]  Definisi :ékonomi 1 ilmu ttg asas-asas pengeluaran pembahagian penggunaan barang-barang dan perkhidmatan serta masalah-masalah kewangan kemasyarakatan dll yg bersangkutan dgnnya. 2 keadaan kekayaan atau kebendaan sesebuah negara dll: Kedudukan ~ negara semakin kukuh. 3 urusan ttg perkara-perkara rumah tangga spt perbelanjaan penggunaan barang-barang. 4 tidak boros hemat. ~ campuran sistem ekonomi yg sebahagian sumbernya dikawal oleh sektor awam dan sebahagian lagi dikawal oleh sektor swasta. ~ terbuka ekonomi yg melibatkan perdagangan sesebuah negara dgn negara yg lain. ~ tertutup ekonomi yg tidak melibatkan perdagangan antarabangsa iaitu tidak wujud aktiviti import dan eksport barangan atau bahan pengeluaran. berekonomi 1 menjalankan sesuatu usaha menurut ilmu ekonomi. 2 bercermat atau berhati-hati dlm menggunakan wang berhemat. mengekonomikan membelanjakan wang dgn hati-hati menghematkan: Utk tujuan ini beliau telah ~ segala perbelanjaan seberapa yg dpt. perekonomian hal-hal atau kegiatan-kegiatan ekonomi.Kamus Pelajar Edisi Kedua,-,-
penglibatan,[peng.li.ba.tan]  Definisi :perihal melibatkan diri persatuan dsb dlm sesuatu hal perkara dsb.Kamus Dewan Edisi Keempat[peng.li.ba.tan]  Definisi :perbuatan atau hal melibatkan diri dsb.Kamus Pelajar Edisi Kedua,-,-
swasta,[swas.ta]  Definisi :yg mengendalikan kegiatan perusahaan dsb sendiri bukan milik kerajaan: penerbit ~ sekolah ~ syarikat ~ menswastakan memindahkan perkhidmatan dan perusahaan yg diurus oleh kerajaan kpd pengendalian pihak swasta dgn kerajaan memungut cukai drpd keuntungan yg diperoleh menjadikan swasta bukan lagi milik kerajaan: ada rancangan utk ~ beberapa jenis perkhidmatan yg kini dikendalikan oleh kerajaan penswastaan perihal tindakan menswastakan perkhidmatan dan perusahaan kerajaan.Kamus Dewan Edisi Keempat[swas.ta]  Definisi :dimiliki sendiri bukan milik kerajaan atau pemerintah: badan ~ badan perniagaan dll yg dimiliki oleh seseorang atau oleh beberapa orang tertentu saja. menswastakan memindahkan hak milik sesuatu perkhidmatan perusahaan dsb kerajaan kpd pihak swasta menjadikan sesuatu sbg swasta. penswastaan hal menswastakan sesuatu perkhidmatan perusahaan dsb kerajaan hal menjadikan sesuatu sbg swasta.Kamus Pelajar Edisi Kedua,-,-
dan,-,-,-
jangkaan,[jang.ka.an]  Definisi :apa-apa yg dijangka dugaan sangkaan: pertemuan ini pun di luar ~ sama sekali.Kamus Dewan Edisi Keempat[jang.ka.an]  Definisi :apa-apa yg dijangka dugaan sangkaan: Kemenangan ini di luar ~ kami.Kamus Pelajar Edisi Kedua,kata nama,High
pekerjaan,[pe.ker.ja.an]  Definisi :sesuatu yg diusahakan dilakukan berterusan kerana mencari nafkah: ~nya yg baru ini menjadikan hidupnya agak senangKamus Dewan Edisi Keempat[pe.ker.ja.an]  Definisi :1. sesuatu yg dikerjakan dilakukan dibuat perbuatan: ~mu membakar negeri Langkapuri itu juga bukan ~ laki-laki 2. sesuatu yg dilakukan harus dilakukan sbg tanggungjawab kewajiban tugas: sempurnalah ~ yg dititahkan paduka ayahanda itu ~nya membersihkan pekarangan rumah belum selesai ~ Allah kewajiban kpd Allah 3. sesuatu usaha kegiatan dsb yg dilakukan berterusan dr sehari ke sehari utk keperluan hidup usaha atau kegiatan utk mendapatkan wang pencarian: pd masa itu bapaku memegang ~ tuan syahbandar Holanda mereka semua mahukan ~ yg memberikan pendapatan yg besar ~ kolar putih kerja spt yg dilakukan oleh golongan pengurusan profesional perkeranian dsb iaitu bukan kerja kasar yg memerlukan kekuatan tenaga ~ tangan kerja membuat barang-barang dgn tangan spt menganyam dll 4. ark pergerakan atau perjalanan sesuatu: beliau menerangkan ~ jentera itu kpd pelawat-pelawat 5. majlis istiadat perkahwinan dll: banyak dia berbelanja kerana ~ kahwin anaknya ~ baik lekas-lekaskan jangan ditimpa ~ buruk ~ buruk lambat-lambatkan untung-untung datang ~ baik prb Mn pekerjaan baik spt pekerjaan kahwin hendaklah disegerakan melakukannya supaya tidak ada apa-apa halangan sebaliknya pekerjaan yg tidak baik hendaklah ditangguhkan supaya dapat difikirkan dgn lebih telitiKamus Dewan Edisi Keempat[pe.ker.ja.an]  Definisi :1 sesuatu yg dilakukan utk mencari nafkah hidup pencarian: ~ mereka ialah bercucuk tanam dan menangkap ikan. 2 sesuatu yg dikerjakan atau yg dibuat: Demikianlah ~nya setiap hari.Kamus Pelajar Edisi Kedua[pe.ker.ja.an]  Definisi :sesuatu yg dilakukan oleh seseorang utk mencari nafkah pencarian: Ada yg ~nya berladang dan ada pula yg berniaga. 2 sesuatu yg mesti dilaksanakan tugas: Tiap-tiap orang hendaklah menjalankan ~ masing-masing. 3 kegiatan atau usaha melakukan sesuatu: ~nya tiap-tiap hari tiada lain drpd membaca surat khabar. ~ kayu pertukangan kayu spt membuat kerusi dll.Kamus Pelajar Edisi Kedua,kata nama,High
kerjasama,[ker.ja.sa.ma]  Definisi :1. kerja usaha dsb bersama-sama atau saling membantu antara dua atau beberapa pihak gotong-royong: ~ antara semua pihak yg terlibat amat perlu utk menjayakan projek ini 2. sumbangan pelbagai rupa bersifat bantuan tenaga sokongan persefahaman dll dr satu pihak kpd pihak yg lain utk faedah bersama: jabatan itu dapat bergerak dgn licin hanya jika ada ~ dr pihak orang ramai seseorang ketua memerlukan ~ drpd orang-orang bawahannya supaya segala yg diselenggarakan berhasil syarikat ~ syarikat yg dikendalikan bersama oleh ahliahlinya dgn cara saling membantu menyumbang dsb utk faedah bersama bekerjasama bekerja berbuat sesuatu bersama-sama atau dgn cara saling membantu menyumbang dsb bergotong-royong: mereka tidak dapat membuat satu-satu kerja dgn sempurna kalau tidak dgn ~.Kamus Dewan Edisi Keempat[ker.ja.sa.ma]  Definisi :kerja yg dibuat bersama-sama dan dgn tolong-menolong gotong-royong: Jabatan itu berjalan licin kerana ada ~ drpd masyarakat. bekerjasama bekerja bersama-sama dan tolong-menolong bergotong-royong.Kamus Pelajar Edisi Kedua,kata nama,High
langkah,[lang.kah]  Definisi :1. gerak kaki ketika berjalan ke hadapan atau ke belakang: pasangan suami isteri itu pun berjalan pulang dgn ~ yg berat 2. jarak di antara dua belah kaki ketika berjalan: ada kira-kira lima ~ ia meninggalkan tangga rumah ia berhenti 3. cara mengerjakan sesuatu sesuatu yg dikerjakan perbuatan: sejak tadi lagi kuketahui dan kuawasi ~nya 4. awal perbuatan perjalanan pekerjaan dll ~ baik buruk permulaan yg baik buruk ~ bendul a berkahwin dahulu drpd kakak b memperisteri adik sedangkan kakaknya belum berkahwin ~ gelombang dua belas nama gerak dlm pencak silat ~ kanan mujur ~ kiri sial tidak beruntung ~ surut undur langkah ke belakang mengangkat membuka mengambil ~ seribu cabut lari kerana takut dll melangkah berlangkah 1. menggerakkan langkah mengayunkan langkah berjalan: ia ~ dua langkah ke hadapan 2. memulai perjalanan pelayaran dll: serta mustaid ia pun ~lah dgn tauhid hatinya meninggalkan kampung halaman 3.  melangkahi 4. tidak mengikut susunan melangkau: dilangkahnya beberapa perenggan lalu membaca perenggan yg lain 5. ark melalui menempuh: ~ lautan melangkahi 1. melampaui melangkaui: ia terus ~ tangga 2. melanggar tidak mengikut tatatertib peraturan dll menyalahi: perbuatan spt itu dianggap telah ~ adat Melayu adat bermain pantai itu sudah menjadi adat pusaka yg tak boleh dilangkahi lagi ~ bendul langkah bendul ~ laki bermukah bkn perempuan yg sudah bersuami melangkahkan 1. menggerakkan langkah menggerakkan kaki kerana berjalan: dia ~ kakinya mundar-mandir mengelilingi Kota Melaka 2. memulakan perjalanan atau pelayaran perahu dll langkahan hasil perbuatan melangkah: harimau itu berhenti drpd meneruskan ~ kakinya kelangkahan 1. suami yg isterinya berlaku curang 2. didahului adiknya berkahwin kelampauan 3. Jk dilangkahi atau dilalui pelangkahan 1. perihal melangkah melangkahi melangkahkan 2.  pelangkah permulaan sesuatu pekerjaan pelayaran tindakan dll: menurut ilmu ~ ini alamat buruk pd kali ini barulah pelangkahnya betul kerana waktu ia sampai bapanya sudah balik.Kamus Dewan Edisi Keempat[lang.kah]  Definisi :1 gerakan kaki ketika berjalan: Mereka berjalan dgn ~ yg perlahan. 2 jarak antara dua belah kaki ketika berjalan: Dia berundur tiga ~. 3 apa-apa yg dikerjakan tindakan perbuatan: Pihak polis sentiasa mengawasi setiap ~ yg dilakukannya. ~ baik buruk permulaan yg baik buruk. ~ bendul ki hal adik berkahwin dahulu sebelum kakak bkn adik-beradik perempuan. ~ kanan mujur. ~ kiri sial atau tidak beruntung. ~ seribu perbuatan melarikan diri secepat-cepatnya kerana takut dll. melangkah 1 menggerakkan langkah: Dia berhati-hati ~ supaya tidak terpijak tanah yg becak. 2 memulakan perjalanan pelayaran dll: Baru saja ia ~ dr rumah hari pun hujan. melangkahi 1 melakukan sesuatu melebihi yg sepatutnya melampaui: ~ batas. 2 tidak mematuhi peraturan nasihat dsb melanggar perintah dsb: ~ kakak lebih dahulu berkahwin ttg adik ~ suami berlaku curang terhadap suami. melangkahkan 1 menggerakan kaki ke depan utk berjalan. 2 memulakan sesuatu perjalanan pelayaran dsb dgn upacara.Kamus Pelajar Edisi Kedua,kata nama,High
memacu,[me.ma.cu]  Definisi :1. menggesa kuda dgn menusukkan pacu supaya berlari deras: maka Arung Lenga pun ~ kudanya 2. ki melarikan deras-deras kereta dll: dipacunya motosikalnya dgn laju 3.  memacukan memperlumbakan 4. menggerakkan sesuatu kegiatan ekonomi pembangunan dsb dgn lebih cepat atau pesat memesatkan: beberapa strategi utk ~ pertumbuhan ekonomi negara mereka berjaya menggunakan pengetahuan dan pengalaman utk ~ perniagaan masing-masingKamus Dewan Edisi Keempat[me.ma.cu]  Definisi :1 menggesa kuda dgn pacu supaya kencang larinya: Ketika itu juga Nikman ~ kudanya pergi memeriksa pasukan askarnya. 2 mengencangkan perjalanan kereta motosikal dll: Dia ~ keretanya di medan perlumbaan. 3 menggerakkan sesuatu kegiatan ekonomi pembangunan dsb dgn lebih cepat atau pesat memesatkan: Beberapa strategi telah dilaksanakan utk ~ pertumbuhan ekonomi.Kamus Pelajar Edisi Kedua,kata nama,High
sektor,[sék.tor]  Definisi :séktor 1. bahagian bulatan yg letaknya di antara dua garisan lurus dr pusat bulatan itu tembereng tajam 2. bahagian daerah pertempuran ketenteraan 3. bidang sesuatu usaha kegiatan industri pertanian dll: ~ pertanian merupakan tulang belakang eko-nomi Malaysia ~ awam bidang yg berkaitan dgn kerajaan dan orang ramai ~ swasta bidang yg berkaitan dgn pihak swasta spt syarikat-syarikat perniagaan dsb.Kamus Dewan Edisi Keempat[sék.tor]  Definisi :séktor 1 bidang sesuatu usaha spt pertanian perkilangan: Menjelang tahun 1990 kerajaan mengharapkan kaum Bumiputera memiliki modal sebanyak 30 dlm ~ perniagaan. 2 bahagian dlm bulatan yg terletak di antara dua garis lurus dr pusat bulatan itu tembereng tajam. 3 bahagian daerah pertempuran.Kamus Pelajar Edisi Kedua,kata nama,High
melalui,[me.la.lui][me.la.lu.i]  Definisi :1. mengikuti jalan dll melintasi lalu di menempuhi: beberapa orang gadis yg sedang ~ lorong itu terpaksa berhenti sejenak 2. tidak mengikuti ajaran hukuman perintah dll mengingkari: tiada kuasa patik sekalian ~ titah Yang Dipertuan apalah titah tuanku patik sedia menjunjung tiadalah ~ titah perintah sekali-kali 3. dgn perantaraan menerusi: rancangan Dewan Bahasa di udara sering kali disiarkan ~ radio Ahmad telah memajukan tuntutannya ~ peguamnya 4. melampaui melangkaui melangkahi: apa-apa yg kamu tidak faham tanyalah kpd guru jangan dilalui sahaja ketika saya berjalan itu ada ~ beberapa buah kedai orang menjual makanan 5. dgn perjalanan masa: sesetengah kes ini menjadi usang ~ masaKamus Dewan Edisi Keempat[me.la.lui][me.la.lu.i]  Definisi :1 lalu di mengikuti menempuh: Kami berjalan ~ lurah dan bukit. 2 dgn perantaraan menerusi: Berita yg mengerikan itu didengar ~ radio.Kamus Pelajar Edisi Kedua,kata tugas,Moderate
melalui,[me.la.lui][me.la.lu.i]  Definisi :1. mengikuti jalan dll melintasi lalu di menempuhi: beberapa orang gadis yg sedang ~ lorong itu terpaksa berhenti sejenak 2. tidak mengikuti ajaran hukuman perintah dll mengingkari: tiada kuasa patik sekalian ~ titah Yang Dipertuan apalah titah tuanku patik sedia menjunjung tiadalah ~ titah perintah sekali-kali 3. dgn perantaraan menerusi: rancangan Dewan Bahasa di udara sering kali disiarkan ~ radio Ahmad telah memajukan tuntutannya ~ peguamnya 4. melampaui melangkaui melangkahi: apa-apa yg kamu tidak faham tanyalah kpd guru jangan dilalui sahaja ketika saya berjalan itu ada ~ beberapa buah kedai orang menjual makanan 5. dgn perjalanan masa: sesetengah kes ini menjadi usang ~ masaKamus Dewan Edisi Keempat[me.la.lui][me.la.lu.i]  Definisi :1 lalu di mengikuti menempuh: Kami berjalan ~ lurah dan bukit. 2 dgn perantaraan menerusi: Berita yg mengerikan itu didengar ~ radio.Kamus Pelajar Edisi Kedua,kata tugas,Moderate
melalui,[me.la.lui][me.la.lu.i]  Definisi :1. mengikuti jalan dll melintasi lalu di menempuhi: beberapa orang gadis yg sedang ~ lorong itu terpaksa berhenti sejenak 2. tidak mengikuti ajaran hukuman perintah dll mengingkari: tiada kuasa patik sekalian ~ titah Yang Dipertuan apalah titah tuanku patik sedia menjunjung tiadalah ~ titah perintah sekali-kali 3. dgn perantaraan menerusi: rancangan Dewan Bahasa di udara sering kali disiarkan ~ radio Ahmad telah memajukan tuntutannya ~ peguamnya 4. melampaui melangkaui melangkahi: apa-apa yg kamu tidak faham tanyalah kpd guru jangan dilalui sahaja ketika saya berjalan itu ada ~ beberapa buah kedai orang menjual makanan 5. dgn perjalanan masa: sesetengah kes ini menjadi usang ~ masaKamus Dewan Edisi Keempat[me.la.lui][me.la.lu.i]  Definisi :1 lalu di mengikuti menempuh: Kami berjalan ~ lurah dan bukit. 2 dgn perantaraan menerusi: Berita yg mengerikan itu didengar ~ radio.Kamus Pelajar Edisi Kedua,kata kerja,Moderate
pertumbuhan,[per.tum.bu.han]  Definisi :perihal tumbuh perkem-bangan: pokok yg tidak cukup baja dan air akan terbantut ~nyaKamus Dewan Edisi Keempat[per.tum.bu.han]  Definisi :perihal atau proses tumbuh ttg manusia tumbuh-tumbuhan dan binatang tumbesaran: Makanan bayi mempengaruhi ~ mental dan fizikalnya. ~ pokok itu terbantut kerana iklim di situ tidak sesuai dgnnya.Kamus Pelajar Edisi Kedua,kata kerja,Moderate
melalui,[me.la.lui][me.la.lu.i]  Definisi :1. mengikuti jalan dll melintasi lalu di menempuhi: beberapa orang gadis yg sedang ~ lorong itu terpaksa berhenti sejenak 2. tidak mengikuti ajaran hukuman perintah dll mengingkari: tiada kuasa patik sekalian ~ titah Yang Dipertuan apalah titah tuanku patik sedia menjunjung tiadalah ~ titah perintah sekali-kali 3. dgn perantaraan menerusi: rancangan Dewan Bahasa di udara sering kali disiarkan ~ radio Ahmad telah memajukan tuntutannya ~ peguamnya 4. melampaui melangkaui melangkahi: apa-apa yg kamu tidak faham tanyalah kpd guru jangan dilalui sahaja ketika saya berjalan itu ada ~ beberapa buah kedai orang menjual makanan 5. dgn perjalanan masa: sesetengah kes ini menjadi usang ~ masaKamus Dewan Edisi Keempat[me.la.lui][me.la.lu.i]  Definisi :1 lalu di mengikuti menempuh: Kami berjalan ~ lurah dan bukit. 2 dgn perantaraan menerusi: Berita yg mengerikan itu didengar ~ radio.Kamus Pelajar Edisi Kedua,kata kerja,Moderate
memperkukuh,[mem.per.ku.kuh]  Definisi :menjadikan lebih kukuhKamus Dewan Edisi Keempat[mem.per.ku.kuh]  Definisi :menjadikan lebih kukuh: ~ tali persaudaraan antara mereka.Kamus Pelajar Edisi Kedua,adjektif,Moderate
sementara,[se.men.ta.ra]  Definisi :1. utk beberapa ketika sahaja tidak lama tidak kekal: utk ~ bantuan ~ 2.  sementaraan sl selama selagi: telah sampai di Pahang duduklah ia memerintah negeri Pahang ~ belum beraja marilah cucuku yg kedua ini kududukkan sai-sainya semen-taraan aku lagi hayat 3. sedang berlakunya sesuatu dll: pengetahuan orang pd masa itu semuanya berdasarkan kepercayaan ~ keper-cayaan mereka memang tidak mengenali apa-apa batas pun 4.  ~ itu pd ketika itu dlm pd itu: ~ itu kapal belayar juga makin lama makin laju 5. di samping: ~ bertindak sbg Timbalan Perdana Menteri beliau juga dapat menambah pengalamannya ingat ~ belum kena jimat ~ belum habis prb hendak-lah sentiasa berwaspada dan hati-hati supaya jangan terlewat dll kesementaraan perihal sifat sementara keadaan sifat tidak kekal: kesedaran ter-hadap kenyataan bahawa ~ hidupnya akibat peperangan tidak mungkin dia menyimpan harta. sementelah  sementelahan sl lebih-lebih lagi tambahan pula apalagi: sudah tidak sabar lagi dia mencari ~nya hari sudah mulai malam aku tidak sanggup hendak ke kuala kerana tidak sedap badan sementelahan pula hari hujan.Kamus Dewan Edisi Keempat[se.men.ta.ra]  Definisi :1 tidak tetap selama-lamanya tidak utk selama-lamanya utk beberapa ketika saja: Sebuah bangunan ~ telah didirikan sehingga bangunan yg baru selesai dibina. 2 dlm tempoh atau dlm waktu tertentu selama selagi: Lebih baik berjagung-jagung ~ menanti padi masak. ~ tidak berduit janganlah membeli-belah. 3 dlm pd itu pd ketika itu: ~ ibu memasak saya membasuh pinggan.Kamus Pelajar Edisi Kedua,adjektif,Moderate
tinggi,[ting.gi]  Definisi :1. besar jaraknya di bahagian bawah tapaknya jauh ke atas di atas lwn rendah: bangunan tersebut dibina di suatu tempat yg ~ kapal terbang pengebom jenis ini dapat terbang ~ dataran tanah ~ dataran tanah yg permukaannya jauh ke atas dr permukaan laut 2. panjang bkn bangun tubuh dll lwn pendek: Hasan ~ orangnya ~ pokok itu 20 kaki 3. hampir sampai ke tempat yg di atas sekali matahari telah ~ sudah hampir setengah hari 4. luhur mulia: kami berdoa agar tercapai cita-citanya yg ~ budi pekerti yg ~ 5. peringkat atau tingkat atas bkn pangkat taraf dll sangat baik mutu dll: mahkamah ~ jawatan ~ martabat ~ sekolah ~ barang-barang bermutu ~ 6. sudah lanjut umur usia ~ sudah tua 7. mahal harga dll besar perbelanjaan dll: pd masa harga getah ~ dahulu rakyat hidup mewah sara hidup di Eropah lebih ~ drpd di Asia 8. sudah maju kecerdasan tamadun dll berada pd tingkatan atas pelajaran pengetahuan dll: bertamadun ~ seni yg ~ 9. angkuh besar diri sombong: cakapnya selalu ~ hidung ~ ki bongkak sombong 10. halus dan keras suara muluk nyaring: lagu yg ~ hendaklah dinyanyikan dgn suara yg ~ ~ hari hampir tengah hari ~ hati megah sombong ~ rezeki tidak mudah mendapat rezeki ~ disusupi rendah dilangkahi  ~ disigai besar ditebang prb dicari disiasat sehabis upaya ~ kelepur rendah tikam  ~ gelepur rendah laga prb banyak cakap tetapi tidak ada buktinya ~ lawak-lawak prb perihal hidup melampaui kemampuannya kuasanya awak rendah sangkutan ~ prb besar belanja drpd pendapatan hendak ~ terlalu jatuh hendak panjang terlalu patah prb orang yg hendak terlalu meninggikan dirinya jatuh kecewa juga akhirnya yg ~ tampak jauh yg dekat julung bersua prb pemimpin yg bertanggungjawab yg mendapat pujian dan celaan meninggi 1. menjadi tinggi naik tinggi ke atas: pokok itu tumbuh membesar dan ~ dr sehari ke sehari 2. menjadi kuat dan nyaring suara muluk suara: suara orang mengaji semakin ~ 3. angkuh sombong: cakapnya ~ sahaja 4. menghampiri atau hampir berada pd waktu tengah hari: hari semakin ~ ~ hari tinggi hari setinggi 1. hingga sama tinggi mencapai tinggi: air di kawasan rumah pengantin lelaki naik ~ 0.6 meter pembangunan itu mengan-dungi sebuah bangunan pejabat ~ 28 tingkat 2. seberapa tinggi: mereka dikatakan lebih berminat utk mendapatkan tawaran gaji ~ yg boleh memang saya mahu mencipta nama ~ yg mungkin setinggi-tinggi 1. seberapa banyak yg mung-kin tidak terhingga banyaknya sebanyak-banyaknya: baginda mengucapkan ~ terima kasih kpd sekalian rakyat beliau juga mengucapkan ~ tahniah dan penghargaan atas kejayaan sahabatnya itu 2. seberapa tinggi yg mungkin paling tinggi: ~ terbang bangau hinggap ke bubungan juga meninggikan 1. menjadikan tinggi menam-bahkan mutu dll: bangunan itu telah di-tinggikan lagi dua tingkat kerajaan sedang berikhtiar ~ taraf pendidikan dan ekonomi rakyat 2. mengangkat menyanjung menjadi tinggi ~ diri membesarkan diri 3. mengeraskan atau menguatkan suara mempertinggi menjadikan lebih tinggi ~ tempat jatuh memperdalam tempat kena prb sengaja membesar-besarkan kesalahan sendiri sehingga mendapat hukuman kerugian yg lebih berat ketinggian 1. perihal tinggi taraf keadaan dsb yg tinggi: pendidikan dapat membawa kpd kejayaan dan ~ kedudukan seseorang dlm masyarakat sastera yg mengagungkan ~ budi 2. tempat dll yg lebih tinggi duduknya letaknya: peti yg berisi jenazah itu di-letakkan di tempat yg agak ~ di tengah aula 3. terlalu tinggi: dahan itu tidak dapat dicapai-nya kerana ~ peninggian perihal meninggikan penambahan mutu pendapatan dll.Kamus Dewan Edisi Keempat[ting.gi]  Definisi :1 jauh jaraknya dr bawah ke atas lw rendah: Hotel itu sangat ~. dataran ~ dataran yg permukaannya jauh dr permukaan laut. 2 panjang ttg bangun tubuh lw rendah: Suaminya lebih ~ drpdnya. 3 peringkat atas ttg pangkat taraf dll sangat baik mutunya dll: jawatan ~ Mutunya ~. 4 mulia: ~ cita-citanya. 5 mahal ttg barang besar ttg perbelanjaan: Harga beras sangat ~ sekarang. 6 berada pd peringkat yg atas sudah maju: Pengetahuannya ~. ~ hari hampir tengah hari. ~ hati sombong. ~ usia sudah tua sudah lanjut umurnya. meninggi 1 menjadi tinggi naik tinggi. 2 menjadi kuat dan nyaring ttg suara. 3 sombong: Cakapnya ~ saja. ~ hari menjadi hampir tengah hari. meninggikan 1 menjadikan tinggi menaikkan: Ia ~ harga gula di kedainya. 2 mengangkat atau menyanjung menjadi tinggi. mempertinggi menjadikan lebih tinggi: Ia belajar bersungguh-sungguh utk ~ ilmu pengetahuannya. ketinggian 1 keadaan atau hal tinggi. 2 tempat yg tinggi. peninggian perbuatan atau hal meninggikan peningkatan mutu dsb penambahan pendapatan dsb.Kamus Pelajar Edisi Kedua,adjektif,Moderate
terbaik,-,-,-
tatakelola,-,-,-
itu,-,-,-
enam,[e.nam]  Definisi :bilangan lima dicampur satu 6 VI ~ belas bilangan sepuluh dicampur enam 16 XVI ~ likur sl ark dua puluh enam 26 XXVI ~ puluh bilangan yg besarnya enam kali sepuluh 60 LX berenam berjumlah enam orang dll enam orang dll jumlahnya: jangan pergi ramai-ramai ~ pun cukuplah keenam yg nombor enam: keempat hulubalang yg bernama Bichaya Dorta kelima hulubalang yg bernama Panta Suta ~ hulubalang yg bernama Sutama keenam-enam semua yg jumlahnya enam: ~ murid itu pun pulang ke rumah.Kamus Dewan Edisi Keempat[e.nam]  Definisi :bilangan lima ditambah satu 6: ~ belas 16 ~ puluh 60. berenam berjumlah enam: Jangan pergi semuanya ~ pun cukuplah. keenam bilangan atau peringkat yg nombor enam: Hulubalang Melaka yg ~ bernama Hang Nadim. keenam-enam enam-enam sekali enam semuanya: Maka ~ sahabat itu pun berpeluk-pelukan dgn mesra setelah bertemu kembali.Kamus Pelajar Edisi Kedua,-,-
pelaburan,[pe.la.bu.ran]  Definisi :1. jumlah wang modal dsb yg dilaburkan dlm sesuatu usaha niaga dsb penanaman modal 2. sesuatu yg dibeli dsb dgn harapan akan mendapat keuntungan yg berlipat ganda penanaman modal: pembelian tanah merupakan suatu bentuk ~ yg menguntungkanKamus Dewan Edisi Keempat[pe.la.bu.ran]  Definisi :1 wang modal dsb yg dilaburkan dlm sesuatu perniagaan: Dr masa ke masa dia menambah ~nya dlm skim Amanah Saham Nasional. 2 hal perbuatan cara dsb melabur atau melaburkan: Kerajaan menggalakkan ~ drpd rakyat.Kamus Pelajar Edisi Kedua,-,-
melabur,[me.la.bur]  Definisi :menyapu dgn kapur mengapur tembok dll: maka dilaburnya dgn kapur gemerlapan cahayanya spt kapas terbusur.Kamus Dewan Edisi Keempat[me.la.bur]  Definisi :1. membekalkan makanan wang modal dll kpd pekerja dll 2.  meletakkan memberikan menyerahkan sejumlah wang utk sesuatu usaha spt pengeluaran barang perniagaan dsb dgn tujuan utk memperoleh keuntungan menanam modal: rakyat bumiputera diseru melabur dlm Amanah Saham NasionalKamus Dewan Edisi Keempat[me.la.bur]  Definisi :1 membeli saham syer dsb dlm sesuatu badan perniagaan utk tujuan mendapat keuntungan menanam modal: Rakyat bumiputera digalakkan ~ dlm Amanah Saham Nasional. 2 memberi makan wang makan bekalan dsb kpd pekerja dll.Kamus Pelajar Edisi Kedua,-,-
rm,Definisi :kep Ringgit Malaysia.Kamus Dewan Edisi Keempat,-,-
bilion,[bi.lion]  Definisi :1. di Britain satu juta juta ditulis sbg 1 000 000 000 000 atau 1012 2. di AS satu ribu juta ditulis sbg 1 000 000 000 atau 109 berbilion berbilion-bilion beberapa bilion beberapa banyak bilion.Kamus Dewan Edisi Keempat[bi.lion]  Definisi :bilangan sebanyak sejuta juta atau 1012 tetapi di Amerika Syarikat seribu juta atau 109.Kamus Pelajar Edisi Kedua,-,-
di,-,-,-
bawah,[ba.wah]  Definisi :1 arah atau bahagian yg lebih rendah lw atas: bibir ~. 2 kurang drpd: Kanak-kanak berumur ~ lima tahun tidak dikenakan tiket. ~ angin sebutan utk negeri-negeri di Gugusan Pulau-Pulau Melayu. ~ rumah ruang di antara lantai rumah dgn tanah. ~ sedar endapan perasaan hati yg tidak disedari kewujudannya. ~ tanah a. dlm tanah. b. gelap atau rahsia ttg gerakan dsb. bawahan 1 yg rendah pangkatnya orang pegawai rendahan. 2 orang yg di bawah perintah orang lain. pembawah angka pd sesuatu angka pecahan yg di sebelah bawah: Dlm angka pecahan  angka empat disebut ~. di bawah 1 di tempat yg lebih rendah: Mari kita pergi bermain-main ~ pohon jambu itu. 2 kurang drpd: Markahnya ~ markah saya. 3 dlm kuasa atau dlm pimpinan seseorang: zaman kegemilangan Melaka ~ pemerintahan Sultan Alaudin yg adil lagi bijaksana. ke bawah ke tempat yg lebih rendah: dr atas ~. mengebawahkan meletakkan atau membawa ke bawah.Kamus Pelajar Edisi Kedua,-,-
pelaburan,[pe.la.bu.ran]  Definisi :1. jumlah wang modal dsb yg dilaburkan dlm sesuatu usaha niaga dsb penanaman modal 2. sesuatu yg dibeli dsb dgn harapan akan mendapat keuntungan yg berlipat ganda penanaman modal: pembelian tanah merupakan suatu bentuk ~ yg menguntungkanKamus Dewan Edisi Keempat[pe.la.bu.ran]  Definisi :1 wang modal dsb yg dilaburkan dlm sesuatu perniagaan: Dr masa ke masa dia menambah ~nya dlm skim Amanah Saham Nasional. 2 hal perbuatan cara dsb melabur atau melaburkan: Kerajaan menggalakkan ~ drpd rakyat.Kamus Pelajar Edisi Kedua,-,-
glic,[glic]  Definisi :Komp 1. kerosakan rawak atau sementara pd perkakasan yg biasanya berpunca drpd pertambahan bekalan kuasa elektrik 2. gangguan atau kesilapan kecil pd atur cara.Kamus Dewan Edisi Keempat[glic]  Definisi :ist 1 gangguan atau kesilapan kecil pd atur cara dlm komputer. 2 kerosakan sementara pd perkakasan yg biasanya berpunca drpd pertambahan kuasa elektrik.Kamus Pelajar Edisi Kedua,-,-
bagi,[ba.gi]  Definisi :apa-apa yg telah ditentukan untuk: Ayah telah memberikan wang kpd saya ~ membeli buku.Kamus Pelajar Edisi Kedua[ba.gi]  Definisi : membagi menyebabkan seseorang menerima sesuatu memberi. membagikan menyerahkan sesuatu kpd memberikan: Siapa yg ~ wang itu kpd kamuKamus Pelajar Edisi Kedua,-,-
pembuatan,[pem.bua.tan]  Definisi :perihal kegiatan usaha dsb membuat: perjanjian ini mengehadkan ~ kapal perang oleh JepunKamus Dewan Edisi Keempat[pem.bua.tan]  Definisi :hal cara atau proses membuat sesuatu terutamanya barang dagangan.Kamus Pelajar Edisi Kedua,-,-
berteknologi,[ber.ték.no.lo.gi]  Definisi :mempunyai teknologi: masyarakat ~ tinggi.Kamus Dewan Edisi Keempat[ber.ték.no.lo.gi]  Definisi :mempunyai teknologi: kenderaan ~ tinggi.Kamus Pelajar Edisi Kedua,-,-
dan,-,-,-
merupakan,[me.ru.pa.kan]  Definisi :1. membentuk membuat menjadikan supaya mempunyai rupa memberi rupa: peti rahsia itu dirupakan buku 2. melahirkan menggambarkan mewujudkan: malaikat Jibrail dirupakan seorang yg cantik dan diberi bersayap 3. menjadi membentuk: rancangan hendak memindahkan ibu negeri ~ projek yg terpenting getah ~ 40 drpd pendapatan negara Malaysia 4. ki melambangkan melukiskan menggambarkan: Pak Kadok dan Lebai Malang ~ manusia yg dungu tetapi sebenarnya mempunyai daya berfikir ulasan itu ialah perkataan yg ~ fikiran yg dibuat drpd satu-satu alasan ~ diri a menampakkan dirinya spt menjadi membuat dirinya berwujud menjelma: Puteri Gunung Ledang ~ dirinya spt perempuan tua ia dapat ~ dirinya spt harimau b berlagak berlaku dll sbg: dgn ~ dirinya sbg seorang tukang sapu longkang pegawai polis itu berjaya menangkap pemeras wang ituKamus Dewan Edisi Keempat[me.ru.pa.kan]  Definisi :1 membentuk atau melukis supaya mempunyai rupa memberi berupa: Hulu keris itu dirupakan kepala burung helang. 2 menjadi sbg: Gunung-gunung yg tinggi dan lurah yg dalam ~ benteng pertahanan yg kuat. 3 ki melambangkan menggambarkan: Pak Kaduk dan Lebai Malang ~ manusia yg bodoh tetapi mempunyai daya berfikir.Kamus Pelajar Edisi Kedua,kata nama,High
rangka,[rang.ka]  Definisi :1. tulang-tulangan tubuh rumah dll kerangka: ~ basikal badannya kurus kering tinggal ~ ~ rumah sudah berdiri 2. buram bagan rancangan yg menyeluruh dan tidak terperinci: guru hendaklah menggunakan berbagai-bagai kaedah utk mendapat kejayaan oleh yg demikian ~ yg diberikan ini hanyalah panduan sahaja 30 orang intelek Melayu dr seluruh Malaysia akan membuat satu pertemuan awal dgn beliau dlm ~ sokongan intelek-intelek ~ lawatan rancangan menyeluruh lawatan atau kunjungan ~ pembangunan rang ren-cana pembangunan berangka mempunyai rangka ada bentuknya bangunnya dll: binatang yg tidak ~ syair yg ~ tetap merangka membuat atau mengatur rangka rancangan rencana dll utk sesuatu: malam itu abang ~ jadual utk esok baginda akan membaca titah diraja yg ~ dasar kerajaan dia ~ program yg akan diisinya kelak merangka-rangka mengatur-atur mereka-reka: ia ~ bahan yg akan dipercakapkan nanti perangkaan ilmu yg membicarakan cara-cara membuat kesimpulan drpd data menganalisis data dan mentafsir data statistik perangka orang yg merangka program rancangan dsb perancang: para ~ dan penyelia program ini terdiri drpd pegawai di Kementerian Pendidikan.Kamus Dewan Edisi Keempat[rang.ka]  Definisi :ark tempat duduk di atas belakang gajah: Raja Melaka pun naik ke atas gajah yg berangka emas  rengga.Kamus Dewan Edisi Keempat[rang.ka]  Definisi :1 tulang-tulang yg menentukan bentuk tubuh manusia atau binatang kerangka. 2 tulang-tulang atau kerangka pd rumah yg menunjukkan bentuknya. 3 garis-garis kasar bagi sesuatu perkara rancangan: Sebelum mengarang sediakanlah ~nya dahulu. berangka mempunyai rangka ada bentuknya bangunnya. merangkakan membuat atau mengatur rangka utk sesuatu: Mereka berusaha ~ satu projek yg menguntungkan semua pihak. merangka-rangkakan mengatur-atur mereka-reka: Ia ~ bahan yg akan diucapkan esok. perangka orang atau pihak yg merangkakan sesuatu: Para ~ program itu sedang bermesyuarat.Kamus Pelajar Edisi Kedua,kata nama,High
syarikat,[sya.ri.kat]  Definisi :1. persekutuan perkumpulan gabungan Amerika S~ negara persekutuan di Amerika Utara 2. badan atau institusi perusahaan atau perniagaan yg dimiliki oleh satu orang atau sekumpulan orang perkongsian dlm perniagaan firma: kita bersama memodali perniagaan itu yg dgn sendirinya menjadi sebuah ~ anak ~ syarikat yg sekurang-kurangnya separuh drpd modalnya dimiliki oleh syarikat lain 3. persekutuan negara-negara yg menjadi sahabat dlm peperangan sekutu ~ berhad syarikat perusahaan atau perniagaan yg tanggungan atau tanggungjawab pemilik-pemiliknya terhadap hutang piutang syarikat berkenaan terhad hanya pd wang dsb yg telah dilaburkan ke dlm syarikat itu ~ bersekutu Udg syarikat yg sebahagian kepentingannya dipunyai atau dikawal oleh syarikat lain ~ gergasi  ~ raksasa ~ induk syarikat yg memiliki sebuah atau beberapa buah anak syarikat ~ kerjasama koperasi syarikat ~ kewangan syarikat yg memberikan kemudahan pinjaman kewangan dgn kadar faedah yg lebih tinggi drpd bank perdagangan terutamanya utk urus niaga sewa beli ~ multinasional syarikat yg beroperasi di beberapa buah negara ~ nomini Eko syarikat yg fungsinya memegang dan mengendalikan saham bagi pihak klien atau pemilik sebenar saham berkenaan ~ pembuatan syarikat yg kegiatannya ialah membuat atau menghasilkan barang di kilang dsb ~ perniagaan syarikat yg kegiatannya mengendalikan perniagaan jual beli ~ perusahaan syarikat yg menjalankan sesuatu atau beberapa perusahaan spt pembuatan barang pengendalian perkhidmatan dll ~ raksasa syarikat yg amat besar modalnya bidang kegiatannya penghasilannya tenaga pekerjanya dsb ~ tersenarai Eko syarikat yg saham biasanya disenaraikan di bursa saham dan oleh itu boleh diperniagakan bersyarikat 1. bersama-sama bersatu bermuafakat bergabung mengerjakan sesuatu mendirikan pertubuhan dll 2. bersekutu berkawan bersahabat mensyarikati ark bersyarikat dgn ikut serta bersama-sama dlm kesusahan dll mensyarikatkan ~ Allah menganggap Allah tidak esa lebih drpd satu persyarikatan 1. persekutuan perhimpunan perkumpulan persatuan: P~ Bangsa-Bangsa Bersatu 2.  ~ dagang Id perkongsian dlm perniagaan ~ Malaysia konsep kerjasama antara kerajaan dan swasta supaya pihak swasta akan berjaya dan memberi lebih banyak sumbangan kpd pembangunan negara.Kamus Dewan Edisi Keempat[sya.ri.kat]  Definisi :1 apa-apa yg menjadi teman atau sekutu kpd yg lain kawan rakan: Allah hanya satu tiada ~ bagi-Nya. 2 badan perniagaan yg dimiliki oleh beberapa orang firma: Ahmad bekerja sbg Pegawai Pemasaran di sebuah ~ tempatan. ~ berhad badan perniagaan yg tanggungan pemiliknya terhad kpd jumlah modal yg dimilikinya saja. ~ kerjasama badan yg mengusahakan sesuatu utk kepentingan ahli-ahlinya. ~ multinasional syarikat yg beroperasi di beberapa buah negara. bersyarikat 1 ada syarikatnya bersekutu. 2 bersama-sama mengerjakan sesuatu bersatu. mensyarikatkan 1 mengadakan sekutu pd: Berdosa jika ~ Allah. 2 menubuhkan syarikat menjadikan sbg syarikat. persyarikatan perbuatan atau hal bersyarikat persatuan. pensyarikatan perbuatan atau hal mensyarikatkan penubuhan syarikat.Kamus Pelajar Edisi Kedua,kata nama,High
berkaitan,[ber.kai.tan]  Definisi :bersangkutan berhubungan berkenaan: hal-hal yg ~ dgn kewangan perkara-perkara yg ~ dgn pelajaranKamus Dewan Edisi Keempat[ber.kai.tan]  Definisi :ada sangkut pautnya berhubungan bersangkutan: Dr buku ini kita dpt mempelajari perkara-perkara yg ~ dgn sejarah negeri kita sendiri.Kamus Pelajar Edisi Kedua,kata nama,High
kerajaan,[ke.ra.ja.an]  Definisi :1. negeri atau negara yg dikepalai oleh raja: ~ Malaysia ~ Arab Saudi 2. pemerintahan negara: ~ Indonesia berparlimen 3. martabat kedudukan raja: setelah nenda hilang ayahanda Badanul menggantikan nenda di atas ~ 4. tanda-tanda alat kebesaran raja: pakaian ~ payung ~ takhta ~ 5. sifat sbg raja: jika tiada diketahuinya tujuh perkara tiada layak ia naik raja dan tiada sempurna ~nya 6. sl naik takhta menjadi raja: jika ia ~ tiada akan sempurna negeri iniKamus Dewan Edisi Keempat[ke.ra.ja.an]  Definisi :1 negeri atau negara yg mempunyai raja sbg kepala pemerintahannya: ~ Arab Saudi. 2 pemerintahan atau pemerintah sesebuah negara: ~ Thailand. 3 naik takhta menjadi raja: Jika ia ~ tiada akan sempurna negeri ini. ~ campuran pemerintahan yg anggota kabinetnya terdiri drpd berbagai-bagai parti bukan drpd satu parti politik. ~ pusat pemerintahan yg bersifat kebangsaan iaitu seluruhnya bukan kerajaan negeri atau bahagian. ~ tempatan 1 pemerintahan pentadbiran di peringkat daerah spt pekan bandar. 2 sistem kerajaan yg meletakkan pentadbiran hal ehwal kerajaan pd pihak berkuasa setempat mis majlis perbandaran dan majlis daerah.Kamus Pelajar Edisi Kedua,kata nama,High
program,[pro.gram]  Definisi :1. rancangan yg menentukan dasardasar yg akan dijalankan dlm pembangunan negara perekonomian dll 2. acara pertandingan pertunjukan dll: tiket-tiket sedang dicetak dan ~nya sedang disusun 3. susunan rancangan spt drama muzik filem dsb yg ditonton di TV atau didengar di radio 4. arahan berupa kod yg dimasukkan ke dlm sistem komputer utk membolehkannya memproses atau mengendalikan data secara tertentu atur cara memprogramkan 1. mengatur menyusun program atau rancangan merancang 2. memasukkan program ke dlm komputer: ~ komputer terprogram telah diprogramkan: sistem ~ yg sangat efisien pemprograman 1. proses mengatur sesuatu rancangan program dsb perencanaan: ~ semula atom-atom boleh menghasilkan sesuatu yg lebih kecil 2. pengaturcaraan.Kamus Dewan Edisi Keempat[pro.gram]  Definisi :1 rancangan mengenai dasar serta cara menjalankan sesuatu. 2 susunan acara dlm sesuatu pertandingan sukan majlis rasmi dll. 3 arahan berupa kod yg dimasukkan ke dlm sistem komputer utk membolehkan data diproses atau dikendalikan oleh komputer atur cara. memprogramkan 1 mengatur atau menyusun rancangan aktiviti dsb mengikut program: Semua aktiviti dlm kursus itu telah diprogramkan. 2 memasukkan program atau atur cara ke dlm komputer supaya sesuatu tugas dpt dijalankan mengikut arahan. pemprograman proses atau hal memprogramkan sesuatu.Kamus Pelajar Edisi Kedua,kata nama,High
meningkatkan,[me.ning.kat.kan]  Definisi :meninggikan kedudukan taraf dll membesarkan pengeluaran dll memperhebat: daya usaha ini akan ~ kemungkinan pertumbuhan ekonomi kerjasama antara parti-parti komponen BN perlu ditingkatkan lagi ~ diriKamus Dewan Edisi Keempat[me.ning.kat.kan]  Definisi :meninggikan kedudukan taraf dll. Mereka berusaha utk ~ taraf hidup.Kamus Pelajar Edisi Kedua,kata nama,High
sektor,[sék.tor]  Definisi :séktor 1. bahagian bulatan yg letaknya di antara dua garisan lurus dr pusat bulatan itu tembereng tajam 2. bahagian daerah pertempuran ketenteraan 3. bidang sesuatu usaha kegiatan industri pertanian dll: ~ pertanian merupakan tulang belakang eko-nomi Malaysia ~ awam bidang yg berkaitan dgn kerajaan dan orang ramai ~ swasta bidang yg berkaitan dgn pihak swasta spt syarikat-syarikat perniagaan dsb.Kamus Dewan Edisi Keempat[sék.tor]  Definisi :séktor 1 bidang sesuatu usaha spt pertanian perkilangan: Menjelang tahun 1990 kerajaan mengharapkan kaum Bumiputera memiliki modal sebanyak 30 dlm ~ perniagaan. 2 bahagian dlm bulatan yg terletak di antara dua garis lurus dr pusat bulatan itu tembereng tajam. 3 bahagian daerah pertempuran.Kamus Pelajar Edisi Kedua,kata nama,High
tenaga,[te.na.ga]  Definisi :1. kekuatan yg membolehkan seseorang membuat sesuatu pergerakan dll daya: selesai makan dia kini berenang seolah-olah dia dapat ~ drpd nasi dan lauk ayam yg telah dijampi oleh neneknya 2. kegiatan utk melakukan sesuatu: seluruh ~ rakyat disalurkan utk meninggikan ekonomi negara 3.  ~ pekerja orang yg bekerja orang yg mengerjakan sesuatu kakitangan: wanita ialah ~ manusia yg merupakan harta terpendam yg belum dihargai sepenuh-penuhnya~ atom  ~ nuklear Fiz tenaga yg terhasil drpd tindak balas atom atau nukleusnya ~ baru orang-orang yg akan memberi tenaga mereka baru ~ batin a keupayaan melaku-kan hubungan seks b kekuatan yg timbul drpd wujudnya daya jiwa atau semangat juang dlm diri seseorang kekuatan batin: dgn ~ batin yg baru mereka sanggup melepaskan diri dr tradisi yg nampaknya semakin kuat mengikat kaum penulis kita ~ buruh seluruh pekerja ~ elektrik tenaga yg dihasilkan oleh kuasa elektrik ~ gerak tenaga yg terdapat pd sesuatu yg bergerak air yg mengalir dll ~ ikatan Kim tenaga yg diperlukan utk memutuskan ikatan dlm molekul ~ kimia Kim tenaga yg dimiliki oleh sesuatu bahan kimia yg akan dibebaskan semasa tindak balas kimia ~ kinetik Fiz tenaga yg ada pd sesuatu jasad akibat pergerakannya ~ kuda bp kuasa kuda ~ nuklear tenaga atom ~ pengajar orang yg ahli atau berkelayakan utk mengajarkan sesuatu mata pelajaran bidang ilmu ke-mahiran dsb ~ pengaktifan Kim tenaga yg perlu diatasi oleh bahan tindak balas sebelum tindak balas berlaku ~ pengionan Kim tenaga minimum yg diperlukan utk menying-kirkan satu elektron dr satu atom atau ion gas ~ sawat tenaga pd sesuatu mesin ~ sinaran Fiz tenaga yg dipancarkan dlm bentuk sinaran terutama sinaran elektromagnet ~ suria tenaga yg diperoleh drpd matahari iaitu tenaga cahaya tenaga ultraungu dan tenaga haba ~ wap tenaga drpd wap bertenaga 1. mempunyai memperlihatkan tenaga ada tenaganya berkekuatan berdaya: dia tidak ~ utk membuat kerja itu penulis yg dikira kurang ~ dlm penghasilan kreatif memperkemas gaya pengucapan agar lebih ~ 2. rajin giat bekerja dll.Kamus Dewan Edisi Keempat[te.na.ga]  Definisi :1 kekuatan utk memungkinkan seseorang melakukan sesuatu daya: Dia tidak mempunyai ~ hendak membuat kerja itu. 2  ~ kerja orang yg mengerjakan sesuatu pekerja kakitangan: Wanita ialah ~ manusia yg belum dihargai sepenuhnya. 3 kuasa yg dikeluarkan atau yg terdapat drpd sesuatu. ~ atom tenaga yg dikeluarkan oleh atom. ~ elektrik tenaga yg diperoleh drpd geseran atau drpd tindakan kimia. ~ gerak kinetik tenaga yg terdapat pd sesuatu yg bergerak spt pd air yg mengalir. ~ haba tenaga dlm bentuk haba utk memanaskan sesuatu. ~ ikatan ist tenaga yg diperlukan utk memutuskan ikatan dlm molekul. ~ kimia tenaga yg dimiliki oleh sesuatu bahan kimia yg akan dibebaskan semasa tindak balas kimia. ~ kuda ukuran utk menyukat kekuatan enjin dll. ~ nuklear tenaga yg terhasil drpd tidak balas nukleus tenaga atom. ~ pengajar orang yg ahli atau yg berkelayakan utk mengajarkan sesuatu mata pelajaran bidang ilmu kemahiran dsb. ~ pengionan ist tenaga minimum yg diperlukan utk menyingkirkan satu elektron drpd satu atom atau ion gas. ~ sawat mekanik tenaga yg terdapat pd mesin. ~ suria tenaga yg diperoleh drpd cahaya matahari. ~ wap stim tenaga yg diperoleh drpd wap. bertenaga mempunyai tenaga berdaya: Dia tidak ~ lagi utk meneruskan perlawanan itu.Kamus Pelajar Edisi Kedua,kata nama,High
untuk,[un.tu]  Definisi :1. ditentukan disediakan bagi merupa-kan bahagian seseorang dll: tanah getah yg lima ekar ini ~mu dan tanah sawah yg dua ekar itu ~ adikmu 2. guna bagi buat: wang ~ membeli makanan ruang ~ bekerja 3. digunakan dipakai sebagai dijadikan supaya menjadi atau dijadikan: ditumbuknya kulit kayu itu halus-halus ~ ubat dibawanya buluh rencong ~ senjata 4. bermaksud hendak: saya terlalu takut ~ lari 5. diberikan dihantar kepada: beliau telah mengirim wang RM50.00 ~ ayahnya 6. melakukan mengerjakan sesuatu supaya supaya dapat: ~ melihat dgn jelas penyimpangan dr segi bentuk ini di bawah ini diturunkan dua rangkap permulaan Syair Sinyor Kosta ~ memahami keadaan yg berlaku sekarang ini perlu dikaji perkembangan-perkem-bangan sebelumnya beruntuk 1. sudah menerima bahagian masing-masing sudah memiliki bahagian masing-masing 2. sudah ditetapkan bahagian masing-masing: pusaka itu belum lagi ~ memperuntukkan menguntukkan menetapkan mencadangkan menyediakan bagi membahagikan atau mengekhaskan bagi sesuatu tujuan keperluan dll: perbelanjaan mengadakan pertandingan itu tahun ini diperuntukkan sebanyak RM60 000 maka kerajaan terpaksa ~ lebih banyak wang utk pertahanan dan keselamatan negara teruntuk 1. sudah ditetapkan sbg bahagian seseorang sesuatu keperluan dll 2. ditetap-kan dikhususkan bagi seseorang peruntukan 1. sesuatu yg telah diuntukkan bahagian atau jumlah wang dll yg ditetapkan ditentukan utk: Dewan Rakyat telah me-luluskan ~ utk membina rumah-rumah pemulihan akhlak 2. syarat atau ketentuan dlm undang-undang dsb: ~ undang-undang utk membataskan poligami.Kamus Dewan Edisi Keempat[un.tu]  Definisi :1 ditentukan atau disediakan bagi dikhaskan bagi: Baju dua helai ini ~ kakakmu. 2 buat guna: tepung ~ membuat kuih. 3 digunakan atau dipakai sbg dijadikan sbg: Dia telah membawa pisau ~ senjata. 4 bermaksud akan hendak: Ia ke bandar ~ membeli kasut. beruntuk sudah mempunyai bahagiannya masing-masing telah ditentukan bahagiannya. menguntukkan menyediakan atau menetapkan bagi: Ayahnya sudah ~ wang tiga ribu ringgit sbg belanja perkahwinannya nanti. peruntukan sesuatu yg diuntukkan bahagian yg disediakan utk sesuatu: ~ sudah dibuat utk membina surau itu.Kamus Pelajar Edisi Kedua,kata tugas,Moderate
tahan,[ta.han]  Definisi :1. tidak berubah keadaannya tidak lekas rosak luntur berubah dll: perkakas itu kalau dijaga dgn baik akan ~ bertahun-tahun 2. sanggup menderita sesuatu tabah menanggung kesusahan dll: orang kampung tidak ~ lagi hidup menderita selama-lamanya 3. dapat menguasai dirinya betah: mereka hendaklah ~ menyimpan rahsia 4. tidak mudah jemu kasihan dll kuat menguasai perasaan tidak lekas jijik dll: mana ~ makan ubi tiap-tiap hari 5. mencukupi memadai pd makanan bekalan dll: beras ini ~ utk seminggu 6. tidak roboh runtuh kuat: bahagian hadapannya ditopang dgn dua batang kayu besar supaya ~ dan tidak tumbang terus 7. lebih baik bertambah baik drpd sakit sihat sedikit: semalam Bibah ni demam ini dah ~ sedikit~ air tidak dapat dimasuki atau dirosaki air kalis air kedap air ~ api tidak boleh terbakar kalis api ~ besi peluru tembak tidak lut senjata kebal ~ cuci tidak turun warna apabila dicuci ~ gelombang ombak dapat belayar dgn baik tidak oleng ~ harga tetap harganya tidak turun harganya ~ hati cekal atau teguh hati ~ hina tidak lekas marah apabila dihina ~ kias tidak lekas menjadi marah apabila disindir ~ kulit Jh tidak lut senjata ~ lama tidak lekas rosak atau busuk ~ lapar kuat berlapar ~ lasak a kuat dan cekap membuat kerja b teguh awet pakaian ~ palu pukul tidak sakit jika dipukul ~ sabar sabar tidak pemarah ~ sesah tidak turun warna ~ tangan tidak sakit kena pukul ~ tonggak Mn ditanggung oleh tonggak ~ uji a boleh diuji b terbukti kebaikannya keelokannya dll bertahan 1. tidak berganjak dr tempat atau kedudukannya tidak undur: mereka ~ hingga musuh berundur kembali 2.  ~ diri mempertahankan diri drpd serangan ancaman: Folley kelihatan melepaskan tumbukan-tumbukan ringan yg tidak memberi kesan manakala Muhammad Ali ~ 3. tidak mahu mengalah berteguh hati berkeras hati: penjudi yg sedang malang nasibnya kalah dlm perjudian namun dia ~ Makhdum pun terlalu marah mendengar kata Seri Rama itu lalu pulang berapa ditahani oleh Bendahara tiada mahu Makhdum ~ 4. mencukupi utk beberapa lamanya: kalau kita berhemat akan ~ juga 5. sl tersekat terhambat: barang siapa dapat memanah pohon lontar yg hamba tanam empat puluh itu terus tiada ~ maka hamba berikan Sita Dewi ini ~ larat  bertahan-tahan larat a mengurangkan kesukaran yg dideritai b mempertahankan supaya tahan lebih lama lagi melambat-lambatkan habisnya sesuatu menjimat-jimatkan menahan 1. tidak membiarkan berlalu mengalir dll menghentikan menyekat: ada sebuah tandup yg ~ air sungai itu utk digunakan di sawah 2. memberi bersokong supaya jangan rebah jatuh menopang menyangga: mereka sedang mencacak buluh di kaki tebing sungai itu utk ~nya supaya jangan runtuh 3. melambaikan tangan supaya bas kereta sewa dll berhenti: aku ~ bas itu 4. mencegah mengelakkan atau menjauhkan penyakit dll: ~ diri drpd diperdaya 5. melawan dan memukul mundur musuh menangkis serangan: dia pun menyuruhlah membuat beberapa kubu sepanjang-panjang sungai itu akan ~ angkatan dr Sabukit 6. menguasai perasaan hawa nafsu dll mengekang: saya akan mencuba ~ nafsu muda sehingga pengajian saya di universiti tamat 7. tidak memanjangkan permohonan dll kpd yg lebih tinggi tidak disampaikan kpd: surat permohonannya telah ditahan oleh ketua bahagian 8. tidak membiarkan pergi tidak membenarkan masuk pergi dll: kami bertiga telah ditahan di luar dan Said Abu Bakar seorang sahaja yg disuruh masuk 9. memasukkan dlm penjara utk sementara sahaja memenjarakan mengurung: polis ada kuasa ~ seseorang yg disyaki selama empat belas hari 10. menyekat sesuatu drpd sampai kpd yg berhak tidak memberikan sesuatu kpd yg berhak: permintaan isteri utk membeli itu dan ini dan perbelanjaan anak-anak ditahan sedikit 11. menyimpan utk persediaan dll: dua karung beras ditahan utk bekalan dlm pelayaran 12. menguatkan diri supaya sanggup menderita dll menderita: dia kelihatan terkial-kial ~ kesakitan menahani tidak membenarkan melakukan sesuatu menegah mengekang merintangi: barang kehendak kamu tiada aku tahani maka Makhdum pun terlalu marah mendengar kata Seri Rama itu lalu dia pulang berapa ditahani oleh Bendahara tiada mahu Makhdum bertahan menahankan 1. menjadikan tahan 2. menggunakan sesuatu utk menahan menahan dgn: maka oleh orang tua itu dilambung-lambung lembing itu ditahankannya belakangnya maka lembing itu mengambul jatuh ke tanah 3. menguatkan diri supaya tahan menahan: Nor Hamidah tidak dapat ~ tangisnya 4. menggalang menyekat merintangi menahan: tidak boleh ditahankan kehendak raja mempertahankan 1. mengikhtiarkan supaya tidak berubah mengusahakan supaya tetap kekal: kaum tua mahu tetap ~ adat yg mendapat kritikan paling hebat drpd kaum muda 2. tidak mahu melepaskan memegang teguh-teguh: kemerdekaan yg dicapai itu mesti dipertahankan 3. menjaga supaya tidak terancam dikuasai orang dll melindungi membela: jika kompeni menyerang Bonjol serahkan pd kami ~ negeri ~ diri tertahan 1. dapat ditahan tercegah terhambat terhenti tersekat: maka dilakukan serangan terus-menerus yg tiada ~ oleh musuh lama dia membiarkan nafasnya ~ 2.  tertahani sanggup mengekang atau mengawal perasaan dll sanggup menanggung kesakitan dll sabar: segala rakyat itu tiada lagi terderita tiada lagi ~ tiadalah boleh ~ lagi hati saya lalu tertawa besarlah saya tiadalah patik ~ hawa nafsu segala wujud patik ini tertahan-tahan tidak lancar langsung terhenti-henti terputus-putus: beliau terus bercerita dgn suara yg ~ tahanan 1. sesuatu yg menahan halangan rintangan: benda itu bergerak terus kerana tidak ada ~ 2. simpanan utk masa depan cadangan persediaan 3. sesuatu yg ditahan orang barang dll: kerajaan sepatutnya membantu dan memberi layanan baik kpd anak dan isteri orang ~ politik 4. tempat menahan orang penjara: saya telah dilemparkan ke dlm ~ selama lapan puluh enam hari 5. perihal menahan dlm penjara dll: beliau pernah meletakkan Perdana Menterinya dlm ~ rumah di Kahirah dahulu ketahanan keadaan tahan kuat sifat tahan atau keupayaan menanggung menderita dll sesuatu kebetahan hati kekuatan hati pertahanan 1. hal mempertahankan menjaga supaya selamat dll: hak ~ tubuh dan harta 2. perihal membela pembelaan: sekarang dgn tidak menerima ~ diriku engkau usir aku dr rumahmu 3. sesuatu spt kubu atau benteng yg digunakan utk mempertahankan diri dll drpd serangan perihal menjaga keselamatan negeri dll: kekuatan ~ awam Malaysia akan diperbesar memperkukuh ~ negara penahanan 1. perbuatan menahan menangkis penangkisan 2. perbuatan menahan mengekang pengekangan: ~ hawa nafsu 3. perbuatan tindakan menahan permohonan dll 4. perbuatan tindakan menahan orang drpd memasuki sesuatu kawasan dsb 5. perbuatan tindakan menahan mengurung memenjarakan dsb utk sementara sahaja pemenjaraan pengurungan: ~ mereka dianggap tidak sah penahan orang dll yg menahan penyekat perintang.Kamus Dewan Edisi Keempat[ta.han]  Definisi :menahan memasang jerat dll utk menangkap binatang ikan dll: ~ bubu tertahan sudah terpasang.Kamus Dewan Edisi Keempat[ta.han]  Definisi :~ turut tali dr puncak tiang ke bibir perahu kapal.Kamus Dewan Edisi Keempat[ta.han]  Definisi :1 tidak mudah rosak punah berubah dll tetap keadaannya walaupun mengalami berbagai-bagai hal: Kereta ini kalau dijaga dgn baik akan ~ bertahun-tahun. 2 sanggup menderita atau sanggup menanggung sesuatu: Siapa yg ~ menanggung seksaan yg sekejam itu 3 boleh cukup mencukupi memadai: Beras ini ~ utk seminggu. ~ air tidak dpt dimasuki air. ~ api tidak dpt terbakar. ~ hati teguh hati cekal hati. ~ lama tidak lekas rosak atau busuk. ~ lasak a. teguh bkn pakaian alat dll tidak mudah rosak. b. kuat dan cekap bekerja. bertahan 1 tidak berganjak dr tempatnya tidak berundur: Sekarang tentera Parsi ~ di dlm kubunya saja tidak mahu keluar. 2  ~ diri menjaga diri drpd serangan musuh. menahan 1 tidak membiarkan lepas mengalir lalu dll menyekat: Batas ini gunanya utk ~ air drpd mengalir keluar. 2 tidak membenarkan masuk pergi dll: Kerana kami tidak mempunyai surat kebenaran masuk pengawal itu telah ~ kami di pintu pagar istana. 3 memberi bersokong supaya tidak roboh runtuh menopang. 4 memasukkan ke dlm penjara memenjarakan: Dia telah ditahan oleh polis selama seminggu. 5 melambai-lambaikan tangan supaya bas kereta dll berhenti. ~ jerat a. memasang jerat. b. ki mengenakan atau melakukan tipu muslihat mencelakakan dgn tipu muslihat. menahankan 1 menjadikan tahan menjadikan tidak mudah rosak dll. 2 menggunakan sesuatu utk menahan. mempertahankan 1 menjaga supaya kekal atau supaya tidak berubah: ~ adat. 2 menjaga supaya tidak diserang dikuasai dirosakkan dll melindungi: ~ tanah air drpd serangan musuh. tertahan dpt ditahan tercegah terhenti tersekat: Serangan pasukan keselamatan tidak ~ oleh musuh. tertahan-tahan tidak berapa lancar bkn sesuatu terputus-putus terhenti-henti. tahanan 1 orang barang dll yg ditahan: Kerajaan membantu dan memberi layanan dgn baik kpd anak dan isteri orang-orang ~ politik. 2 tempat menahan orang penjara: Dia telah dimasukkan ke dlm ~ selama sebulan. 3 tindakan menahan dlm penjara dll: Beliau pernah meletakkan Perdana Menterinya dlm ~ rumah suatu masa dahulu. ketahanan sifat atau keadaan tahan kekuatan. pertahanan 1 perbuatan atau hal bertahan. 2 sesuatu yg digunakan utk mempertahankan atau utk melindungi. penahanan perihal perbuatan dsb menahan. penahan orang dll yg menahan penyekat penghalang.Kamus Pelajar Edisi Kedua,adjektif,Moderate
panjang,[pan.jang]  Definisi :1. lwn pendek: tali itu ~ penselnya masih ~ lagi 2. lwn lebar bujur: mukanya ~ 3. tinggi: badannya ~ lampai 4. berlarut-larut luas: cerita yg ~ berfikir ~ 5. lama: ~ umurnya 6. jarak dr hujung ke hujung di antara dua tempat lwn lebar: ~ sebuah bilik tiga meter lebih drpd lebarnya 7. jarak masa lama: ~ waktu siang di khatulistiwa sentiasa selama 12 jam ~ akal ingatan kira-kira tidak sempit pendek akal boleh berfikir baik-baik ~ bulat panjang dan bulat spt buluh bulat torak ~ ekor berani berbuat jahat melanggar peraturan ~ gelombang Fiz jarak di antara dua puncak gelombang yg bersebelahan ~ ikatan Kim jarak di antara dua nukleus atom yg terikat bersama dlm satu sebatian ~ lampai kecil tinggi badan ~ lanjut lebar dgn butir dan keterangan yg banyak ~ lidah mulut muncung suka mengadu atau menyampai-nyampaikan cakap orang suka menceritakan hal orang ~ nafas tidak pendek nafas boleh berlari jauh ~ pendek panjang atau pendek ~ tangan suka mencuri ~ tangkai Mn hujan ~ umur usia lama hidup ~ langkah singkat pinta permintaan prb sudah sampai ajal meninggal dunia ditindih yg berat dililit yg ~ prb kemalangan yg tidak dapat dielakkan hendak ~ terlalu parah prb hendak meninggikan diri sangat akhirnya jatuh kalau ~ beri beruas kalau pendek beri berbuku prb sebelum berbuat sesuatu tentukan aturan-aturannya supaya tidak kacau mendapat ~ hidung prb mendapat malu sama ~ dgn urat perut belikat prb terlalu bohong sudah ~ langkahnya prb sudah meninggal sepanjang 1. sejauh mengikut panjang: matanya menyelusur ke ~ tembok itu ia pun menyuruh membuat kubu ~ sungai itu 2. segenap waktu selama seluruh: ~ perjalanan itu mereka terus berbual-bual ia memandang muka kawannya yg ~ masa tunduk sahaja ~ tahun selama setahun penuh 3. mengikut pada: ~ pengetahuan saya penyakit ini tiada namanya dlm bahasa Melayu ~ yg ketahui oleh mereka berpanjang ~ kalam menceritakan dgn lanjut panjang lebar ~ madah bercakap banyak-banyak berpanjang-panjang bercakap dgn panjang lebar: janganlah saudara ~ kerana kita sudah tidak ada masa lagi berpanjangan berpanjang-panjangan berlanjut-lanjut berlanjutan tidak berkeputusan berterus-terusan: inginkah saudara soal ini diusut berpanjang-panjangan kemesraan yg ~ memanjang 1. menjadi panjang lanjut: spring itu ~ tepuk tangan yg ~ 2. mengikut panjang membujur: potong sekeping kain ikut tepi atau ~ 3. terletak dll mengikut panjang tidak melintang: di ampaian di tepi beranda yg ~ bangunan itu bergantungan pakaian kerja memanjangkan 1. menjadikan panjang melanjutkan meneruskan: dan Tuk Hassan Temenggung yg pertama melabuhkan baju Melayu dan membesarkan pangkal lengan dan ~ tangan baju aku bersyukur kpd Tuhan yg telah ~ umurku keadaan ini akan menyebabkan pemulihan ekonomi tidak dapat dikekalkan serta ~ kemelesetan yg sedang berlaku 2. menyampaikan: segala keputusan yg dibuat akan dipanjangkan kpd kerajaan memperpanjang menjadikan lebih panjang: jalan-jalan raya akan dibina diperpanjang dan diperlebar dlm kawasan-kawasan yg berpenduduk padat panjangan lanjutan kepanjangan 1. perihal panjang lama dll kelanjutan: kata pengantar yg ditulisnya itu memang panjang satu ~ yg disengajakan 2. terlalu panjang: nampak seolah-olah kaki dan lengannya ~ berkepanjangan berpanjang-panjangan berpanjangan: abang memohon doa yg ~ drpd engkau zaman yg ~ pemanjangan perihal atau perbuatan memanjangkan: Hukum Hooke menyatakan bahawa ~ dawai atau spring itu adalah berkadar dgn beban pd dawai-dawai atau spring itu pemanjang sesuatu yg memanjangkan: huruf ~ bunyi.Kamus Dewan Edisi Keempat[pan.jang]  Definisi :Pr panggilan kpd anak lelaki keempat.Kamus Dewan Edisi Keempat[pan.jang]  Definisi :1 banyak ukurannya dr hujung ke pangkal jauh jaraknya tidak pendek: Sungai mana yg paling ~ di Malaysia 2 banyak masanya atau tempohnya tidak sekejap lama: Kalau umur ~ kita akan berjumpa lagi. 3 jarak atau ukuran dr hujung ke pangkal jauh di antara dua sempadan: Berapa kilometerkah ~nya Sungai Pahang ~ akal fikir dpt berfikir dgn baik. ~ bulat panjang serta bulat bentuknya spt bentuk buluh. ~ ekor berani berbuat sesuatu kejahatan atau melanggar peraturan. ~ lampai bentuk badan yg kecil tinggi. ~ tangan suka mencuri. ~ umur lama hidupnya. berpanjang-panjang bercakap dgn panjang lebar: Dlm hal ini tak usahlah saudara ~ kerana kami semua sudah maklum. berpanjangan berlaku terus-menerus tidak ada sudahnya berterusan: Pergaduhan antara dua kumpulan orang Cina itu berlaku ~. memanjang 1 menjadi panjang: Apabila kamu sudah dewasa rambut dan kuku kamu akan terus tumbuh ~. 2 terletak mengikut panjang sesuatu tidak melintang: Banjaran Gunung Titiwangsa ~ dr utara Perak-Kelantan sampai ke selatan Negeri Sembilan. memanjangkan menjadikan panjang menambahkan supaya panjang: Angsa itu ~ lehernya lalu mengejar Amir. memperpanjang menjadikan lebih panjang. sepanjang 1 tempat mengikut panjang sesuatu benda sejauh: Raja Haji memerintah rakyatnya membuat kubu di ~ pantai. 2 dr awal hingga ke akhir tidak terputus masanya segenap: Sesiapa yg berbuat jasa mulia namanya ~ masa. 3 menurut apa-apa yg ada pd berdasar pd: ~ pengetahuanku mereka tidak pernah datang ke sini.Kamus Pelajar Edisi Kedua,adjektif,Moderate
kemajuan,[ke.ma.juan]  Definisi :perihal maju taraf hidup dll: ~ yg tercapai dlm masa sepuluh tahun ini dapat dibanggakan ~ material kemajuan yg berkaitan dgn aspek kebendaan spt kemajuan ekonomi ~ roha-niah kemajuan yg berkaitan dgn aspek kerohanian spt etika moral dsbKamus Dewan Edisi Keempat[ke.ma.juan]  Definisi :keadaan maju ketinggian taraf dll.Kamus Pelajar Edisi Kedua,adjektif,Moderate
mampan,Definisi :mampu mengekalkan pencapaian atau prestasi yg baik bkn ekonomi pembangunan dsb.Kamus Dewan Edisi KeempatDefinisi :mampu terus berkembang dan mencapai tahap prestasi yg baik bkn ekonomi pembangunan dsb.Kamus Pelajar Edisi Kedua,-,-
daya,[da.ya]  Definisi :1. kekuatan tenaga keupayaan kemampuan: ~ pengangkutan lori itu dua tan sahaja usaha-usaha utk meninggikan ~ pengeluaran ~ berfikir 2. akal ikhtiar jalan utk sesuatu habis segala ~ habis ikhtiar seribu ~ bermacam-macam akal ikhtiar 3. muslihat tipu tipu ~ tipu muslihat ~ batin kekuatan batin ~ cipta keupayaan kebolehan mencipta ~ fikir kekuatan atau keupayaan utk menggunakan akal fikiran ~ ghaib kuasa ghaib spt kesaktian dsb ~ gerak kekuatan utk bergerak ~ ingatan kekuatan atau keupayaan fikiran utk mengingat sesuatu atau seseorang ~ juang kemampuan utk berjuang atau memperjuangkan sesuatu dgn gigih ~ kuda Fiz unit utk mengukur tenaga enjin dll kuasa kuda ~ penarik tarik kekuatan kebolehan utk menarik sesuatu benda orang dll ~ tahan kemampuan utk mempertahankan diri atau bertahan drpd sesuatu ancaman bahaya penyakit dsb ~ usaha  ~ utama kegiatan usaha utk memelopori sesuatu sedaya  sedaya upaya berdaya 1. mempunyai tenaga bertenaga berupaya: mereka sudah terlalu keletihan dan tidak ~ lagi 2. mempunyai kemampuan keupayaan: aku tidak ~ membalas budinya tujuannya supaya kita berdisiplin bersistem dan ~ menyelesaikan sesuatu persoalan yg rumit 3. mempunyai muslihat fikiran ikhtiar memperdaya memperdayakan mendaya mendayakan menjalankan tipu daya muslihat menipu: apabila sudah begitu mudahlah mereka mendayakan kami spt yg sudah diperdayakannya beberapa orang pelayan mendayai 1. menipu mengakali 2. mempengaruhi 3. memberi tenaga kekuatan dsb terdaya termampu bertenaga berkemampuan berkeupayaan: jangan-jangan dia tidak ~ hendak menjalankan kerjanya nanti hanya lima sen minyak utk pelita itu sahaja yg ~ oleh mereka setiap petang terperdaya terkena tipu daya muslihat tertipu kedayaan kebolehan membuat sesuatu perdayaan tipu daya tipu muslihat: tidak baik bertunang lama-lama takut tidak terlawan ~ iblis nanti pendayaan perihal perbuatan mendayai atau mendayakan penipuan.Kamus Dewan Edisi Keempat[da.ya]  Definisi : barat ~ mata angin atau arah di antara barat dgn selatan.Kamus Dewan Edisi Keempat[da.ya]  Definisi :1 tenaga kekuatan kemampuan: Dia kehabisan ~ utk mendaki bukit itu. 2 akal ikhtiar muslihat: Dia mencari ~ hendak menipu orang itu. ~ cipta kebolehan mencipta. ~ fikir keupayaan atau kekuatan utk menggunakan akal fikiran. ~ ghaib kuasa ghaib. ~ graviti kuasa tarikan antara dua benda terutamanya kuasa yg menarik benda-benda ke bumi. ~ guna kemampuan utk mendatangkan hasil atau faedah: Peladang dan pesawah berusaha utk meningkatkan ~ guna tanah mereka. ~ ingatan keupayaan atau kekuatan utk mengingat sesuatu atau seseorang. ~ juang kemampuan utk mempertahankan atau mencapai sesuatu dgn sungguh-sungguh. ~ kuda satuan utk mengukur tenaga enjin dll. ~ penarik a. kebolehan utk menarik sesuatu. b. kebolehan utk menarik hati orang lain. ~ sawat kuasa atau tenaga yg dikeluarkan dihasilkan oleh sesuatu pesawat. ~ utama usaha kegiatan atau usaha utk memulakan sesuatu. berdaya bertenaga berupaya mampu: Samad tidak ~ hendak mengangkat peti itu. Dia tidak ~ hendak membayar hutang-hutangnya. mendayai 1 memberi daya kekuatan kpd. 2 mengenakan pengaruh pd mempengaruhi. 3 mengenakan tipu helah pd mengakali. memperdaya melakukan tipu helah muslihat menipu: Dlm cerita kanak-kanak sang kancil selalu ~ binatang-binatang hutan yg lain. terdaya berkemampuan membuat sesuatu berupaya bertenaga terbuat: Tidak ~ olehnya mengangkat tong yg berat itu. terperdaya tertipu: Perempuan itu telah ~ oleh rayuan dan pujukan lelaki yg tidak bertanggungjawab itu.Kamus Pelajar Edisi Kedua,-,-
ekonomi,[é.ko.no.mi]  Definisi :ékonomi 1. ilmu bkn pengeluaran pengagihan penggunaan barang-barang dan perkhidmatan: beberapa orang penuntut ~ sedang membantu Kementerian Buruh menyelidiki keadaan pengangguran sekarang ini ahli ~ orang yg pakar dlm bidang ekonomi 2. sistem pengeKamus Dewan Edisi Keempat[é.ko.no.mi]  Definisi :ékonomi 1 ilmu ttg asas-asas pengeluaran pembahagian penggunaan barang-barang dan perkhidmatan serta masalah-masalah kewangan kemasyarakatan dll yg bersangkutan dgnnya. 2 keadaan kekayaan atau kebendaan sesebuah negara dll: Kedudukan ~ negara semakin kukuh. 3 urusan ttg perkara-perkara rumah tangga spt perbelanjaan penggunaan barang-barang. 4 tidak boros hemat. ~ campuran sistem ekonomi yg sebahagian sumbernya dikawal oleh sektor awam dan sebahagian lagi dikawal oleh sektor swasta. ~ terbuka ekonomi yg melibatkan perdagangan sesebuah negara dgn negara yg lain. ~ tertutup ekonomi yg tidak melibatkan perdagangan antarabangsa iaitu tidak wujud aktiviti import dan eksport barangan atau bahan pengeluaran. berekonomi 1 menjalankan sesuatu usaha menurut ilmu ekonomi. 2 bercermat atau berhati-hati dlm menggunakan wang berhemat. mengekonomikan membelanjakan wang dgn hati-hati menghematkan: Utk tujuan ini beliau telah ~ segala perbelanjaan seberapa yg dpt. perekonomian hal-hal atau kegiatan-kegiatan ekonomi.Kamus Pelajar Edisi Kedua,-,-
turut,[tu.rut]  Definisi :1. pergi bersama: saya ~ ke mana dia pergi 2. bersama-sama melakukan ditimpa dll sesuatu tidak terkecuali drpd sesuatu kejadian perbuatan dll ikut serta: Ahmad yg ~ terbunuh oleh serangan hendap itu baru semalam ditemui mayatnya ~ serta bersama-sama mengikuti melibatkan diri dalam melakukan dll sesuatu 3. patuh kpd undang-undang janji dll taat kpd: sekiranya kamu ~ akan nasihat ini berbahagialah kamu ~ campur mencampuri urusan atau hal orang lain ~ serta ikut serta melakukan sesuatu dll pak ~ orang yg sentiasa mengikut meniru dll orang lain seturut 1. sepanjang yg dihebahkan dicerita-kan dll 2. tidak bersalahan dgn sesuai dgn adat dll selaras dgn 3. langsung selepas sebaik sahaja: Bujal menggeleng kepala ~ dgn keluhannya berturut bersusun mengikut peraturan berikutan dgn teratur tidak ada antara: cari dua angka ganjil yg ~ dgn syarat selisih di antara ganda dua satu angka dgn yg lain itu 48 berturut-turut berturutan 1. tidak ber-antara antara satu dgn lain lepas satu-satu terus-menerus dgn teratur tidak berselang tidak berhentinya beruntun-runtun bersam-bung-sambung: beliau telah kalah dlm tiga pilihan raya kecil kpd parti lawannya secara ~ 2. terus melakukan sesuatu dgn tiada henti-nya bertubi-tubi berulang-ulang: maka meriam pun sudahlah diisi lalu ditembaknya tiga pucuk ~ berturuti Mn dipercayai dan dipakai per-cakapan dll diikuti nasihat dll dipatuhi menurut 1. berjalan dll mengikut jalan garis hala dll yg tertentu tidak menyimpang dr jalan dll yg tertentu: ~ jalan yg benar 2. mencontohi perbuatan orang lain dll meneladan meniru: telah dilihat oleh Cina diturutnya sebab itulah maka Cina gemar makan kangkung sampai sekarang 3. mengikut apa yg disuruh diperintah dll tidak melawan patuh kpd: maka segala orang itu pun semuanya ~ spt kata penghulunya 4. meluluskan permintaan kehendak dll memenuhi syarat ketentuan dll menyam-paikan harapan dll: Balzac tidak akan dapat melahirkan karya-karyanya yg agung itu jika ia ~ kehendak orang tuanya utk bertugas sbg seorang ahli undang-undang 5. mengikut berjalan dll mengekori dr belakang: dia berjalan menuju ruangan yg di sebelah barat bangunan aku ~nya dr belakang 6. spt yg dikhabarkan diberitakan dihebahkan dll sepanjang berita dll: ~ yg diketahui sebanyak satu suku juta ringgit harga saham telah terjual 7. sesuai dgn tidak bertentangan dgn tidak melanggar syarat dll selaras dgn: hari ini ~ pendapat orang alim ialah hari yg baik 8. tidak bersalahan drpd serupa dgn: rupanya ~ rupa neneknya 9. ikut serta melakukan sesuatu dll turut serta: Sultan Mansor Shah pun ~ menyebut nama Hang Tuah itu Laksamana 10. bergantung pd: maju mundurnya dlm pelajarannya ~ kerajinan-nya ~ lagu mengikut irama atau rentak lagu ~ pusingan jam mengikut arah pusingan jarum jam turut-menurut 1. saling menurut ikut-mengikut tidak tentang-menentang 2. ark menurut sahaja fikiran orang dll ikut-ikutan menuruti 1. mengikut dr belakang meng-ekori mengikut: Ismail berganding dgn Lamah berjalan lambat-lambat menuju ke kereta Bibah ~ mereka dr belakang dgn wajah usang 2. tidak menegah melarang meluluskan pem-berian dll memberi: diturutinya sahaja ke-mahuan cahaya matanya yg tunggal itu 3. menurut akan nasihat dll tidak menentang mematuhi: ia ~ kehendak suaminya 4. men-jadikan sesuatu sbg contoh teladan mencontohi: jangan dituruti kerana ia orang yg tidak tahu bahasa menurutkan 1. mengikut berjalan dll di belakang sesuatu mengiringkan: mereka berjalan ~ orang tua mereka 2. tidak mene-gahkan melarangkan mengikut kehendak hati dll melayani memberi: dr satu bandar ke satu bandar yg lain dia berpindah-pindah ~ hati 3. mendasarkan pd menjadikan sbg dasar: kerendahan budi selama ini hanya diperintahi oleh perasaan hati tidak ~ per-timbangan yg adil memperturut sl mengejar dr belakang menghambat: berundurlah mereka balik ke perkhemahannya diperturut oleh tentera Kembayat memperturutkan 1. membiarkan bersama-sama melakukan sesuatu dll membiarkan turut tidak mengecualikan 2. tidak melarang-kan menegahkan mengikuti kemahuan ke-hendak dll mematuhi menurutkan: sekali-kali jangan diperturutkan rasa kecewa yg mungkin menjadikan orang putus asa 3.  memperturut-turutkan melakukan sesuatu berkali-kali mempertubi-tubi: perajurit itu pun segeralah berlari-lari serta menikam dada Tun Tuah diperturut-turutkannya tikaman itu turutan 1.  turut-turutan sesuatu yg diturut dicontohi diikuti dll contoh teladan: maka iaitu patutlah menjadi ~ dan teladan bagi segala orang yg terkemudian 2. yg berturut-turut berikut-ikut 3. yg ikut atau turut bersama orang ~ orang yg turut ikut turut-turutan 1. sesuatu yg diturut contoh teladan turutan 2. selalu menurut kata dll orang lain ikut-ikutan: dia tidak mahu menjadi petani ~ perturutan 1. perihal berturut-turut beruntun-runtun 2. kelanjutan seperturutan sl sama perbuatan kelakuan dll dgn mengikut-ikut orang lain: jika engkau ~ dgn dia engkau pun terbawa-bawa penurut 1. tidak membantah melawan dll suka menurut patuh taat 2. orang yg meng-ikut pengikut.Kamus Dewan Edisi Keempat[tu.rut]  Definisi :1 ikut atau pergi bersama: Saya ~ ke mana-mana saja suami saya pergi. 2 bersama-sama melakukan sesuatu atau bersama-sama ditimpa sesuatu kejadian dsb tidak terkecuali drpd: Ia ~ mati lemas kerana terperangkap dlm kereta yg tenggelam itu. ~ campur bersama mencampuri urusan atau hal orang lain. ~ serta ikut serta melakukan sesuatu. pak ~ orang yg sentiasa mengikut atau meniru orang lain. berturut berikut atau bersusun dgn teratur. berturut-turut 1 lepas satu satu terus-menerus dgn teratur tidak berselang antara satu dgn yg lain: Pasukan itu telah kalah tiga kali ~. 2 terus melakukan sesuatu dgn tidak henti-henti berulang-ulang: Ia menembak musuh ~. menurut 1 mencontoh perbuatan orang lain meniru. 2 patuh atau taat mengikut apa-apa yg diperintahkan: Ia ~ saja apabila disuruh oleh ketuanya. 3 mengikut dr belakang: Dia sentiasa ~ ke mana saja bapanya pergi. 4 spt yg diberitakan atau spt yg dikhabarkan: ~ akhbar tsb lebih drpd dua puluh orang telah tercedera dlm kemalangan itu. 5 tidak menyimpang dr jalan tertentu: Kereta api itu berjalan ~ rel. 6 tidak membantah ttg permintaan kehendak dll: Ia ~ segala kehendaki isterinya. turut-menurut tidak tentang-menentang saling menurut. menuruti mengikut seseorang atau sesuatu dr belakang mengekori. menurutkan mengikut kehendak hati nafsu dsb tidak membantah kehendak hati dsb: ~ hati. memperturutkan 1 menjadikan berturut-turut melakukan sesuatu berkali-kali: Kerana terlalu marah dia ~ pukulannya terhadap orang itu. 2 membiarkan atau membuat supaya bersama-sama melakukan sesuatu membiarkan turut: Ketua Pengarah ~ lima orang pegawainya dlm seminar itu. turutan 1 sesuatu yg diturut teladan. 2 yg berturut-turut atau yg berikut-ikut. 3 yg turut bersama yg menurut: orang ~ orang yg turut bersama. perturutan hal atau keadaan berturut-turut. penurutan perbuatan hal dsb menurut menuruti atau menurutkan. penurut 1 suka mengikut atau suka menurut tidak membantah atau tidak melawan patuh. 2 orang yg menurut pengikut.Kamus Pelajar Edisi Kedua,-,-
dikongsikan,-,-,-
adalah,[a.da.lah]  Definisi :1. sl sesungguhnya digunakan pd permulaan ayat kenyataan dsb: ~ makam ini dikurniai raja kpd aku barang siapa hendak duduk bayarkan sewanya kpd aku 2. ialah utk menghubungkan sesuatu yg diperkatakan dgn huraian penjelasan dsb yg mengenainya: hadiah itu ~ utk murid terpandaiKamus Dewan Edisi Keempat[a.da.lah]  Definisi :1 digunakan pd permulaan cerita ada: ~ seorang pemuda yg miksin. 2 digunakan utk menghubungkan subjek atau benda dgn predikat atau ceritanya: Kemalangan itu ~ yg paling ngeri yg pernah kulihat.Kamus Pelajar Edisi Kedua,-,-
perindustrian,[per.in.dus.trian][pe.rin.dus.trian]  Definisi :perihal industri yg berkaitan dgn industri:Kamus Dewan Edisi Keempat[per.in.dus.trian][pe.rin.dus.trian]  Definisi :hal mengenai industri.Kamus Pelajar Edisi Kedua,-,-
baharu,Definisi :barumembaharui 1. membaiki melakukan sesuatu mengubah dll supaya sesuatu itu menjadi baharu: jalan itu sudah dibaharui 2. mengulangi lagi: dia tidak ~ pertanyaannya 3. memulakan sesuatu semula: rakyat membuka kampung utk ~ hidup masing-masing 4. menggantikan atau menukarkan sesuatu dgn yg baru atau yg mempunyai tempoh kuat kuasa dsb yg baru: pokok ini tidak payah ~ daunnya ~ lesen memandumemperbaharu menjadikan sesuatu lebih baharukebaharuan sifat-sifat baru anasir-anasir baru: satu contoh ~nya ialah bahawa ia ada memuatkan petikan-petikan drpd karangan-karangan bahasa Melayu-Indonesia pembaharuan perihal perbuatan dll membaharui: mereka ini hendak membawa satu ~ dlm agama Islam mereka hanya cenderung kpd isi sehingga yg dimaksudkan oleh mereka sbg ~ ialah ~ isi belakapembaharu orang yg membawa pembaharuan: A. Latiff Mohidin merupakan ~ dlm perpuisian Melayu.Kamus Dewan Edisi KeempatDefinisi :baru.Kamus Pelajar Edisi Kedua,-,-
antaranya,-,-,-
kdnk,Definisi :kep Keluaran Dalam Negara Kasar.Kamus Dewan Edisi Keempat,-,-
sebanyak,[se.ba.nya]  Definisi :sama banyak: tidak ada wangku ~ itu sedikit ~ sekurang-kurangnyaKamus Dewan Edisi Keempat[se.ba.nya]  Definisi :sama banyak dgn: Wang saya tidak ~ itu.Kamus Pelajar Edisi Kedua,-,-
peratus,[pe.ra.tus]  Definisi :1.  perseratus seperatus satu di-bahagi dgn seratus   2. persen: sepuluh ~ 10 seratus ~ a 100 b ki seluruhnya semuanya tanpa kekecualian lagi: kekotoran dan kedurjanaannya sudah seratus ~ terdedahKamus Dewan Edisi Keempat[pe.ra.tus]  Definisi :drpd seratus: sepuluh ~ 10.Kamus Pelajar Edisi Kedua[pe.ra.tus]  Definisi :dibahagikan dgn seratus persen.Kamus Pelajar Edisi Kedua,-,-
pada,Definisi :1. kata sendi nama yg bererti di: ~ bulan Januari dlm ~ itu sementara sambil itu 2. kata sendi nama yg bererti terhadap: Bang Uda marah tak ~ Ida 3. dalam menurut mengikut: ~ fikirannya ~ hatinya ~ sangkanya 4. buat bagi: ~nya dunia ini bukan tempat mencari kesusahan 5. sl akan untuk: bab ~ menyatakan 6. dari daripada: ~ bercerai mahulah mati ~ jadi Komunis biarlah dia mati.Kamus Dewan Edisi KeempatDefinisi :1. tidak kurang dan tidak lebih cukup: kaum kita hidup ~ dgn sesuap nasi 2. berasa puas senang berasa cukup: hatinya belum ~ asal ada kecil pun ~ prb asalkan ada tidak banyak sedikit pun cukuplah berpada mencukupi: dlm keadaan serba sederhana dan ~ berpada-pada 1. elok-elok cukup tidak berlebih-lebihan: amatlah sukar hendak menentukan sama ada sesuatu perbuatan itu ~ atau melebihi batasan-batasan yg dihadkan 2. agak cukup walaupun tidak banyak lumayan sedang memadai mencukupi dapat mengisi atau memenuhi kehendak peraturan dll: rang undang-undang ini ~lah diluluskan oleh Dewan Rakyat makanan semata-mata tidak ~ memada-memadai membuat seelok-elok cukup sahaja memadakan 1. menjadikan pada menganggap pada: apabila malam dipadakanlah tidur bertikar 2. membiarkan mendiamkan: orang tua mahulah sabar dan ~ kelakuan orang muda 3. menjadikan puas memuaskan: ~ hati terpada tak ~ tidak boleh ditandingi terlalu sangat.Kamus Dewan Edisi KeempatDefinisi :sama-sama ramai-ramai melakukan sesuatu: ibu-ibu itu ~ duduk mengobrol mereka ~ berebut minta makanan burung-burung sudah ~ resah menunggu.Kamus Dewan Edisi KeempatDefinisi :1 kata nama arah yg menunjukkan tempat atau diri seseorang: Buku itu masih ada ~ saya. 2 kata sendi nama yg digunakan utk menunjukkan waktu atau utk menunjukkan kata nama abstrak dlm pembentukan frasa atau ayat: ~ masa ini ~ pendapatnya perkara itu mudah saja. dlm ~ itu sementara itu dlm hal itu. 3 kata sendi nama utk menunjukkan tempat yg terhad: Terdapat tahi lalat ~ pipinya.Kamus Pelajar Edisi KeduaDefinisi :1 tidak kurang dan juga tidak lebih drpd yg patut cukup: Asal ada kecil pun ~. 2 berasa senang kerana sudah sampai hajatnya puas: Dgn harta yg sebanyak itu hatinya masih belum ~ juga. berpada-pada 1 tidak berlebih-lebihan melakukan sesuatu berbuat sesuatu dgn seada-adanya: Buat baik ~ buat jahat jangan sekali. 2 cukup juga walaupun tidak banyak. memadai dpt mengisi atau dpt memenuhi kehendak dll mencukupi: Segelen minyak petrol tidak ~ keperluan utk menghidupkan enjin kapal terbang yg besar. memadakan 1 menjadikan pada menganggap cukup mencukupkan: Dia ~ gajinya yg kecil itu dgn berjimat-jimat. 2 menjadikan puas memuaskan: Dia berbuat begitu utk ~ hatinya.Kamus Pelajar Edisi Kedua,-,-
suku,[su.ku]  Definisi :1. sl kaki ~ lembu kaki lembu 2. tiga bulan 3. Kd Pl seperempat ringgit 25 sen 4. Id setengah rupiah 5.  ~ emas sj wang emas yg digunakan juga sbg ukuran berat emas 6. sebahagian drpd bahagian ~ kata satuan bunyi yg diucapkan sekali dlm sesuatu kata bahagian kata 7. satu drpd empat bahagian seperempat dlm matematik 8.  suku-sakat 9. Mn NS golongan orang yg seketurunan drpd sebelah ibu kaum keluarga yg seketurunan drpd sebelah ibu: maka menyembahlah penghulu yg empat ~ serta lembaga yg dua belas ~ 10.  ~ bangsa golongan bangsa yg menjadi bahagian kpd bangsa yg besar: mereka ialah orang asli drpd Kacir dan ~ Shan ~ Jawa 11. Kl Ph Tr terpisah berasingan duduk ~ duduk berasingan di rumah dll ~ abad dua puluh lima tahun ~ batu seperempat batu yg bersamaan dgn 440 ela atau 402 meter ~ jam lima belas minit ~ kalimat bahagian drpd sesuatu kalimat ~ tahun tiga bulan dlm setahun ~ tak boleh dianjak malu tak boleh diagih prb orang sesuku sehina semalu hina seorang hina semuanya malu seorang malu semuanya dekat mencari ~ jauh mencari hindu prb mencari pertalian keluarga menyusurgalur bersuku 1. sl berkaki 2. mempunyai suku bahagian-bahagiannya berbahagian 3. berkeluarga berwaris berkaum masuk dlm salah satu suku tidak ~ a tidak termasuk dlm sesuatu suku b tidak tahu adat biadab bersuku-suku berkelompok berkumpul dll mengikut suku masing-masing berkelompok-kelompok berpuak-puak: mereka hidup dgn ~ atau berpuak-puak sukuan 1. Mat bahagian yg besarnya suku drpd bulatan 2. menunjukkan atau mengandungi unsur-unsur ciri-ciri dsb yg berkaitan dgn sesuatu suku bangsa yg ada kaitannya atau hubungannya dgn sesuatu suku bangsa: bahasa ~ sastera ~ kesukuan perihal suku bersifat suku: kadangkala kita terbaca puji-pujian yg ditujukan khas kpd orang Bugis sekali lagi menunjukkan sikap ~nya persukuan perihal hidup bersuku-suku berpuak-puak menurut suku adat bersukusuku: akan ditegakkan rumah utk isteri di atas tanah kepunyaan ~ sendiri sepersukuan sama asal keturunannya sama sukunya seketurunan: yg seorang mengatakan Leman adalah ~ yg lain mengatakan bertali darah.Kamus Dewan Edisi Keempat[su.ku]  Definisi :1 sebahagian drpd sesuatu yg telah dibahagi empat seperempat : ~ jam 15 minit ~ tahun tiga bulan. 2 golongan orang yg seketurunan dr sebelah ibu dlm adat perpatih: Tiap-tiap satu ~ diketuai oleh seorang lembaga. 3  ~ bangsa golongan bangsa sbg sebahagian drpd satu bangsa yg lebih besar: ~ Jawa ~ Ambon. 4 sastera lama kaki: ~ lembu kaki lembu. ~ batu seperempat batu 440 ela. ~ kata satuan bunyi yg menjadi unsur dlm sesuatu kata spt ma dan kan pd perkataan makan atau ku dan ku pd perkataan kuku. ~-sakat golongan orang yg seketurunan saudara-mara. bersuku 1 mempunyai suku mempunyai bahagian. 2 masuk dlm sesuatu suku bkn adat perpatih. bersuku-suku berkelompok-kelompok mengikut suku masing-masing. sukuan bahagian yg besarnya sesuku drpd satu bulatan.Kamus Pelajar Edisi Kedua,-,-
kedua,-,-,-
peratus,[pe.ra.tus]  Definisi :1.  perseratus seperatus satu di-bahagi dgn seratus   2. persen: sepuluh ~ 10 seratus ~ a 100 b ki seluruhnya semuanya tanpa kekecualian lagi: kekotoran dan kedurjanaannya sudah seratus ~ terdedahKamus Dewan Edisi Keempat[pe.ra.tus]  Definisi :drpd seratus: sepuluh ~ 10.Kamus Pelajar Edisi Kedua[pe.ra.tus]  Definisi :dibahagikan dgn seratus persen.Kamus Pelajar Edisi Kedua,-,-
atau,-,-,-
memacu,[me.ma.cu]  Definisi :1. menggesa kuda dgn menusukkan pacu supaya berlari deras: maka Arung Lenga pun ~ kudanya 2. ki melarikan deras-deras kereta dll: dipacunya motosikalnya dgn laju 3.  memacukan memperlumbakan 4. menggerakkan sesuatu kegiatan ekonomi pembangunan dsb dgn lebih cepat atau pesat memesatkan: beberapa strategi utk ~ pertumbuhan ekonomi negara mereka berjaya menggunakan pengetahuan dan pengalaman utk ~ perniagaan masing-masingKamus Dewan Edisi Keempat[me.ma.cu]  Definisi :1 menggesa kuda dgn pacu supaya kencang larinya: Ketika itu juga Nikman ~ kudanya pergi memeriksa pasukan askarnya. 2 mengencangkan perjalanan kereta motosikal dll: Dia ~ keretanya di medan perlumbaan. 3 menggerakkan sesuatu kegiatan ekonomi pembangunan dsb dgn lebih cepat atau pesat memesatkan: Beberapa strategi telah dilaksanakan utk ~ pertumbuhan ekonomi.Kamus Pelajar Edisi Kedua,kata nama,High
jangka,[jang.ka]  Definisi :1.  ~ lukis alat berkaki dua yg dapat dilebarkan atau disempitkan kakinya utk membuat bulatan mengukur jarak pd peta dll 2. alat utk membelah daun mengkuang atau daun pandan menjadi jalur-jalur kecil 3. alat menyukat atau mengukur sesuatu suhu arus elektrik dll ~ bunyi alat utk menguji pendengaran orang pekak atau utk menguji bunyi ~ cahaya alat utk menyukat atau membandingkan kekuatan cahaya drpd sumber yg berbeza fotometer ~ galvani alat utk menyukat arus elektrik galvanometer ~ halus alat utk mengukur jarak atau sudut yg kecil dgn tepat mikrometer ~ hayat jangka masa atau tempoh hidup seseorang atau kegunaan sesuatu alat jentera dll ~ kalori alat utk menyukat banyaknya haba yg dikeluarkan diserap atau dialirkan kalorimeter ~ laju alat utk menyukat laju meter laju ~ lembap alat utk menyukat banyak atau sedikitnya wap air dlm udara higrometer ~ sudut alat utk mengukur atau melukis sesuatu sudut protraktor ~ suhu alat utk menyukat tinggi rendah suhu pd sesuatu ketika termometer ~ tekanan alat utk menyukat tekanan udara barometer ~ tekanan gas alat utk menyukat tekanan gas manometer ~ tinggi alat utk menyukat tinggi tempat dr paras muka laut altimeter ~ tolok alat utk membuat bulatan lengkok ruang dan menentukan jarak jauh ~ tumpat alat utk menyukat ketumpatan sesuatu cecair hidrometer.Kamus Dewan Edisi Keempat[jang.ka]  Definisi : ~ masa  ~ waktu masa yg telah ditetapkan atau dirancang utk pelaksanaan penyelesaian dsb sesuatu tempoh masa yg agak panjang peringkat masa: pekerjaan itu harus kamu siapkan dlm ~ waktu dua bulan ~ pertama peringkat masa pertama dlm ~ yg terbatas dlm waktu yg terbatas melampaui ~nya a melampaui masa yg telah ditentukan b melampaui had yg telah ditetapkan rancangan ~ panjang pendek rancangan yg memakan masa yg lama singkat sampai ~nya sampai waktunya masanya tiada ~nya tiada batasnya hadnyaKamus Dewan Edisi Keempat[jang.ka]  Definisi :harapan niat tujuan: ~ teman makan anak-beranak lepaslah menjangka mengharapkan: dia mencuba menenangkan fikirannya itu dgn berbagai-bagai alasan yg dijangka dapat memujuk hatinya.Kamus Dewan Edisi Keempat[jang.ka]  Definisi :1 alat utk memotong daun mengkuang supaya menjadi jalur-jalur kecil. 2 alat utk menyukat atau utk mengukur sesuatu. ~ bunyi alat utk menguji pendengaran orang pekak atau utk menguji bunyi. ~ cahaya alat utk menyukat kekuatan cahaya fotometer. ~ galvani alat utk mengesan dan menyukat arus elektrik galvanometer. ~ kalori alat utk menyukat haba yg dihasilkan oleh bahan tertentu akibat drpd sesuatu tindak balas dsb kalorimeter. ~ laju alat utk menyukat lajunya perjalanan sesebuah kenderaan spt dlm kiraan kilometer per jam. ~ lembap alat utk menyukat wap air dlm udara higrometer. ~ lukis alat berkaki dua yg dpt dilebarkan atau disempitkan utk membuat bulatan atau utk mengukur jarak pd peta. ~ sudut alat utk menyukat atau melukis sudut protraktor. ~ suhu alat utk menyukat suhu termometer. ~ tumpat alat utk menyukat ketumpatan sesuatu cecair. menjangka 1 memotong daun mengkuang dgn jangka. 2 mengukur dgn jangka.Kamus Pelajar Edisi Kedua[jang.ka]  Definisi :1 masa ukuran ruang yg telah ditentukan lamanya panjangnya luasnya dsb: Dlm ~ enam bulan rumah itu akan siap. 2 tingkat atau had masa dlm sesuatu usaha peristiwa dsb: ~ panjang dlm tingkat atau had masa yg panjang lama ~ pendek dlm tingkat atau had masa yg pendek singkat. menjangka 1 menentukan lama waktu atau apa-apa yg hendak dilakukan: Dia ~ buku itu akan siap dlm masa dua minggu lagi. 2 menduga menyangka: Saya telah ~ hal ini akan terjadi. jangkaan apa-apa yg dijangka dugaan sangkaan: Kemenangan ini di luar ~ kami.Kamus Pelajar Edisi Kedua,kata nama,High
pelan,Definisi :pélan Jk tanah lapang lapangan.Kamus Dewan Edisi KeempatDefinisi :tanah lapang.Kamus Dewan Edisi KeempatDefinisi :bp perlahan ~-~ perlahan-lahan: ia membuka matanya ~-~.Kamus Dewan Edisi KeempatDefinisi :1. rajah yg menggambarkan bentuk ukuran letak sesuatu bangunan tanah dll ~ bandar ~ rumah 2. rancangan yg sudah diatur utk dilaksanakan ~ induk rancangan menyeluruh yg merangkumi seluruh dasar dan segala rancangan kegiatan yg akan dilaksanakan dlm pembangunan perekonomian dsb: beberapa kajian yg terkandung dlm P~ Perindustrian Malaysia ~ lantai S.Bina lukisan mengikut skala bagi susun atur bilik dsb pd satu lantai sesebuah bangunan ~ tindakan langkahlangkah tindakan yg diambil utk mencapai sesuatu tujuan.Kamus Dewan Edisi KeempatDefinisi :1 rajah yg menggambarkan bentuk serta ukuran sesuatu bangunan kawasan dsb. 2 rancangan yg sudah diatur utk dilaksanakan. ~ induk rancangan menyeluruh yg merangkumi seluruh dasar dan segala rancangan kegiatan yg akan dilaksanakan dlm pembangunan perekonomian dsb: Beberapa kajian terkandung dlm ~ induk projek tsb. ~ lantai lukisan mengikut skala bagi susun atur bilik dsb pd satu lantai sesebuah bangunan. ~ tindakan rancangan yg diatur yg terdiri drpd langkah-langkah utk bertindak secara bijak.Kamus Pelajar Edisi Kedua,kata nama,High
induk,[in.du]  Definisi :Mn 1. ibu terutamanya binatang emak: kambingnya ada sepuluh ekor yg sudah jadi ~ tiga ekor 2. ki yg terutama yg besar yg menjadi pokok asal punca asas: kesalahan yg telah kaulakukan itu adalah ~ kpd segala macam kesalahan ~ ayam a ayam betina yg sudah beranak b ki orang yg penakut ~ bangsa bangsa yg menjadi punca suku-suku bangsa ~ beras nasi Mn isteri ~ cuka ibu kaki ~ hutang hutang yg asal tidak bercampur dgn bunga ~ jari tangan ibu jari ~ kaki ibu kaki ~ kalimat ayat besar yg menjadi pokok cerita dlm ayat yg bersambung-sambung ~ karangan karangan yg terutama dlm akhbar atau majalah ~ madu sarang lebah ~ pisang pokok pisang yg mula-mula ditanam ~ roti ragi utk adunan roti ~ rumah rumah ibu bahagian yg besar atau bahagian tengah rumah ~ semang a orang perempuan yg mengambil orang lain utk menumpang di rumahnya b orang yg memberi pekerjaan atau barang-barang utk dijual kpd orang lain ~ sutera sarang ulat sutera ~ tentera pasukan yg terbesar dlm gerakan perang berindukkan mempunyai atau menganggap sesuatu sbg induk: contohnya bahasa Latin dan bahasa Yunani yg ~ bahasa Indo-Eropah perinduk seperinduk semua yg berasal drpd satu ibu atau induk sekeluarga.Kamus Dewan Edisi Keempat[in.du]  Definisi :1 ibu terutamanya kpd binatang emak: ~ ayam ayam betina yg telah mempunyai anak. 2 ki yg paling besar yg terutama yg paling penting: kapal ~ kapal perang yg besar yg mengangkut kapal terbang.Kamus Pelajar Edisi Kedua,kata nama,High
peningkatan,[pe.ning.ka.tan]  Definisi :perbuatan usaha dsb meningkatkan atau mempertingkatkan: ~ daya pengeluaran ~ hasil jualan ~ mutu.Kamus Dewan Edisi Keempat[pe.ning.ka.tan]  Definisi :perbuatan hal dsb meningkat atau meningkatkan.Kamus Pelajar Edisi Kedua,kata nama,High
pekerjaan,[pe.ker.ja.an]  Definisi :sesuatu yg diusahakan dilakukan berterusan kerana mencari nafkah: ~nya yg baru ini menjadikan hidupnya agak senangKamus Dewan Edisi Keempat[pe.ker.ja.an]  Definisi :1. sesuatu yg dikerjakan dilakukan dibuat perbuatan: ~mu membakar negeri Langkapuri itu juga bukan ~ laki-laki 2. sesuatu yg dilakukan harus dilakukan sbg tanggungjawab kewajiban tugas: sempurnalah ~ yg dititahkan paduka ayahanda itu ~nya membersihkan pekarangan rumah belum selesai ~ Allah kewajiban kpd Allah 3. sesuatu usaha kegiatan dsb yg dilakukan berterusan dr sehari ke sehari utk keperluan hidup usaha atau kegiatan utk mendapatkan wang pencarian: pd masa itu bapaku memegang ~ tuan syahbandar Holanda mereka semua mahukan ~ yg memberikan pendapatan yg besar ~ kolar putih kerja spt yg dilakukan oleh golongan pengurusan profesional perkeranian dsb iaitu bukan kerja kasar yg memerlukan kekuatan tenaga ~ tangan kerja membuat barang-barang dgn tangan spt menganyam dll 4. ark pergerakan atau perjalanan sesuatu: beliau menerangkan ~ jentera itu kpd pelawat-pelawat 5. majlis istiadat perkahwinan dll: banyak dia berbelanja kerana ~ kahwin anaknya ~ baik lekas-lekaskan jangan ditimpa ~ buruk ~ buruk lambat-lambatkan untung-untung datang ~ baik prb Mn pekerjaan baik spt pekerjaan kahwin hendaklah disegerakan melakukannya supaya tidak ada apa-apa halangan sebaliknya pekerjaan yg tidak baik hendaklah ditangguhkan supaya dapat difikirkan dgn lebih telitiKamus Dewan Edisi Keempat[pe.ker.ja.an]  Definisi :1 sesuatu yg dilakukan utk mencari nafkah hidup pencarian: ~ mereka ialah bercucuk tanam dan menangkap ikan. 2 sesuatu yg dikerjakan atau yg dibuat: Demikianlah ~nya setiap hari.Kamus Pelajar Edisi Kedua[pe.ker.ja.an]  Definisi :sesuatu yg dilakukan oleh seseorang utk mencari nafkah pencarian: Ada yg ~nya berladang dan ada pula yg berniaga. 2 sesuatu yg mesti dilaksanakan tugas: Tiap-tiap orang hendaklah menjalankan ~ masing-masing. 3 kegiatan atau usaha melakukan sesuatu: ~nya tiap-tiap hari tiada lain drpd membaca surat khabar. ~ kayu pertukangan kayu spt membuat kerusi dll.Kamus Pelajar Edisi Kedua,kata nama,High
serta,[ser.ta]  Definisi :1. turut bersama ikut mengikut: Australia telah menyatakan hasratnya utk ~ dlm persidangan itu jikalau datang kpd had nyawa sekalipun yg pekerjaan tuan hamba ~lah hamba apabila Tuan Raffles datang memukul tanah Jawa maka ia hendaklah ~ bersama-sama dr darat 2.  berserta bersama-sama dgn: maka dipilihnya empat puluh anak peria yg baik-baik dibawanya ~ 3. dan juga juga: Encik Ramli dan Encik Ghani ~ ketua pejabat di kementerian itu tidak datang bekerja 4. sebaik sahaja demi apabila: maka baginda diam pd suatu tempat ~ hari malam maka datanglah biawak terlalu banyak 5. sambil seraya: Benar pula itu kata Datok Raja di Langit ~ memandang kpd Sutan Baginda 6. baharu sahaja sesudah: ~ didengar Ramli ratap sedemikian sekonyong-konyong ia pun berpaling kpd ibunya serta-serta  serta-menyertai berserta bersama-sama dgn mengikut menurut: orang kaya-kaya yg ~ menghantar baginda itu semuanya menjunjung duli jika engkau mati dgn pekerjaan tuanmu aku pun mati ~lah dgn kamu menyertai 1. mengiringi mendampingi mengikuti: setiap pelajaran yg saya berikan itu disertai dgn latihan bantahan mereka kali ini disertai dgn ugutan yang lebih hebat 2. bersama-sama dgn menemani mengawani utk menolong dll: Tuhan ~ orang yang sabar 3. mengikut serta turut bersama: tidakkah ibu bapa mereka melarang mereka ~ tarian itu serta-menyertai turut serta dlm hal orang dll ikut mencampuri menyertakan mempersertakan 1. mem-biarkan menyertai memperikutkan 2. me-ngembarkan bersama surat dll mengirimkan bersama dgn pesertaan perihal berserta penyertaan perbuatan menyertai menyerta-kan: ~ negara-negara anggota dlm ran-cangan-rancangan PBB peserta orang yang mengikut serta dlm sesuatu perkara spt pertandingan pergerakan dll pengambil bahagian: seminar antarabangsa ini dihadiri oleh ~-~ dr Asia Tenggara Australia dan New Zealand penyerta kata ~ Id kata yg menyatakan ketentuan atau ketidaktentuan sesuatu kata nama spt the a danan dlm bahasa Inggeris atau der die dan das dlm bahasa Jerman kata sandang.Kamus Dewan Edisi Keempat[ser.ta]  Definisi :ingin ~ pertandingan tenis itu. 2 mengikut bersama sbg teman atau sbg pembantu mengiringi menemani: Beberapa orang pegawai telah ~nya ke persidangan itu. menyertakan 1 membiarkan menyertai: Encik Ali ~ anak sulungnya dlm rombongan itu. 2 mengirim bersama bkn surat dll. penyertaan perbuatan atau hal menyertai: UDA berusaha mempercepat ~ kaum bumiputera dlm bidang perdagangan dan perindustrian. peserta orang yg ikut serta dlm sesuatu pertandingan dll orang yg mengambil bahagian: Para ~ dr Thailand telah tiba petang semalam. penyerta kata ~ kata spt si sang yg terletak di depan kata-kata tertentu yg digunakan sbg nama timangan utk mengejek utk menghormati dll kata sandang.Kamus Pelajar Edisi Kedua[ser.ta]  Definisi :1 ikut atau turut bersama: Hari itu saya tidak pergi ~ kerana saya sakit gigi. 2  berserta 1 bersama dgn dgn: Perdana Menteri ~ tiga orang pegawai kanan kerajaan telah berlepas ke Bangkok semalam. 3 dan juga dan: Beliau memang baik hati ~ jujur. ~-merta pd ketika itu juga tidak bertangguh-tangguh lagi segera. berserta 1 bersama dgn dgn: Sila tuan hantar borang ini kembali ~ wang langganan majalah tsb. 2 turut melakukan sesuatu: Saya ~ mereka mengusahakan tanah itu. menyertai 1 mengikut serta turut bersama: SayaKamus Pelajar Edisi Kedua,kata tugas,Moderate
kemajuan,[ke.ma.juan]  Definisi :perihal maju taraf hidup dll: ~ yg tercapai dlm masa sepuluh tahun ini dapat dibanggakan ~ material kemajuan yg berkaitan dgn aspek kebendaan spt kemajuan ekonomi ~ roha-niah kemajuan yg berkaitan dgn aspek kerohanian spt etika moral dsbKamus Dewan Edisi Keempat[ke.ma.juan]  Definisi :keadaan maju ketinggian taraf dll.Kamus Pelajar Edisi Kedua,kata kerja,Moderate
pertumbuhan,[per.tum.bu.han]  Definisi :perihal tumbuh perkem-bangan: pokok yg tidak cukup baja dan air akan terbantut ~nyaKamus Dewan Edisi Keempat[per.tum.bu.han]  Definisi :perihal atau proses tumbuh ttg manusia tumbuh-tumbuhan dan binatang tumbesaran: Makanan bayi mempengaruhi ~ mental dan fizikalnya. ~ pokok itu terbantut kerana iklim di situ tidak sesuai dgnnya.Kamus Pelajar Edisi Kedua,kata kerja,Moderate
terus,[te.rus]  Definisi :1. menuju ke sesuatu tempat dgn tidak singgah di mana-mana langsung tidak terhalang atau terhenti lantas: dr kamar tidur dia ~ ke bilik mandi 2. tidak berhenti tidak terhenti-henti sentiasa bergerak berjalan dll: kereta yg mereka naiki itu ~ berjalan 3. tidak putus-putusnya berkepanjangan berlarut-larut selalu: negeri ini bergantung ~ pd getah dan timah sahaja 4. langsung ke sebelah apa yg ditikam dll lantas menembus tembus: ditikamnya sekali lagi kena rusuknya ~ maka rusa itu tiada boleh lari lagi lalu mati 5. tidak bertangguh-tangguh lagi dgn segera lalu langsung: sesampai di kampung aku ~lah pergi ke paya 6. tidak berwakil kpd sesiapa langsung: di samping beberapa jabatan kerajaan yg dijaga ~ oleh menteri terdapat juga beberapa lembaga atau perbadanan ... 7. tidak bercampur atau berlapis jati tulen emas ~ emas tulen bukan saduran ~ mata pelihatan pandang dapat mengetahui apa yg tersembunyi yg akan terjadi seterusnya 1. selepas itu ... lalu lantas ...: aku ~ pergi ke rumah Ah Seng 2. selanjutnya: biarlah kita terima dulu jaminan tersebut utk diperhatikan ~ 3.  dan ~ dan lain-lainnya dan yg lain-lainnya 4. tetap selama-lamanya: beliau telah mengadakan mesyuarat utk menentukan ~ langkah-langkah yg diambil mengenai perkara tersebut 5. yg berikutnya: Khatijah memandangnya berasa takjub ditanya ~ itu 6. sejak dr itu ... mulai sekarang: dia ~ tidak berani lagi melakukan perkara itu berterusan tidak berkeputusan berlanjutan berkepanjangan: dia menangis ~ menerus 1. menembus melantas: jahitan ini tidak boleh ~ ke sebelah luar 2. meresap mengalir dll keluar atau masuk 3. jauh dr permulaan lanjut terus: maka dilihat Bendahara betul kepala Tun Mutahir bernyala cahaya ~ ke langit terus-menerus 1.  terus-terusan tidak berkeputusan tidak berhenti-henti tidak putus-putus berterusan: mestikah mereka ~ hidup dlm alam kekolotan 2. secara langsung siaran televisyen dll bukan pertunjukan filem: kira-kira 16000 orang telah menyaksikan perlawanan yg disiarkan ~ oleh televisyen ke beberapa buah negeri menerusi 1. masuk sampai ke melantas pd menembus pd: jahitan yg awal dan yg akhir sahaja yg ~ kain yg lain itu lalu di bawah urat benang sahaja 2. dgn perantaraan melalui: masukkan sehelai benang halus ~ lubang-lubang pd kertas tebal itu dia mengirim buku-buku itu ~ saya meneruskan 1. menembuskan melantaskan 2. melanjutkan melangsungkan menyam-bungkan: dr situ mereka ~ perjalanan mereka ke arah selatan dia bercadang hendak ~ pelajarannya ke universiti 3. mengirim terus kpd menyampaikan menyerahkan terus kpd: surat itu diteruskan kpd ketua rapat yg dgn segera pula ~ kpd Kadir terusan 1. sungai buatan dll yg menghubungkan dua lautan utk pelayaran susukan: T~ Panama T~ Suez 2. bp sambungan lanjutan: ini adalah ~ drpd cerita dahulu 3. bp terus-terusan terus-menerus keberterusan perihal keadaan yg berterusan: hasrat terhadap ~ dlm hubungan antara negara penerusan perihal perbuatan dsb meneruskan pelanjutan kelanjutan: masih ada kekecualian tertentu yg mengizinkan ~ penggunaan bahasa Inggeris penerus 1. orang golongan yg meneruskan melanjutkan sesuatu aktiviti penyumbang: melahirkan titisan zuriat Islam yg murni sbg ~ generasi Islamiah pd masa hadapan 2. Kej peranti elektronik yg digunakan utk menukar arus ulang-alik kpd arus terus tanpa menggunakan dinamo atau mesin elektrik.Kamus Dewan Edisi Keempat[te.rus]  Definisi :1 tidak singgah atau tidak berhenti di mana-mana: Kapal terbang yg kami tumpangi itu terbang ~ ke London. 2 tidak berlengah-lengah atau tidak bertangguh lagi langsung lalu: Sesampai di kampung aku ~ pergi ke rumah datuk penghulu. 3 tidak henti-henti tidak putus-putus ttg peperangan dll: Pertempuran sengit ~ menghebat hingga jauh malam. berterusan berlaku dgn tidak henti-henti berpanjangan berlanjutan. terus-menerus 1 tidak henti-henti berterusan: Mestikah mereka ~ hidup dlm kemiskinan 2 secara langsung ttg siaran televisyen bukan rakaman: Pertandingan bola itu akan disiarkan ~ oleh RTM pd malam ini. menerusi dgn perantaraan melalui: Pencuri masuk ke dlm rumah itu ~ tingkap. Dia mengirim wang itu ~ kawannya. meneruskan menyambung perjalanan pelajaran dll melanjutkan: Keesokan harinya pengembara-pengembara itu pun ~ perjalanan mereka kembali. Saya bercita-cita hendak ~ pelajaran saya ke universiti. terusan sungai buatan yg menyambungkan dua buah lautan biasanya utk pelayaran: ~ Panama ~ Suez. keterusan keadaan atau hal terus. penerusan perbuatan atau hal meneruskan penyambungan pelanjutan. penerus orang yg meneruskan: ~ warisan bangsa. seterusnya 1 selepas itu sesudah itu selanjutnya: ~ Datuk Mufti menerangkan segala rukun haji. 2 sejak itu bermula dr sekarang. 3  dan ~ dan yg lain-lain.Kamus Pelajar Edisi Kedua,adverba,Low
keras,[ke.ras]  Definisi :1. kuat dan padu serta tidak mudah pecah patah bengkok dll atau berubah bentuknya tidak lembut empuk lunak: hanya tulang-tulangnya yg ~ sahaja masih tinggal tidak hancur keluli lebih ~ drpd besi daging ini sangat ~ pakaian ~ pakaian berkanji dan berseterika 2. dgn giat atau bersungguh-sungguh dgn sepenuh tenaga atau usaha dgn sungguh-sungguh hati meminta mendesak dsb: beberapa orang yg cekap dan sanggup bekerja ~ diperlukan mereka meminta ~ supaya ia sendiri datang 3. dgn tidak berganjak atau berubah sikap teguh kukuh kuat: berpegang ~ kpd faham dan kepercayaan kuno kemahuan yg ~ 4. tidak dgn sikap bertolak ansur bkn bantahan tentangan dsb tegas: ibunya membantah ~ niatnya hendak mengahwini gadis itu 5. tidak secara sembarangan atau mahu tidak mahu rapi pemeriksaan kawalan dll ketat sungguh-sungguh: terlalu ~ pemeriksaannya sehingga tiap-tiap helai kain dan baju dikira tempat itu dikawal ~ oleh askar-askar yg bersenjata 6. berat akibatnya tidak berdasarkan belas kasihan bkn tindakan dsb tegas tidak berkira-kira: tindakan ~ akan diambil terhadap pegawai dan kakitangan yg curang 7. dgn sesungguhnya tanpa sebarang kelonggaran kekecualian dsb: dilarang ~ masuk tanpa urusan rasmi penonton-penonton dilarang ~ merokok 8. membahayakan dan mungkin membawa maut bkn penyakit teruk berat: terburu-buru ia balik ke kampungnya kerana bapanya sakit ~ 9. kuat tidak lemah tidak mudah ditewaskan dikuasai dsb hebat: inilah tanda patik membunuh perajurit yg terlalu ~ itu diberinya oleh raja Siam ketumbukan yg ~ terlalulah banyak orang mati dan sakit kerana gajah itu sangat ~ jembalangnya 10. kencang deras angin dll sangat lebat hujan: angin pun bertiup terlalu ~ gajah kenaikan dibawa oleh Laksamana dgn ~nya hujan amat ~nya 11. nyaring kuat suara bunyi dll: kedengaran suara ~ pegawai askar itu memberi perintah kpd orang-orangnya sesetengahnya tidur berdengkur dgn ~ 12. tidak lemah lembut atau sopan santun bkn kata-kata boleh menyinggung perasaan: oleh kerana marahnya itu dikeluarkannya kata-kata yg ~ 13. dapat memabukkan bkn minuman spt bir wain wiski dsb terasa kesan tembakaunya apabila dihisap bkn rokok atau cerutu berat sangat kuat kesannya bkn ubat terasa benar sama ada wangi atau busuk dsb bkn bau rangsang bkn bau: kesihatannya merosot kerana kerap meminum minuman ~ rokok ini agak ~ bagi orang yg belum biasa merokok terlalu ~ bau gas ini 14. ketat sumbat botol dll tidak mudah dilentur bkn spring dsb tegang 15. tidak baik kerana kononnya ada penunggunya berpuaka atau berhantu: tempat ini ~ kerana ada puaka ~ batang leher berpegang teguh pd pendirian atau pendapat sendiri tidak mahu mengalah tegar hati mengotot ~ genjur keras sekali bkn sikap tabiat ~ hati a tidak mahu menurut kata orang sangat degil b tidak mudah berasa kecewa terus berusaha bersungguh-sungguh ~ hidung menurut sesuka hati sangat sempit fikirannya ~ kaku  ~ kematu  ~ membatu sangat keras tidak lunak ~ kejur tidak dapat dilentukkan dilenturkan kejang kaku ~ kekung kelengkung Kl Tr sangat keras spt batu ~ keng Kl Tr keras kepala ~ kepala tidak mahu mengalah atau menurut degil tegar ~-~kerak tidak teguh dan tidak dapat diubah dgn pujukan dsb bkn kemahuan ketabahan dsb seseorang ~ lidah tidak dapat melafazkan kata-kata asing dgn mudah susah hendak menyebut sesuatu tidak pandai berkata-kata ~-makas  ~-mangkas terlalu keras bkn buah-buahan dll ~ mulut a tidak mahu dan tidak mudah kalah dlm perdebatan kuat bertengkar b tidak mudah dikendalikan kuda dll ~ bagai batu tinggi bagai langit prb tidak mahu menurut perintah orang atasan ~ ditakik lunak disudu prb Mn hendaklah diberikan segala perintah dgn bijaksana dgn lemah lembut kpd yg menurut dan dgn memaksa kpd yg melawan lunak tak tersudu ~ tak tertakik prb perkataan orang yg bijaksana baik dgn lemah lembut atau dgn kasar tidak dapat disangkal dianjak-anjak kebenarannya berkeras 1. tidak berganjak drpd pendirian kemahuan dsb tidak mahu mengalah bertolak ansur mengotot: kalau ia ~ tidak mahu menjual tanahnya kita tidak boleh buat apa-apa ia ~ tidak mahu mengikut suaminya berpindah 2. bertindak bersikap keras: kalau awak hendak berkasar dan ~ kelak keselamatan awak akan binasa ~ batang leher keras batang leher ~ hati keras hati ~ hidung keras hidung ~ kepala keras kepala berkeras-kerasan sama-sama enggan berlemah lembut atau bertolak ansur dlm pertengkaran perkelahian dll bersikeras berkeras mengotot mengeras 1. menjadi keras tidak lembut tidak lemah lembut dsb: lama-kelamaan kalsium karbonat yg di lapisan luar ~ dan membentuk batu kapur sebentar kemudian terdengar suara orang bercakap melembut dan ~ 2. tidak mahu bertolak ansur berkeras mengerasi 1. memaksa menggagahi: maka dikerasi oleh tuanku Dato Batin Alam suruh ia memukat juga 2. bertindak bersikap keras kpd memperlakukan dgn keras dgn menggunakan paksaan: Esah cukup berjaga-jaga agar tidak pula tertipu ataupun dikerasi oleh anak muda itu keras-~ berkeraskerasan mengeraskan 1. menjadikan keras tidak lembik: ~ tanah liat menjadi periuk belanga batu bata dll 2. ki menguatkan menyaringkan suara memperhebat tindakan sikap dsb menggiatkan usaha memperteguh azam cita-cita dsb: Cikgu Hashim bertanya dgn suara yg agak dikeraskan ~ hati menabahkan memberanikan hati 3. memaksa: ia ~ budak itu tinggal bersamanya memperkeras menjadikan bertambah keras kuat teguh giat hebat dll: perasaan malu umumnya diperkeras oleh sesuatu pendidikan atau adat terkeras terkuat bkn suara bunyi terkasar bkn tindakan sikap dll: suaranya sekali ini agak ~ sedikit kekerasan perihal sifat dsb keras dlm berbagai-bagai erti spt kekuatan kekasaran keazaman kegiatan dll paksaan dlm sesuatu tindakan: dgn ~ sukar dicapai penyelesaian kumpulan jahat yg bertujuan hendak menumbangkan kerajaan dgn ~ telah dapat ditumpaskan pengerasan perihal mengeraskan atau mengerasi tindakan keras pemaksaan dll pengeras 1. jampi utk memperkuat diri atau utk menakutkan memaksa menundukkan orang 2. bayaran kpd pawang kerana berubat atau menuntut ilmu daripadanya 3. alat utk mengeraskan atau menguatkan suara dll 4. sesuatu spt jarum duit syiling dll yg diberikan kpd tukang urut atau bomoh selepas berurut atau berubat dengannya sbg imbalan berpengeraskan menggunakan sesuatu sbg pengeras: dgn hanya ~ duit tujuh sen dan sebatang jarum tembaga.Kamus Dewan Edisi Keempat[ke.ras]  Definisi : ~ tulang Jw sj tumbuhan herba manik muni rami hutan sambau paya sembau sigueh putih Chloranthus officinalis buah ~ sj tumbuhan pokok dan buahnya buah keminbing kemiri Aleurites moluccana buah ~ laut sj tumbuhan pokok barubaru baru laut waru Thespesia populnea bagai buah ~ di dalam sekul prb percakapan yg kelam-kabut.Kamus Dewan Edisi Keempat[ke.ras]  Definisi : ~ ekor sj ikan laut Megalaspis cordyla.Kamus Dewan Edisi Keempat[ke.ras]  Definisi :1 kuat lagi kukuh dan tidak mudah pecah atau tidak mudah berubah keadaannya: Keluli lebih ~ drpd besi. 2 dgn sungguh-sungguh dgn giat kuat: Dia terpaksa bekerja ~ utk mengumpulkan wang. 3 bersifat memaksa tidak bertolak ansur bkn peraturan dll: Merokok di gudang kertas dilarang ~. 4 kuat dan nyaring bkn suara bunyi: Dia bercakap dgn suara yg ~ kpd orang-orangnya. 5 dpt memabukkan bkn minuman dll sangat kuat kesannya bkn ubat dll rangsang bkn bau dll: Dia mabuk kerana terlalu banyak minum minuman ~. Terlalu ~ bau gas ini. ~ hati tidak mahu mengikut kata orang degil. ~ kepala tidak mahu mengalah atau tidak mahu menurut. berkeras tidak mahu mengalah atau tidak mahu bertolak ansur tidak berganjak dr pendiriannya: Dia ~ tidak mahu mengikut suaminya berpindah. mengeras menjadi keras: Agar-agar itu ~ apabila disejukkan. mengerasi 1 bertindak keras terhadap memperlakukan dgn keras: Anaknya terlalu manja kerana tidak pernah dikerasi. 2 menyuruh dgn paksa memaksa menggagahi: Dia tidak suka ~ orang-orang bawahannya. mengeraskan 1 menjadikan keras: Mereka ~ tanah liat itu dgn cara pembakaran. 2 menyaringkan suara menguatkan usaha dll. memperkeras menjadikan lebih atau bertambah keras. kekerasan 1 perbuatan yg keras kekuatan: Orang-orang yg bertujuan hendak menumbangkan kerajaan dgn ~ telah ditangkap. 2 keadaan atau sifat keras kekuatan kekukuhan: ~ kulitnya menyebabkan buah itu sukar dikupas.Kamus Pelajar Edisi Kedua,adverba,Low
terus,[te.rus]  Definisi :1. menuju ke sesuatu tempat dgn tidak singgah di mana-mana langsung tidak terhalang atau terhenti lantas: dr kamar tidur dia ~ ke bilik mandi 2. tidak berhenti tidak terhenti-henti sentiasa bergerak berjalan dll: kereta yg mereka naiki itu ~ berjalan 3. tidak putus-putusnya berkepanjangan berlarut-larut selalu: negeri ini bergantung ~ pd getah dan timah sahaja 4. langsung ke sebelah apa yg ditikam dll lantas menembus tembus: ditikamnya sekali lagi kena rusuknya ~ maka rusa itu tiada boleh lari lagi lalu mati 5. tidak bertangguh-tangguh lagi dgn segera lalu langsung: sesampai di kampung aku ~lah pergi ke paya 6. tidak berwakil kpd sesiapa langsung: di samping beberapa jabatan kerajaan yg dijaga ~ oleh menteri terdapat juga beberapa lembaga atau perbadanan ... 7. tidak bercampur atau berlapis jati tulen emas ~ emas tulen bukan saduran ~ mata pelihatan pandang dapat mengetahui apa yg tersembunyi yg akan terjadi seterusnya 1. selepas itu ... lalu lantas ...: aku ~ pergi ke rumah Ah Seng 2. selanjutnya: biarlah kita terima dulu jaminan tersebut utk diperhatikan ~ 3.  dan ~ dan lain-lainnya dan yg lain-lainnya 4. tetap selama-lamanya: beliau telah mengadakan mesyuarat utk menentukan ~ langkah-langkah yg diambil mengenai perkara tersebut 5. yg berikutnya: Khatijah memandangnya berasa takjub ditanya ~ itu 6. sejak dr itu ... mulai sekarang: dia ~ tidak berani lagi melakukan perkara itu berterusan tidak berkeputusan berlanjutan berkepanjangan: dia menangis ~ menerus 1. menembus melantas: jahitan ini tidak boleh ~ ke sebelah luar 2. meresap mengalir dll keluar atau masuk 3. jauh dr permulaan lanjut terus: maka dilihat Bendahara betul kepala Tun Mutahir bernyala cahaya ~ ke langit terus-menerus 1.  terus-terusan tidak berkeputusan tidak berhenti-henti tidak putus-putus berterusan: mestikah mereka ~ hidup dlm alam kekolotan 2. secara langsung siaran televisyen dll bukan pertunjukan filem: kira-kira 16000 orang telah menyaksikan perlawanan yg disiarkan ~ oleh televisyen ke beberapa buah negeri menerusi 1. masuk sampai ke melantas pd menembus pd: jahitan yg awal dan yg akhir sahaja yg ~ kain yg lain itu lalu di bawah urat benang sahaja 2. dgn perantaraan melalui: masukkan sehelai benang halus ~ lubang-lubang pd kertas tebal itu dia mengirim buku-buku itu ~ saya meneruskan 1. menembuskan melantaskan 2. melanjutkan melangsungkan menyam-bungkan: dr situ mereka ~ perjalanan mereka ke arah selatan dia bercadang hendak ~ pelajarannya ke universiti 3. mengirim terus kpd menyampaikan menyerahkan terus kpd: surat itu diteruskan kpd ketua rapat yg dgn segera pula ~ kpd Kadir terusan 1. sungai buatan dll yg menghubungkan dua lautan utk pelayaran susukan: T~ Panama T~ Suez 2. bp sambungan lanjutan: ini adalah ~ drpd cerita dahulu 3. bp terus-terusan terus-menerus keberterusan perihal keadaan yg berterusan: hasrat terhadap ~ dlm hubungan antara negara penerusan perihal perbuatan dsb meneruskan pelanjutan kelanjutan: masih ada kekecualian tertentu yg mengizinkan ~ penggunaan bahasa Inggeris penerus 1. orang golongan yg meneruskan melanjutkan sesuatu aktiviti penyumbang: melahirkan titisan zuriat Islam yg murni sbg ~ generasi Islamiah pd masa hadapan 2. Kej peranti elektronik yg digunakan utk menukar arus ulang-alik kpd arus terus tanpa menggunakan dinamo atau mesin elektrik.Kamus Dewan Edisi Keempat[te.rus]  Definisi :1 tidak singgah atau tidak berhenti di mana-mana: Kapal terbang yg kami tumpangi itu terbang ~ ke London. 2 tidak berlengah-lengah atau tidak bertangguh lagi langsung lalu: Sesampai di kampung aku ~ pergi ke rumah datuk penghulu. 3 tidak henti-henti tidak putus-putus ttg peperangan dll: Pertempuran sengit ~ menghebat hingga jauh malam. berterusan berlaku dgn tidak henti-henti berpanjangan berlanjutan. terus-menerus 1 tidak henti-henti berterusan: Mestikah mereka ~ hidup dlm kemiskinan 2 secara langsung ttg siaran televisyen bukan rakaman: Pertandingan bola itu akan disiarkan ~ oleh RTM pd malam ini. menerusi dgn perantaraan melalui: Pencuri masuk ke dlm rumah itu ~ tingkap. Dia mengirim wang itu ~ kawannya. meneruskan menyambung perjalanan pelajaran dll melanjutkan: Keesokan harinya pengembara-pengembara itu pun ~ perjalanan mereka kembali. Saya bercita-cita hendak ~ pelajaran saya ke universiti. terusan sungai buatan yg menyambungkan dua buah lautan biasanya utk pelayaran: ~ Panama ~ Suez. keterusan keadaan atau hal terus. penerusan perbuatan atau hal meneruskan penyambungan pelanjutan. penerus orang yg meneruskan: ~ warisan bangsa. seterusnya 1 selepas itu sesudah itu selanjutnya: ~ Datuk Mufti menerangkan segala rukun haji. 2 sejak itu bermula dr sekarang. 3  dan ~ dan yg lain-lain.Kamus Pelajar Edisi Kedua,adjektif,Moderate
keras,[ke.ras]  Definisi :1. kuat dan padu serta tidak mudah pecah patah bengkok dll atau berubah bentuknya tidak lembut empuk lunak: hanya tulang-tulangnya yg ~ sahaja masih tinggal tidak hancur keluli lebih ~ drpd besi daging ini sangat ~ pakaian ~ pakaian berkanji dan berseterika 2. dgn giat atau bersungguh-sungguh dgn sepenuh tenaga atau usaha dgn sungguh-sungguh hati meminta mendesak dsb: beberapa orang yg cekap dan sanggup bekerja ~ diperlukan mereka meminta ~ supaya ia sendiri datang 3. dgn tidak berganjak atau berubah sikap teguh kukuh kuat: berpegang ~ kpd faham dan kepercayaan kuno kemahuan yg ~ 4. tidak dgn sikap bertolak ansur bkn bantahan tentangan dsb tegas: ibunya membantah ~ niatnya hendak mengahwini gadis itu 5. tidak secara sembarangan atau mahu tidak mahu rapi pemeriksaan kawalan dll ketat sungguh-sungguh: terlalu ~ pemeriksaannya sehingga tiap-tiap helai kain dan baju dikira tempat itu dikawal ~ oleh askar-askar yg bersenjata 6. berat akibatnya tidak berdasarkan belas kasihan bkn tindakan dsb tegas tidak berkira-kira: tindakan ~ akan diambil terhadap pegawai dan kakitangan yg curang 7. dgn sesungguhnya tanpa sebarang kelonggaran kekecualian dsb: dilarang ~ masuk tanpa urusan rasmi penonton-penonton dilarang ~ merokok 8. membahayakan dan mungkin membawa maut bkn penyakit teruk berat: terburu-buru ia balik ke kampungnya kerana bapanya sakit ~ 9. kuat tidak lemah tidak mudah ditewaskan dikuasai dsb hebat: inilah tanda patik membunuh perajurit yg terlalu ~ itu diberinya oleh raja Siam ketumbukan yg ~ terlalulah banyak orang mati dan sakit kerana gajah itu sangat ~ jembalangnya 10. kencang deras angin dll sangat lebat hujan: angin pun bertiup terlalu ~ gajah kenaikan dibawa oleh Laksamana dgn ~nya hujan amat ~nya 11. nyaring kuat suara bunyi dll: kedengaran suara ~ pegawai askar itu memberi perintah kpd orang-orangnya sesetengahnya tidur berdengkur dgn ~ 12. tidak lemah lembut atau sopan santun bkn kata-kata boleh menyinggung perasaan: oleh kerana marahnya itu dikeluarkannya kata-kata yg ~ 13. dapat memabukkan bkn minuman spt bir wain wiski dsb terasa kesan tembakaunya apabila dihisap bkn rokok atau cerutu berat sangat kuat kesannya bkn ubat terasa benar sama ada wangi atau busuk dsb bkn bau rangsang bkn bau: kesihatannya merosot kerana kerap meminum minuman ~ rokok ini agak ~ bagi orang yg belum biasa merokok terlalu ~ bau gas ini 14. ketat sumbat botol dll tidak mudah dilentur bkn spring dsb tegang 15. tidak baik kerana kononnya ada penunggunya berpuaka atau berhantu: tempat ini ~ kerana ada puaka ~ batang leher berpegang teguh pd pendirian atau pendapat sendiri tidak mahu mengalah tegar hati mengotot ~ genjur keras sekali bkn sikap tabiat ~ hati a tidak mahu menurut kata orang sangat degil b tidak mudah berasa kecewa terus berusaha bersungguh-sungguh ~ hidung menurut sesuka hati sangat sempit fikirannya ~ kaku  ~ kematu  ~ membatu sangat keras tidak lunak ~ kejur tidak dapat dilentukkan dilenturkan kejang kaku ~ kekung kelengkung Kl Tr sangat keras spt batu ~ keng Kl Tr keras kepala ~ kepala tidak mahu mengalah atau menurut degil tegar ~-~kerak tidak teguh dan tidak dapat diubah dgn pujukan dsb bkn kemahuan ketabahan dsb seseorang ~ lidah tidak dapat melafazkan kata-kata asing dgn mudah susah hendak menyebut sesuatu tidak pandai berkata-kata ~-makas  ~-mangkas terlalu keras bkn buah-buahan dll ~ mulut a tidak mahu dan tidak mudah kalah dlm perdebatan kuat bertengkar b tidak mudah dikendalikan kuda dll ~ bagai batu tinggi bagai langit prb tidak mahu menurut perintah orang atasan ~ ditakik lunak disudu prb Mn hendaklah diberikan segala perintah dgn bijaksana dgn lemah lembut kpd yg menurut dan dgn memaksa kpd yg melawan lunak tak tersudu ~ tak tertakik prb perkataan orang yg bijaksana baik dgn lemah lembut atau dgn kasar tidak dapat disangkal dianjak-anjak kebenarannya berkeras 1. tidak berganjak drpd pendirian kemahuan dsb tidak mahu mengalah bertolak ansur mengotot: kalau ia ~ tidak mahu menjual tanahnya kita tidak boleh buat apa-apa ia ~ tidak mahu mengikut suaminya berpindah 2. bertindak bersikap keras: kalau awak hendak berkasar dan ~ kelak keselamatan awak akan binasa ~ batang leher keras batang leher ~ hati keras hati ~ hidung keras hidung ~ kepala keras kepala berkeras-kerasan sama-sama enggan berlemah lembut atau bertolak ansur dlm pertengkaran perkelahian dll bersikeras berkeras mengotot mengeras 1. menjadi keras tidak lembut tidak lemah lembut dsb: lama-kelamaan kalsium karbonat yg di lapisan luar ~ dan membentuk batu kapur sebentar kemudian terdengar suara orang bercakap melembut dan ~ 2. tidak mahu bertolak ansur berkeras mengerasi 1. memaksa menggagahi: maka dikerasi oleh tuanku Dato Batin Alam suruh ia memukat juga 2. bertindak bersikap keras kpd memperlakukan dgn keras dgn menggunakan paksaan: Esah cukup berjaga-jaga agar tidak pula tertipu ataupun dikerasi oleh anak muda itu keras-~ berkeraskerasan mengeraskan 1. menjadikan keras tidak lembik: ~ tanah liat menjadi periuk belanga batu bata dll 2. ki menguatkan menyaringkan suara memperhebat tindakan sikap dsb menggiatkan usaha memperteguh azam cita-cita dsb: Cikgu Hashim bertanya dgn suara yg agak dikeraskan ~ hati menabahkan memberanikan hati 3. memaksa: ia ~ budak itu tinggal bersamanya memperkeras menjadikan bertambah keras kuat teguh giat hebat dll: perasaan malu umumnya diperkeras oleh sesuatu pendidikan atau adat terkeras terkuat bkn suara bunyi terkasar bkn tindakan sikap dll: suaranya sekali ini agak ~ sedikit kekerasan perihal sifat dsb keras dlm berbagai-bagai erti spt kekuatan kekasaran keazaman kegiatan dll paksaan dlm sesuatu tindakan: dgn ~ sukar dicapai penyelesaian kumpulan jahat yg bertujuan hendak menumbangkan kerajaan dgn ~ telah dapat ditumpaskan pengerasan perihal mengeraskan atau mengerasi tindakan keras pemaksaan dll pengeras 1. jampi utk memperkuat diri atau utk menakutkan memaksa menundukkan orang 2. bayaran kpd pawang kerana berubat atau menuntut ilmu daripadanya 3. alat utk mengeraskan atau menguatkan suara dll 4. sesuatu spt jarum duit syiling dll yg diberikan kpd tukang urut atau bomoh selepas berurut atau berubat dengannya sbg imbalan berpengeraskan menggunakan sesuatu sbg pengeras: dgn hanya ~ duit tujuh sen dan sebatang jarum tembaga.Kamus Dewan Edisi Keempat[ke.ras]  Definisi : ~ tulang Jw sj tumbuhan herba manik muni rami hutan sambau paya sembau sigueh putih Chloranthus officinalis buah ~ sj tumbuhan pokok dan buahnya buah keminbing kemiri Aleurites moluccana buah ~ laut sj tumbuhan pokok barubaru baru laut waru Thespesia populnea bagai buah ~ di dalam sekul prb percakapan yg kelam-kabut.Kamus Dewan Edisi Keempat[ke.ras]  Definisi : ~ ekor sj ikan laut Megalaspis cordyla.Kamus Dewan Edisi Keempat[ke.ras]  Definisi :1 kuat lagi kukuh dan tidak mudah pecah atau tidak mudah berubah keadaannya: Keluli lebih ~ drpd besi. 2 dgn sungguh-sungguh dgn giat kuat: Dia terpaksa bekerja ~ utk mengumpulkan wang. 3 bersifat memaksa tidak bertolak ansur bkn peraturan dll: Merokok di gudang kertas dilarang ~. 4 kuat dan nyaring bkn suara bunyi: Dia bercakap dgn suara yg ~ kpd orang-orangnya. 5 dpt memabukkan bkn minuman dll sangat kuat kesannya bkn ubat dll rangsang bkn bau dll: Dia mabuk kerana terlalu banyak minum minuman ~. Terlalu ~ bau gas ini. ~ hati tidak mahu mengikut kata orang degil. ~ kepala tidak mahu mengalah atau tidak mahu menurut. berkeras tidak mahu mengalah atau tidak mahu bertolak ansur tidak berganjak dr pendiriannya: Dia ~ tidak mahu mengikut suaminya berpindah. mengeras menjadi keras: Agar-agar itu ~ apabila disejukkan. mengerasi 1 bertindak keras terhadap memperlakukan dgn keras: Anaknya terlalu manja kerana tidak pernah dikerasi. 2 menyuruh dgn paksa memaksa menggagahi: Dia tidak suka ~ orang-orang bawahannya. mengeraskan 1 menjadikan keras: Mereka ~ tanah liat itu dgn cara pembakaran. 2 menyaringkan suara menguatkan usaha dll. memperkeras menjadikan lebih atau bertambah keras. kekerasan 1 perbuatan yg keras kekuatan: Orang-orang yg bertujuan hendak menumbangkan kerajaan dgn ~ telah ditangkap. 2 keadaan atau sifat keras kekuatan kekukuhan: ~ kulitnya menyebabkan buah itu sukar dikupas.Kamus Pelajar Edisi Kedua,adjektif,Moderate
sejahtera,[se.jah.te.ra]  Definisi :aman dan makmur senang dan ten-teram terpelihara drpd bencana kesusahan gangguan dll: moga-moga kita dapat hidup dlm ~ selamat ~ menyejahterakan menjadikan sejahtera mengamankan menyelamatkan: Ya Tuhan-ku sejahterakanlah Laksamana itu kesejahteraan keselamatan kesenangan hidup dll kesentosaan ketenteraman: manusia mesti bekerja keras utk mendapat ~ di dunia dan di akhirat.Kamus Dewan Edisi Keempat[se.jah.te.ra]  Definisi :bebas drpd segala macam kesusahan dll aman sentosa dan makmur selamat: Semoga kita semua dpt hidup ~ sepanjang masa. kesejahteraan keadaan sejahtera keamanan dan keselamatan ketenteraman: ~ di dunia dan di akhirat.Kamus Pelajar Edisi Kedua,adjektif,Moderate
dan,-,-,-
pelaburan,[pe.la.bu.ran]  Definisi :1. jumlah wang modal dsb yg dilaburkan dlm sesuatu usaha niaga dsb penanaman modal 2. sesuatu yg dibeli dsb dgn harapan akan mendapat keuntungan yg berlipat ganda penanaman modal: pembelian tanah merupakan suatu bentuk ~ yg menguntungkanKamus Dewan Edisi Keempat[pe.la.bu.ran]  Definisi :1 wang modal dsb yg dilaburkan dlm sesuatu perniagaan: Dr masa ke masa dia menambah ~nya dlm skim Amanah Saham Nasional. 2 hal perbuatan cara dsb melabur atau melaburkan: Kerajaan menggalakkan ~ drpd rakyat.Kamus Pelajar Edisi Kedua,-,-
semikonduktor,[sé.mi.kon.duk.tor]  Definisi :sémikonduktor Fiz bahan mis silikon dan germanium yg kadar aliran elektriknya bertambah dgn bertambahnya suhu nilai kadar ini terletak antara kadar aliran logam dan penebat.Kamus Dewan Edisi Keempat[sé.mi.kon.duk.tor]  Definisi :sémikonduktor ist bahan yg keupayaan aliran elektriknya adalah antara keupayaan aliran elektrik logam dgn keupayaan aliran elektrik penebat biasanya digunakan dlm membuat peranti elektronik.Kamus Pelajar Edisi Kedua,-,-
sebanyak,[se.ba.nya]  Definisi :sama banyak: tidak ada wangku ~ itu sedikit ~ sekurang-kurangnyaKamus Dewan Edisi Keempat[se.ba.nya]  Definisi :sama banyak dgn: Wang saya tidak ~ itu.Kamus Pelajar Edisi Kedua,-,-
rm,Definisi :kep Ringgit Malaysia.Kamus Dewan Edisi Keempat,-,-
bilion,[bi.lion]  Definisi :1. di Britain satu juta juta ditulis sbg 1 000 000 000 000 atau 1012 2. di AS satu ribu juta ditulis sbg 1 000 000 000 atau 109 berbilion berbilion-bilion beberapa bilion beberapa banyak bilion.Kamus Dewan Edisi Keempat[bi.lion]  Definisi :bilangan sebanyak sejuta juta atau 1012 tetapi di Amerika Syarikat seribu juta atau 109.Kamus Pelajar Edisi Kedua,-,-
akan,-,-,-
di,-,-,-
tahun-tahun,-,-,-
mendatang,[men.da.tang]  Definisi :1. datang timbul berlaku dll dgn tiba-tiba: siapakah dapat menduga kalau hari esoknya hujan ~ jika ada aral ~ 2. yg datang dr tempat lain tidak asli: penyesuaian sosioekonomi dicorakkan bukan sahaja oleh ciri-ciri yg didatangkan atau ~ tetapi oleh ciri-ciri yg sudah sedia ada orang ~ orang yg datang atau berasal dr negeri lain bukan bumiputera atau penduduk asli 3. ark terbitan kata-kata ~ kata-kata terbitan 4. akan datang: kalaulah perjanjian pd masa ~ dapat mengurangkan pengeluaran senjata pucuk dicita ulam ~ prb yg diperoleh lebih baik drpd yg dikehendakiKamus Dewan Edisi Keempat[men.da.tang]  Definisi :1 timbul datang dgn tiba-tiba: Pd msa itu satu fikiran yg baik ~. 2 datang dr tempat lain: kaum yg ~.Kamus Pelajar Edisi Kedua,-,-
depan,[de.pan]  Definisi :hadapan muka: dr rumah ketua kampung ternampak api pelita minyak tanah di ruang ~ minggu bulan dll ~ minggu bulan dll yg akan datang di depan di hadapan di muka: ~ markas besar itu terletak sebuah jip yg sudah tua ke depan 1. ke hadapan ke muka mara 2. selanjutnya seterusnya hingga pd terkedepan berada jauh di depan atau di hadapan dlm proses kemajuan dsb sudah maju: utk diterima umum seseorang itu tidak harus terkebelakang atau ~ drpd tamadun yg sedang didudukinya seseorang mesti belajar banyak teknik pengadilan termasuk kecekapan mata drpd pengadil-pengadil yg ~ depan-depan secara berhadapan langsung secara bertentang mata bersemuka: kalau tidak boleh bercakap secara ~ dgn pasangan telefonlah sahaja kalau ingin menegurnya tegurlah ~ secara baik berdepan bertemu bersua muka berhadapan: perasaanku senang sekali apabila ~ dgn anak-anak itu berdepan-depan berhadap-hadapan bersemuka mendepan menghadap menghala mengarah ke: ibunya tidak berbaju hanya berkemban gantung sahaja dan separuh dadanya terbuka ~ angin mendepani 1. berada di depan sesuatu: tinggallah Masniah keseorangan yg sedang ~ Mat Deli dgn degup jantungnya yg kencang 2. berusaha tidak mahu ketinggalan mendahului: Adi dirasakan begitu besar ~nya dlm setiap bidang mengedepankan mengutarakan mengemukakan: ~ permohonan kpd pihak yg berkenaan terdepan yg di depan sekali: askar-askar kita yg di medan perang ~ semuanya berjaga-jaga.Kamus Dewan Edisi Keempat[de.pan]  Definisi :hadapan muka: Selepas makan mereka berbual-bual di ruang ~. minggu bulan tahun ~ minggu bulan tahun yg akan datang. berdepan 1 bertemu muka bersua: Dia berasa takut apabila ~ dgn gurunya. 2 ki berlawan beradu bertarung: Ada perajurit Majapahit yg ingin ~ dgn pahlawan Melaka. berdepan-depan berhadap-hadapan bersemuka. mendepan menghadap menghala ke sesuatu arah: Dia ~ saya apabila dia menceritakan hal itu. mendepani berhadapan dgn: ~ masalah. terdepan di depan sekali: Askar-askar dlm barisan yg ~ selalu kena tembak. di depan di hadapan di muka: Dia berdiri ~ pintu melihat suaminya pergi. ke depan ke hadapan maju mara: Dia ~ menemui lawannya. mengedepankan 1 meletakkan menempatkan di hadapan: Dia ~ kerusi itu. 2 mengemukakan mengutamakan: Mereka ~ cadangan-cadangan yg baik itu.Kamus Pelajar Edisi Kedua,-,-
yang,[yang]  Definisi :1. Lin kata penghubung utk menyatakan bahawa kata keterangan berikutnya dipentingkan atau menunjukkan kelainan: rumah ~ besar itu orang ~ sakit itu 2. Lin kata penghubung utk menyatakan bahawa katakata ayat berikutnya ialah penjelasan utk kata-kata sebelumnya: banyak orang ~ ingin bersalam dengannya 3. kata yg digunakan sbg kata penyerta kata yg menentukan kata benda kata sandang: ~ penting bagi kita ialah mengenai dasar ~ kaya sama kaya 4. sl adapun akan: ~ hutang tuan hamba sekati emas itu halallah dunia akhirat 5. bp kata peng-hubung utk menyatakan isi atau huraiankata ayat sebelumnya bahawa: mengertilah cikgu itu ~ pandangan itu bermaksud meminta nasihat Y~ Amat Arif rujukan kehormat utk Ketua Hakim Negara dlm situasi formal spt di mahkamah dsb Y~ Amat Berbahagia rujukan kehormat yg digunakan utk mereka yg bergelar Tun dan Toh Puan Y~ Amat Berhormat rujukan kehormat yg digunakan utk Perdana Menteri Timbalan Perdana Menteri dan Menteri Besar Y~ Amat Mulia rujukan kehormat yg digunakan utk Undang luak di Negeri Sembilan Y~ Arif rujukan kehormat yg digunakan utk Hakim pd situasi yg formal spt di mahkamah dsb Y~ Berbahagia rujukan kehormat yg digunakan utk mereka yg bergelar Tan Sri Puan Sri Datuk Seri Datin Seri Datuk Paduka Datin Paduka Dato Datuk dan Datin yg bukan wakil rakyat Y~ Berhormat rujukan kehormat yg digunakan utk Menteri Timbalan Menteri Yang Dipertua Dewan Negara Yang Dipertua Dewan Rakyat Yang Dipertua Dewan Negeri Ahli Dewan Rakyat Ahli Dewan Negara dan Ahli Dewan Undangan Negeri Y~ Berhormat Mulia rujukan kehormat yg digunakan utk Menteri Timbalan Menteri Yang Dipertua Dewan Negara Yang Dipertua Dewan Rakyat Yang Dipertua Dewan Negeri Ahli Dewan Rakyat Ahli Dewan Negara dan Ahli Dewan Undangan Negeri yg berketurunan raja Y~ Dipertua orang yg dilantik menjadi ketua sesuatu persatuan perkumpulan dll Y~ Dipertua Negeri gelaran utk ketua negeri bagi Melaka Pulau Pinang Sabah dan Sarawak Y~ Dipertuan gelaran utk raja yg memerintah sultan tuanku Y~ di-Pertuan Agong gelaran utk Ketua Negara Malaysia Y~ Maha Kuasa Tuhan Allah Y~ Maha Mulia rujukan kehormat utk sultan atau raja yg memerintah Y~ Mulia rujukan kehormat utk mereka yg bergelar Tengku Raja Syed Engku Ungku dan Datu Y~ Teramat Mulia rujukan kehormat utk keluarga diraja yg terdekat.Kamus Dewan Edisi Keempat[yang]  Definisi : yang-yang dewa beryang-yang membaca mantera memanggil dewa-dewa memuja dewa-dewa: maka tuan puteri pun mengambil gaharu cendana janggi dibakarnya sambil ~ Tuanku Malim Deman pun berangkatlah bersiram di dlm taman itu ~ mengamalkan sekalian ilmu hikmat kayangan tempat kediaman segala dewa keinderaan.Kamus Dewan Edisi Keempat[yang]  Definisi :1 kata utk mengasingkan sesuatu supaya jelas kelainannya: Telur ~ kecil di atas meja itu telur burung. 2 kata utk menentukan sesuatu sbg benda: ~ tinggi itu bangunan Parlimen. 3 kata yg menghubungkan benda dgn penerangnya: Rumah ~ baru dibelinya itu rumah batu. ~ Dipertua orang yg dilantik menjadi ketua sesuatu perkumpulan persatuan dll. ~ Dipertuan gelaran utk raja yg memerintah. ~ Maha Kuasa Tuhan Allah.Kamus Pelajar Edisi Kedua[yang]  Definisi :  yang-yang dewa. beryang-yang memuja dewa-dewa.Kamus Pelajar Edisi Kedua,-,-
insya-allah,Definisi :Ar jika diizinkan Allah.Kamus Dewan Edisi KeempatDefinisi :jika diizinkan Allah.Kamus Pelajar Edisi Kedua,-,-
anwar,-,-,-
pekerjaan,[pe.ker.ja.an]  Definisi :sesuatu yg diusahakan dilakukan berterusan kerana mencari nafkah: ~nya yg baru ini menjadikan hidupnya agak senangKamus Dewan Edisi Keempat[pe.ker.ja.an]  Definisi :1. sesuatu yg dikerjakan dilakukan dibuat perbuatan: ~mu membakar negeri Langkapuri itu juga bukan ~ laki-laki 2. sesuatu yg dilakukan harus dilakukan sbg tanggungjawab kewajiban tugas: sempurnalah ~ yg dititahkan paduka ayahanda itu ~nya membersihkan pekarangan rumah belum selesai ~ Allah kewajiban kpd Allah 3. sesuatu usaha kegiatan dsb yg dilakukan berterusan dr sehari ke sehari utk keperluan hidup usaha atau kegiatan utk mendapatkan wang pencarian: pd masa itu bapaku memegang ~ tuan syahbandar Holanda mereka semua mahukan ~ yg memberikan pendapatan yg besar ~ kolar putih kerja spt yg dilakukan oleh golongan pengurusan profesional perkeranian dsb iaitu bukan kerja kasar yg memerlukan kekuatan tenaga ~ tangan kerja membuat barang-barang dgn tangan spt menganyam dll 4. ark pergerakan atau perjalanan sesuatu: beliau menerangkan ~ jentera itu kpd pelawat-pelawat 5. majlis istiadat perkahwinan dll: banyak dia berbelanja kerana ~ kahwin anaknya ~ baik lekas-lekaskan jangan ditimpa ~ buruk ~ buruk lambat-lambatkan untung-untung datang ~ baik prb Mn pekerjaan baik spt pekerjaan kahwin hendaklah disegerakan melakukannya supaya tidak ada apa-apa halangan sebaliknya pekerjaan yg tidak baik hendaklah ditangguhkan supaya dapat difikirkan dgn lebih telitiKamus Dewan Edisi Keempat[pe.ker.ja.an]  Definisi :1 sesuatu yg dilakukan utk mencari nafkah hidup pencarian: ~ mereka ialah bercucuk tanam dan menangkap ikan. 2 sesuatu yg dikerjakan atau yg dibuat: Demikianlah ~nya setiap hari.Kamus Pelajar Edisi Kedua[pe.ker.ja.an]  Definisi :sesuatu yg dilakukan oleh seseorang utk mencari nafkah pencarian: Ada yg ~nya berladang dan ada pula yg berniaga. 2 sesuatu yg mesti dilaksanakan tugas: Tiap-tiap orang hendaklah menjalankan ~ masing-masing. 3 kegiatan atau usaha melakukan sesuatu: ~nya tiap-tiap hari tiada lain drpd membaca surat khabar. ~ kayu pertukangan kayu spt membuat kerusi dll.Kamus Pelajar Edisi Kedua,kata nama,High
sektor,[sék.tor]  Definisi :séktor 1. bahagian bulatan yg letaknya di antara dua garisan lurus dr pusat bulatan itu tembereng tajam 2. bahagian daerah pertempuran ketenteraan 3. bidang sesuatu usaha kegiatan industri pertanian dll: ~ pertanian merupakan tulang belakang eko-nomi Malaysia ~ awam bidang yg berkaitan dgn kerajaan dan orang ramai ~ swasta bidang yg berkaitan dgn pihak swasta spt syarikat-syarikat perniagaan dsb.Kamus Dewan Edisi Keempat[sék.tor]  Definisi :séktor 1 bidang sesuatu usaha spt pertanian perkilangan: Menjelang tahun 1990 kerajaan mengharapkan kaum Bumiputera memiliki modal sebanyak 30 dlm ~ perniagaan. 2 bahagian dlm bulatan yg terletak di antara dua garis lurus dr pusat bulatan itu tembereng tajam. 3 bahagian daerah pertempuran.Kamus Pelajar Edisi Kedua,kata nama,High
kerajaan,[ke.ra.ja.an]  Definisi :1. negeri atau negara yg dikepalai oleh raja: ~ Malaysia ~ Arab Saudi 2. pemerintahan negara: ~ Indonesia berparlimen 3. martabat kedudukan raja: setelah nenda hilang ayahanda Badanul menggantikan nenda di atas ~ 4. tanda-tanda alat kebesaran raja: pakaian ~ payung ~ takhta ~ 5. sifat sbg raja: jika tiada diketahuinya tujuh perkara tiada layak ia naik raja dan tiada sempurna ~nya 6. sl naik takhta menjadi raja: jika ia ~ tiada akan sempurna negeri iniKamus Dewan Edisi Keempat[ke.ra.ja.an]  Definisi :1 negeri atau negara yg mempunyai raja sbg kepala pemerintahannya: ~ Arab Saudi. 2 pemerintahan atau pemerintah sesebuah negara: ~ Thailand. 3 naik takhta menjadi raja: Jika ia ~ tiada akan sempurna negeri ini. ~ campuran pemerintahan yg anggota kabinetnya terdiri drpd berbagai-bagai parti bukan drpd satu parti politik. ~ pusat pemerintahan yg bersifat kebangsaan iaitu seluruhnya bukan kerajaan negeri atau bahagian. ~ tempatan 1 pemerintahan pentadbiran di peringkat daerah spt pekan bandar. 2 sistem kerajaan yg meletakkan pentadbiran hal ehwal kerajaan pd pihak berkuasa setempat mis majlis perbandaran dan majlis daerah.Kamus Pelajar Edisi Kedua,kata nama,High
bekerja,[be.ker.ja]  Definisi :1. melakukan atau menjalankan sesuatu atau berbagai-bagai kegiatan usaha tugas dsb utk menghasilkan menyelesaikan menyediakan dll sesuatu: setiap pegawai dan kakitangan yg lain ~ bersungguh-sungguh utk menghasilkan sebuah kamus yg baik beberapa orang buruh sedang ~ keras membaiki jalan raya 2. mengusahakan sesuatu atau melibatkan diri dlm kegiatan tertentu utk mencari nafkah memperoleh pendapatan: ada antara mereka yg menjadi pengemis kerana malas ~ sebahagian besar drpd siswazah itu sudah pun ~ 3. pergi menghadirkan diri ke tempat kerja spt pejabat dll dan menjalankan tugas dan tanggungjawab: saya bercuti selama tiga hari dan akan balik ~ pd hari KhamisKamus Dewan Edisi Keempat[be.ker.ja]  Definisi :membuat atau melakukan sesuatu kerja: Dia tidak ~ hari ini kerana sakit.Kamus Pelajar Edisi Kedua,kata nama,High
memacu,[me.ma.cu]  Definisi :1. menggesa kuda dgn menusukkan pacu supaya berlari deras: maka Arung Lenga pun ~ kudanya 2. ki melarikan deras-deras kereta dll: dipacunya motosikalnya dgn laju 3.  memacukan memperlumbakan 4. menggerakkan sesuatu kegiatan ekonomi pembangunan dsb dgn lebih cepat atau pesat memesatkan: beberapa strategi utk ~ pertumbuhan ekonomi negara mereka berjaya menggunakan pengetahuan dan pengalaman utk ~ perniagaan masing-masingKamus Dewan Edisi Keempat[me.ma.cu]  Definisi :1 menggesa kuda dgn pacu supaya kencang larinya: Ketika itu juga Nikman ~ kudanya pergi memeriksa pasukan askarnya. 2 mengencangkan perjalanan kereta motosikal dll: Dia ~ keretanya di medan perlumbaan. 3 menggerakkan sesuatu kegiatan ekonomi pembangunan dsb dgn lebih cepat atau pesat memesatkan: Beberapa strategi telah dilaksanakan utk ~ pertumbuhan ekonomi.Kamus Pelajar Edisi Kedua,kata nama,High
masa,[ma.sa]  Definisi :1. waktu ketika: ~ dan tempat per-undangan itu harus dipersetujui bersama oleh kedua-dua pihak bila-bila ~ 2. jangka waktu yg agak lama ketika sesuatu kejadian dll yg penting berlaku zaman ~ Jepun zaman pendudukan Jepun 3. jangka waktu yg tertentu ada permulaan serta batasnya ~ capaian Komp masa yg diperlukan utk mendapatkan data yg diproses ~ kerja waktu yg ditentukan utk sesuatu pekerjaan separuh ~ pertama kedua waktu permainan bola sepak dll dr permulaan hingga pertengahan dr pertengahan hingga akhir ~ depan hadapan datang zaman yg akan datang ~ karbon zaman lapisan karbon terbentuk dlm tanah ~ kecil ketika masih kecil zaman masih budak-budak ~ kering musim kering ~ lampau waktu yg telah lalu lepas ~ lapang lega waktu senggang ~ peralihan masa berlaku perubahan atau pergantian drpd suatu keadaan kpd keadaan lain ~ Permian Geo zaman selepas zaman karbon ~ rehat waktu utk berehat dr se~ ke se~ dr satu waktu ke waktu lain semasa 1. sama masa dgn pd ketika yg sama: beliau juga hidup hampir ~ dgn sejarah yg ditulisnya 2. sewaktu pd ketika: ~ Datuk Ujang bergerak ke muka pintu ia keluar perlahan-lahan 3. dr masa zaman yg diperkatakan dr masa yg sama: hal-hal yg menarik perhatian ~ semasa-masa sewaktu-waktu pemasaan perihal atau proses menentukan mengatur atau mengawal masa bagi sesuatu operasi dsb: ~ yg tidak betul juga boleh me-nyebabkan salah satu kebuk pembakaran dimasuki pelincir pemasa alat utk mengatur dan mengawal masa operasi sesuatu mesin peranti dsb.Kamus Dewan Edisi Keempat[ma.sa]  Definisi : masakan mana boleh tidak akanlah tidak mungkin: kalau tidak ~ sampai bertahun-tahun ia dapat melakukan per-dagangan gelap kalau cendawan sudi tum-buh ~ bumi tidak terima ~ bodoh a tidak mempedulikan apa-apa bterserah bersikap ~ bodoh tidak mempedulikan atau mengendahkan hal orang lain dll.Kamus Dewan Edisi Keempat[ma.sa]  Definisi :1 hari atau bahagian hari yg tidak ditentukan bila boleh jadi telah lalu sekarang ataupun akan datang ketika waktu: ~ dan tempat mesyuarat itu diadakan tidak disebut. 2 jangka waktu tertentu yg ada awal dan ada akhirnya: ~ kerja ~ sekolah. 3 waktu yg agak lama tempohnya dan ada sesuatu peristiwa penting berlaku zaman: Pd ~ Jepun dahulu saya masih kecil. ~ capaian ist masa yg diperlukan utk mendapatkan data yg diproses. ~ nyata a. masa sebenar berlakunya sesuatu perkara atau peristiwa. b. bkn sistem pemprosesan komputer dlm talian yg menerima dan memproses data secepat mungkin utk menghasilkan aktiviti atau proses berterusan. ~ rosak ist selang atau tempoh masa apabila sesuatu peranti tidak dpt beroperasi disebabkan berlaku kerosakan pd peranti tsb. pemasa alat utk mengukur dan mengawal masa operasi atau masa berjalannya sesuatu mesin peralatan dsb. semasa 1 pd ketika pd waktu: Dia datang tadi ~ saya tidak ada di rumah. 2 sedang berlaku atau bkn masa kini sekarang: hal ehwal ~.Kamus Pelajar Edisi Kedua[ma.sa]  Definisi : masakan mana boleh tidak mungkin mustahil: Dia orang bijak ~ dia tidak mengerti.Kamus Pelajar Edisi Kedua,kata nama,High
kita,[ki.ta]  Definisi :1 saya dan kamu semua: Mari ~ pergi berkelah. 2 saya aku: Sudah lama juga ~ menunggu awak di sini.Kamus Pelajar Edisi Kedua,kata nama,High
lebih,[le.bih]  Definisi :1 melampaui had yg biasa bertambah drpd yg dahulu lw kurang: Panjangnya ~ satu meter dan lebarnya kurang sepuluh sentimeter. 2 sesuatu yg tinggal sesudah diambil dll baki sisa: Dia membelanjakan wangnya sepuluh ringgit ~nya disimpan. 3 bertambah semakin: Dia ~ berani berbahas di depan orang ramai sekarang. 4 dlm perbandingan menyatakan sangat .... drpd: Saya ~ senang di sini drpd di sana. ~ kurang kira-kira agak-agak. ~ masa melakukan kerja pd masa luar waktu kerja yg rasmi. lebih-lebih  ~ lagi tambahan pula istimewa pula. berlebih 1 ada bakinya: Takkanlah gaji sebanyak itu tidak ~. 2 banyak sangat: Bilik darjah itu sudah ~ kerusinya. ~ kurang bertolak ansur. berlebih-lebih 1 berlebih banyak: Bekalan yg dikirim terlalu banyak sehingga ~. 2 lebih drpd keadaan yg sebenarnya: Beliau telah menceritakan peristiwa itu dgn ~. berlebihan terlalu atau sangat banyak dll: Membaja pokok secara ~ tidak mendatangkan faedah. melebih berbuat atau berkata lebih drpd yg sebenarnya. melebihi menjadi lebih drpd mengatasi melampaui: Markahnya tidak dpt ~ markah kakaknya. melebihkan 1 menjadikan lebih membanyakkan: Ilmu pengetahuan dpt ditambah dgn ~ pembacaan. 2 menganggap lebih penting atau lebih berguna: Dia ~ ilmu pengetahuan drpd harta benda. melebih-lebihkan menambah-nambah sehingga menjadi lebih drpd yg sebenarnya: Dia pandai ~ perkara yg kecil. terlebih 1 paling lebih pintar kecil mustahak dll: Ahmadlah yg ~ cerdik dlm darjahnya. 2 terlampau banyak dll: Gulai ini ~ garam. lebihan jumlah pendapatan hasil dsb yg lebih banyak drpd yg sepatutnya atau yg lebih drpd yg diperlukan. kelebihan 1 sesuatu yg melebihi kebiasaan keistimewaan: Amin mempunyai ~ yg banyak walaupun kedua-dua belah matanya buta. 2 bilangan yg berlebih atau yg lebih banyak: Joe Frazier menang dlm perlawanan itu dgn mendapat ~ mata. selebih selebihnya baki drpd sesuatu lebihnya.Kamus Pelajar Edisi Kedua,kata nama,High
kata,-,kata nama,High
bernama,[ber.na.ma]  Definisi :1. memakai nama mempunyai nama: pekannya ~ Simpang Empat 2. mendapat nama masyhur terkenal: penulis yg belum ~Kamus Dewan Edisi Keempat[ber.na.ma]  Definisi :akronim bagi Berita Nasional Malaysia.Kamus Dewan Edisi Keempat[ber.na.ma]  Definisi :1 mempunyai atau memakai nama: Akulah yg ~ Taming Sari. 2 mendapat nama terkenal masyhur: Baginda telah memanggil seluruh tabib yg ~ utk mengubati puterinya.Kamus Pelajar Edisi Kedua,kata nama,High
terus,[te.rus]  Definisi :1. menuju ke sesuatu tempat dgn tidak singgah di mana-mana langsung tidak terhalang atau terhenti lantas: dr kamar tidur dia ~ ke bilik mandi 2. tidak berhenti tidak terhenti-henti sentiasa bergerak berjalan dll: kereta yg mereka naiki itu ~ berjalan 3. tidak putus-putusnya berkepanjangan berlarut-larut selalu: negeri ini bergantung ~ pd getah dan timah sahaja 4. langsung ke sebelah apa yg ditikam dll lantas menembus tembus: ditikamnya sekali lagi kena rusuknya ~ maka rusa itu tiada boleh lari lagi lalu mati 5. tidak bertangguh-tangguh lagi dgn segera lalu langsung: sesampai di kampung aku ~lah pergi ke paya 6. tidak berwakil kpd sesiapa langsung: di samping beberapa jabatan kerajaan yg dijaga ~ oleh menteri terdapat juga beberapa lembaga atau perbadanan ... 7. tidak bercampur atau berlapis jati tulen emas ~ emas tulen bukan saduran ~ mata pelihatan pandang dapat mengetahui apa yg tersembunyi yg akan terjadi seterusnya 1. selepas itu ... lalu lantas ...: aku ~ pergi ke rumah Ah Seng 2. selanjutnya: biarlah kita terima dulu jaminan tersebut utk diperhatikan ~ 3.  dan ~ dan lain-lainnya dan yg lain-lainnya 4. tetap selama-lamanya: beliau telah mengadakan mesyuarat utk menentukan ~ langkah-langkah yg diambil mengenai perkara tersebut 5. yg berikutnya: Khatijah memandangnya berasa takjub ditanya ~ itu 6. sejak dr itu ... mulai sekarang: dia ~ tidak berani lagi melakukan perkara itu berterusan tidak berkeputusan berlanjutan berkepanjangan: dia menangis ~ menerus 1. menembus melantas: jahitan ini tidak boleh ~ ke sebelah luar 2. meresap mengalir dll keluar atau masuk 3. jauh dr permulaan lanjut terus: maka dilihat Bendahara betul kepala Tun Mutahir bernyala cahaya ~ ke langit terus-menerus 1.  terus-terusan tidak berkeputusan tidak berhenti-henti tidak putus-putus berterusan: mestikah mereka ~ hidup dlm alam kekolotan 2. secara langsung siaran televisyen dll bukan pertunjukan filem: kira-kira 16000 orang telah menyaksikan perlawanan yg disiarkan ~ oleh televisyen ke beberapa buah negeri menerusi 1. masuk sampai ke melantas pd menembus pd: jahitan yg awal dan yg akhir sahaja yg ~ kain yg lain itu lalu di bawah urat benang sahaja 2. dgn perantaraan melalui: masukkan sehelai benang halus ~ lubang-lubang pd kertas tebal itu dia mengirim buku-buku itu ~ saya meneruskan 1. menembuskan melantaskan 2. melanjutkan melangsungkan menyam-bungkan: dr situ mereka ~ perjalanan mereka ke arah selatan dia bercadang hendak ~ pelajarannya ke universiti 3. mengirim terus kpd menyampaikan menyerahkan terus kpd: surat itu diteruskan kpd ketua rapat yg dgn segera pula ~ kpd Kadir terusan 1. sungai buatan dll yg menghubungkan dua lautan utk pelayaran susukan: T~ Panama T~ Suez 2. bp sambungan lanjutan: ini adalah ~ drpd cerita dahulu 3. bp terus-terusan terus-menerus keberterusan perihal keadaan yg berterusan: hasrat terhadap ~ dlm hubungan antara negara penerusan perihal perbuatan dsb meneruskan pelanjutan kelanjutan: masih ada kekecualian tertentu yg mengizinkan ~ penggunaan bahasa Inggeris penerus 1. orang golongan yg meneruskan melanjutkan sesuatu aktiviti penyumbang: melahirkan titisan zuriat Islam yg murni sbg ~ generasi Islamiah pd masa hadapan 2. Kej peranti elektronik yg digunakan utk menukar arus ulang-alik kpd arus terus tanpa menggunakan dinamo atau mesin elektrik.Kamus Dewan Edisi Keempat[te.rus]  Definisi :1 tidak singgah atau tidak berhenti di mana-mana: Kapal terbang yg kami tumpangi itu terbang ~ ke London. 2 tidak berlengah-lengah atau tidak bertangguh lagi langsung lalu: Sesampai di kampung aku ~ pergi ke rumah datuk penghulu. 3 tidak henti-henti tidak putus-putus ttg peperangan dll: Pertempuran sengit ~ menghebat hingga jauh malam. berterusan berlaku dgn tidak henti-henti berpanjangan berlanjutan. terus-menerus 1 tidak henti-henti berterusan: Mestikah mereka ~ hidup dlm kemiskinan 2 secara langsung ttg siaran televisyen bukan rakaman: Pertandingan bola itu akan disiarkan ~ oleh RTM pd malam ini. menerusi dgn perantaraan melalui: Pencuri masuk ke dlm rumah itu ~ tingkap. Dia mengirim wang itu ~ kawannya. meneruskan menyambung perjalanan pelajaran dll melanjutkan: Keesokan harinya pengembara-pengembara itu pun ~ perjalanan mereka kembali. Saya bercita-cita hendak ~ pelajaran saya ke universiti. terusan sungai buatan yg menyambungkan dua buah lautan biasanya utk pelayaran: ~ Panama ~ Suez. keterusan keadaan atau hal terus. penerusan perbuatan atau hal meneruskan penyambungan pelanjutan. penerus orang yg meneruskan: ~ warisan bangsa. seterusnya 1 selepas itu sesudah itu selanjutnya: ~ Datuk Mufti menerangkan segala rukun haji. 2 sejak itu bermula dr sekarang. 3  dan ~ dan yg lain-lain.Kamus Pelajar Edisi Kedua,kata tugas,Moderate
untuk,[un.tu]  Definisi :1. ditentukan disediakan bagi merupa-kan bahagian seseorang dll: tanah getah yg lima ekar ini ~mu dan tanah sawah yg dua ekar itu ~ adikmu 2. guna bagi buat: wang ~ membeli makanan ruang ~ bekerja 3. digunakan dipakai sebagai dijadikan supaya menjadi atau dijadikan: ditumbuknya kulit kayu itu halus-halus ~ ubat dibawanya buluh rencong ~ senjata 4. bermaksud hendak: saya terlalu takut ~ lari 5. diberikan dihantar kepada: beliau telah mengirim wang RM50.00 ~ ayahnya 6. melakukan mengerjakan sesuatu supaya supaya dapat: ~ melihat dgn jelas penyimpangan dr segi bentuk ini di bawah ini diturunkan dua rangkap permulaan Syair Sinyor Kosta ~ memahami keadaan yg berlaku sekarang ini perlu dikaji perkembangan-perkem-bangan sebelumnya beruntuk 1. sudah menerima bahagian masing-masing sudah memiliki bahagian masing-masing 2. sudah ditetapkan bahagian masing-masing: pusaka itu belum lagi ~ memperuntukkan menguntukkan menetapkan mencadangkan menyediakan bagi membahagikan atau mengekhaskan bagi sesuatu tujuan keperluan dll: perbelanjaan mengadakan pertandingan itu tahun ini diperuntukkan sebanyak RM60 000 maka kerajaan terpaksa ~ lebih banyak wang utk pertahanan dan keselamatan negara teruntuk 1. sudah ditetapkan sbg bahagian seseorang sesuatu keperluan dll 2. ditetap-kan dikhususkan bagi seseorang peruntukan 1. sesuatu yg telah diuntukkan bahagian atau jumlah wang dll yg ditetapkan ditentukan utk: Dewan Rakyat telah me-luluskan ~ utk membina rumah-rumah pemulihan akhlak 2. syarat atau ketentuan dlm undang-undang dsb: ~ undang-undang utk membataskan poligami.Kamus Dewan Edisi Keempat[un.tu]  Definisi :1 ditentukan atau disediakan bagi dikhaskan bagi: Baju dua helai ini ~ kakakmu. 2 buat guna: tepung ~ membuat kuih. 3 digunakan atau dipakai sbg dijadikan sbg: Dia telah membawa pisau ~ senjata. 4 bermaksud akan hendak: Ia ke bandar ~ membeli kasut. beruntuk sudah mempunyai bahagiannya masing-masing telah ditentukan bahagiannya. menguntukkan menyediakan atau menetapkan bagi: Ayahnya sudah ~ wang tiga ribu ringgit sbg belanja perkahwinannya nanti. peruntukan sesuatu yg diuntukkan bahagian yg disediakan utk sesuatu: ~ sudah dibuat utk membina surau itu.Kamus Pelajar Edisi Kedua,kata tugas,Moderate
lebih,[le.bih]  Definisi :1 melampaui had yg biasa bertambah drpd yg dahulu lw kurang: Panjangnya ~ satu meter dan lebarnya kurang sepuluh sentimeter. 2 sesuatu yg tinggal sesudah diambil dll baki sisa: Dia membelanjakan wangnya sepuluh ringgit ~nya disimpan. 3 bertambah semakin: Dia ~ berani berbahas di depan orang ramai sekarang. 4 dlm perbandingan menyatakan sangat .... drpd: Saya ~ senang di sini drpd di sana. ~ kurang kira-kira agak-agak. ~ masa melakukan kerja pd masa luar waktu kerja yg rasmi. lebih-lebih  ~ lagi tambahan pula istimewa pula. berlebih 1 ada bakinya: Takkanlah gaji sebanyak itu tidak ~. 2 banyak sangat: Bilik darjah itu sudah ~ kerusinya. ~ kurang bertolak ansur. berlebih-lebih 1 berlebih banyak: Bekalan yg dikirim terlalu banyak sehingga ~. 2 lebih drpd keadaan yg sebenarnya: Beliau telah menceritakan peristiwa itu dgn ~. berlebihan terlalu atau sangat banyak dll: Membaja pokok secara ~ tidak mendatangkan faedah. melebih berbuat atau berkata lebih drpd yg sebenarnya. melebihi menjadi lebih drpd mengatasi melampaui: Markahnya tidak dpt ~ markah kakaknya. melebihkan 1 menjadikan lebih membanyakkan: Ilmu pengetahuan dpt ditambah dgn ~ pembacaan. 2 menganggap lebih penting atau lebih berguna: Dia ~ ilmu pengetahuan drpd harta benda. melebih-lebihkan menambah-nambah sehingga menjadi lebih drpd yg sebenarnya: Dia pandai ~ perkara yg kecil. terlebih 1 paling lebih pintar kecil mustahak dll: Ahmadlah yg ~ cerdik dlm darjahnya. 2 terlampau banyak dll: Gulai ini ~ garam. lebihan jumlah pendapatan hasil dsb yg lebih banyak drpd yg sepatutnya atau yg lebih drpd yg diperlukan. kelebihan 1 sesuatu yg melebihi kebiasaan keistimewaan: Amin mempunyai ~ yg banyak walaupun kedua-dua belah matanya buta. 2 bilangan yg berlebih atau yg lebih banyak: Joe Frazier menang dlm perlawanan itu dgn mendapat ~ mata. selebih selebihnya baki drpd sesuatu lebihnya.Kamus Pelajar Edisi Kedua,kata tugas,Moderate
terus,[te.rus]  Definisi :1. menuju ke sesuatu tempat dgn tidak singgah di mana-mana langsung tidak terhalang atau terhenti lantas: dr kamar tidur dia ~ ke bilik mandi 2. tidak berhenti tidak terhenti-henti sentiasa bergerak berjalan dll: kereta yg mereka naiki itu ~ berjalan 3. tidak putus-putusnya berkepanjangan berlarut-larut selalu: negeri ini bergantung ~ pd getah dan timah sahaja 4. langsung ke sebelah apa yg ditikam dll lantas menembus tembus: ditikamnya sekali lagi kena rusuknya ~ maka rusa itu tiada boleh lari lagi lalu mati 5. tidak bertangguh-tangguh lagi dgn segera lalu langsung: sesampai di kampung aku ~lah pergi ke paya 6. tidak berwakil kpd sesiapa langsung: di samping beberapa jabatan kerajaan yg dijaga ~ oleh menteri terdapat juga beberapa lembaga atau perbadanan ... 7. tidak bercampur atau berlapis jati tulen emas ~ emas tulen bukan saduran ~ mata pelihatan pandang dapat mengetahui apa yg tersembunyi yg akan terjadi seterusnya 1. selepas itu ... lalu lantas ...: aku ~ pergi ke rumah Ah Seng 2. selanjutnya: biarlah kita terima dulu jaminan tersebut utk diperhatikan ~ 3.  dan ~ dan lain-lainnya dan yg lain-lainnya 4. tetap selama-lamanya: beliau telah mengadakan mesyuarat utk menentukan ~ langkah-langkah yg diambil mengenai perkara tersebut 5. yg berikutnya: Khatijah memandangnya berasa takjub ditanya ~ itu 6. sejak dr itu ... mulai sekarang: dia ~ tidak berani lagi melakukan perkara itu berterusan tidak berkeputusan berlanjutan berkepanjangan: dia menangis ~ menerus 1. menembus melantas: jahitan ini tidak boleh ~ ke sebelah luar 2. meresap mengalir dll keluar atau masuk 3. jauh dr permulaan lanjut terus: maka dilihat Bendahara betul kepala Tun Mutahir bernyala cahaya ~ ke langit terus-menerus 1.  terus-terusan tidak berkeputusan tidak berhenti-henti tidak putus-putus berterusan: mestikah mereka ~ hidup dlm alam kekolotan 2. secara langsung siaran televisyen dll bukan pertunjukan filem: kira-kira 16000 orang telah menyaksikan perlawanan yg disiarkan ~ oleh televisyen ke beberapa buah negeri menerusi 1. masuk sampai ke melantas pd menembus pd: jahitan yg awal dan yg akhir sahaja yg ~ kain yg lain itu lalu di bawah urat benang sahaja 2. dgn perantaraan melalui: masukkan sehelai benang halus ~ lubang-lubang pd kertas tebal itu dia mengirim buku-buku itu ~ saya meneruskan 1. menembuskan melantaskan 2. melanjutkan melangsungkan menyam-bungkan: dr situ mereka ~ perjalanan mereka ke arah selatan dia bercadang hendak ~ pelajarannya ke universiti 3. mengirim terus kpd menyampaikan menyerahkan terus kpd: surat itu diteruskan kpd ketua rapat yg dgn segera pula ~ kpd Kadir terusan 1. sungai buatan dll yg menghubungkan dua lautan utk pelayaran susukan: T~ Panama T~ Suez 2. bp sambungan lanjutan: ini adalah ~ drpd cerita dahulu 3. bp terus-terusan terus-menerus keberterusan perihal keadaan yg berterusan: hasrat terhadap ~ dlm hubungan antara negara penerusan perihal perbuatan dsb meneruskan pelanjutan kelanjutan: masih ada kekecualian tertentu yg mengizinkan ~ penggunaan bahasa Inggeris penerus 1. orang golongan yg meneruskan melanjutkan sesuatu aktiviti penyumbang: melahirkan titisan zuriat Islam yg murni sbg ~ generasi Islamiah pd masa hadapan 2. Kej peranti elektronik yg digunakan utk menukar arus ulang-alik kpd arus terus tanpa menggunakan dinamo atau mesin elektrik.Kamus Dewan Edisi Keempat[te.rus]  Definisi :1 tidak singgah atau tidak berhenti di mana-mana: Kapal terbang yg kami tumpangi itu terbang ~ ke London. 2 tidak berlengah-lengah atau tidak bertangguh lagi langsung lalu: Sesampai di kampung aku ~ pergi ke rumah datuk penghulu. 3 tidak henti-henti tidak putus-putus ttg peperangan dll: Pertempuran sengit ~ menghebat hingga jauh malam. berterusan berlaku dgn tidak henti-henti berpanjangan berlanjutan. terus-menerus 1 tidak henti-henti berterusan: Mestikah mereka ~ hidup dlm kemiskinan 2 secara langsung ttg siaran televisyen bukan rakaman: Pertandingan bola itu akan disiarkan ~ oleh RTM pd malam ini. menerusi dgn perantaraan melalui: Pencuri masuk ke dlm rumah itu ~ tingkap. Dia mengirim wang itu ~ kawannya. meneruskan menyambung perjalanan pelajaran dll melanjutkan: Keesokan harinya pengembara-pengembara itu pun ~ perjalanan mereka kembali. Saya bercita-cita hendak ~ pelajaran saya ke universiti. terusan sungai buatan yg menyambungkan dua buah lautan biasanya utk pelayaran: ~ Panama ~ Suez. keterusan keadaan atau hal terus. penerusan perbuatan atau hal meneruskan penyambungan pelanjutan. penerus orang yg meneruskan: ~ warisan bangsa. seterusnya 1 selepas itu sesudah itu selanjutnya: ~ Datuk Mufti menerangkan segala rukun haji. 2 sejak itu bermula dr sekarang. 3  dan ~ dan yg lain-lain.Kamus Pelajar Edisi Kedua,kata kerja,Moderate
keras,[ke.ras]  Definisi :1. kuat dan padu serta tidak mudah pecah patah bengkok dll atau berubah bentuknya tidak lembut empuk lunak: hanya tulang-tulangnya yg ~ sahaja masih tinggal tidak hancur keluli lebih ~ drpd besi daging ini sangat ~ pakaian ~ pakaian berkanji dan berseterika 2. dgn giat atau bersungguh-sungguh dgn sepenuh tenaga atau usaha dgn sungguh-sungguh hati meminta mendesak dsb: beberapa orang yg cekap dan sanggup bekerja ~ diperlukan mereka meminta ~ supaya ia sendiri datang 3. dgn tidak berganjak atau berubah sikap teguh kukuh kuat: berpegang ~ kpd faham dan kepercayaan kuno kemahuan yg ~ 4. tidak dgn sikap bertolak ansur bkn bantahan tentangan dsb tegas: ibunya membantah ~ niatnya hendak mengahwini gadis itu 5. tidak secara sembarangan atau mahu tidak mahu rapi pemeriksaan kawalan dll ketat sungguh-sungguh: terlalu ~ pemeriksaannya sehingga tiap-tiap helai kain dan baju dikira tempat itu dikawal ~ oleh askar-askar yg bersenjata 6. berat akibatnya tidak berdasarkan belas kasihan bkn tindakan dsb tegas tidak berkira-kira: tindakan ~ akan diambil terhadap pegawai dan kakitangan yg curang 7. dgn sesungguhnya tanpa sebarang kelonggaran kekecualian dsb: dilarang ~ masuk tanpa urusan rasmi penonton-penonton dilarang ~ merokok 8. membahayakan dan mungkin membawa maut bkn penyakit teruk berat: terburu-buru ia balik ke kampungnya kerana bapanya sakit ~ 9. kuat tidak lemah tidak mudah ditewaskan dikuasai dsb hebat: inilah tanda patik membunuh perajurit yg terlalu ~ itu diberinya oleh raja Siam ketumbukan yg ~ terlalulah banyak orang mati dan sakit kerana gajah itu sangat ~ jembalangnya 10. kencang deras angin dll sangat lebat hujan: angin pun bertiup terlalu ~ gajah kenaikan dibawa oleh Laksamana dgn ~nya hujan amat ~nya 11. nyaring kuat suara bunyi dll: kedengaran suara ~ pegawai askar itu memberi perintah kpd orang-orangnya sesetengahnya tidur berdengkur dgn ~ 12. tidak lemah lembut atau sopan santun bkn kata-kata boleh menyinggung perasaan: oleh kerana marahnya itu dikeluarkannya kata-kata yg ~ 13. dapat memabukkan bkn minuman spt bir wain wiski dsb terasa kesan tembakaunya apabila dihisap bkn rokok atau cerutu berat sangat kuat kesannya bkn ubat terasa benar sama ada wangi atau busuk dsb bkn bau rangsang bkn bau: kesihatannya merosot kerana kerap meminum minuman ~ rokok ini agak ~ bagi orang yg belum biasa merokok terlalu ~ bau gas ini 14. ketat sumbat botol dll tidak mudah dilentur bkn spring dsb tegang 15. tidak baik kerana kononnya ada penunggunya berpuaka atau berhantu: tempat ini ~ kerana ada puaka ~ batang leher berpegang teguh pd pendirian atau pendapat sendiri tidak mahu mengalah tegar hati mengotot ~ genjur keras sekali bkn sikap tabiat ~ hati a tidak mahu menurut kata orang sangat degil b tidak mudah berasa kecewa terus berusaha bersungguh-sungguh ~ hidung menurut sesuka hati sangat sempit fikirannya ~ kaku  ~ kematu  ~ membatu sangat keras tidak lunak ~ kejur tidak dapat dilentukkan dilenturkan kejang kaku ~ kekung kelengkung Kl Tr sangat keras spt batu ~ keng Kl Tr keras kepala ~ kepala tidak mahu mengalah atau menurut degil tegar ~-~kerak tidak teguh dan tidak dapat diubah dgn pujukan dsb bkn kemahuan ketabahan dsb seseorang ~ lidah tidak dapat melafazkan kata-kata asing dgn mudah susah hendak menyebut sesuatu tidak pandai berkata-kata ~-makas  ~-mangkas terlalu keras bkn buah-buahan dll ~ mulut a tidak mahu dan tidak mudah kalah dlm perdebatan kuat bertengkar b tidak mudah dikendalikan kuda dll ~ bagai batu tinggi bagai langit prb tidak mahu menurut perintah orang atasan ~ ditakik lunak disudu prb Mn hendaklah diberikan segala perintah dgn bijaksana dgn lemah lembut kpd yg menurut dan dgn memaksa kpd yg melawan lunak tak tersudu ~ tak tertakik prb perkataan orang yg bijaksana baik dgn lemah lembut atau dgn kasar tidak dapat disangkal dianjak-anjak kebenarannya berkeras 1. tidak berganjak drpd pendirian kemahuan dsb tidak mahu mengalah bertolak ansur mengotot: kalau ia ~ tidak mahu menjual tanahnya kita tidak boleh buat apa-apa ia ~ tidak mahu mengikut suaminya berpindah 2. bertindak bersikap keras: kalau awak hendak berkasar dan ~ kelak keselamatan awak akan binasa ~ batang leher keras batang leher ~ hati keras hati ~ hidung keras hidung ~ kepala keras kepala berkeras-kerasan sama-sama enggan berlemah lembut atau bertolak ansur dlm pertengkaran perkelahian dll bersikeras berkeras mengotot mengeras 1. menjadi keras tidak lembut tidak lemah lembut dsb: lama-kelamaan kalsium karbonat yg di lapisan luar ~ dan membentuk batu kapur sebentar kemudian terdengar suara orang bercakap melembut dan ~ 2. tidak mahu bertolak ansur berkeras mengerasi 1. memaksa menggagahi: maka dikerasi oleh tuanku Dato Batin Alam suruh ia memukat juga 2. bertindak bersikap keras kpd memperlakukan dgn keras dgn menggunakan paksaan: Esah cukup berjaga-jaga agar tidak pula tertipu ataupun dikerasi oleh anak muda itu keras-~ berkeraskerasan mengeraskan 1. menjadikan keras tidak lembik: ~ tanah liat menjadi periuk belanga batu bata dll 2. ki menguatkan menyaringkan suara memperhebat tindakan sikap dsb menggiatkan usaha memperteguh azam cita-cita dsb: Cikgu Hashim bertanya dgn suara yg agak dikeraskan ~ hati menabahkan memberanikan hati 3. memaksa: ia ~ budak itu tinggal bersamanya memperkeras menjadikan bertambah keras kuat teguh giat hebat dll: perasaan malu umumnya diperkeras oleh sesuatu pendidikan atau adat terkeras terkuat bkn suara bunyi terkasar bkn tindakan sikap dll: suaranya sekali ini agak ~ sedikit kekerasan perihal sifat dsb keras dlm berbagai-bagai erti spt kekuatan kekasaran keazaman kegiatan dll paksaan dlm sesuatu tindakan: dgn ~ sukar dicapai penyelesaian kumpulan jahat yg bertujuan hendak menumbangkan kerajaan dgn ~ telah dapat ditumpaskan pengerasan perihal mengeraskan atau mengerasi tindakan keras pemaksaan dll pengeras 1. jampi utk memperkuat diri atau utk menakutkan memaksa menundukkan orang 2. bayaran kpd pawang kerana berubat atau menuntut ilmu daripadanya 3. alat utk mengeraskan atau menguatkan suara dll 4. sesuatu spt jarum duit syiling dll yg diberikan kpd tukang urut atau bomoh selepas berurut atau berubat dengannya sbg imbalan berpengeraskan menggunakan sesuatu sbg pengeras: dgn hanya ~ duit tujuh sen dan sebatang jarum tembaga.Kamus Dewan Edisi Keempat[ke.ras]  Definisi : ~ tulang Jw sj tumbuhan herba manik muni rami hutan sambau paya sembau sigueh putih Chloranthus officinalis buah ~ sj tumbuhan pokok dan buahnya buah keminbing kemiri Aleurites moluccana buah ~ laut sj tumbuhan pokok barubaru baru laut waru Thespesia populnea bagai buah ~ di dalam sekul prb percakapan yg kelam-kabut.Kamus Dewan Edisi Keempat[ke.ras]  Definisi : ~ ekor sj ikan laut Megalaspis cordyla.Kamus Dewan Edisi Keempat[ke.ras]  Definisi :1 kuat lagi kukuh dan tidak mudah pecah atau tidak mudah berubah keadaannya: Keluli lebih ~ drpd besi. 2 dgn sungguh-sungguh dgn giat kuat: Dia terpaksa bekerja ~ utk mengumpulkan wang. 3 bersifat memaksa tidak bertolak ansur bkn peraturan dll: Merokok di gudang kertas dilarang ~. 4 kuat dan nyaring bkn suara bunyi: Dia bercakap dgn suara yg ~ kpd orang-orangnya. 5 dpt memabukkan bkn minuman dll sangat kuat kesannya bkn ubat dll rangsang bkn bau dll: Dia mabuk kerana terlalu banyak minum minuman ~. Terlalu ~ bau gas ini. ~ hati tidak mahu mengikut kata orang degil. ~ kepala tidak mahu mengalah atau tidak mahu menurut. berkeras tidak mahu mengalah atau tidak mahu bertolak ansur tidak berganjak dr pendiriannya: Dia ~ tidak mahu mengikut suaminya berpindah. mengeras menjadi keras: Agar-agar itu ~ apabila disejukkan. mengerasi 1 bertindak keras terhadap memperlakukan dgn keras: Anaknya terlalu manja kerana tidak pernah dikerasi. 2 menyuruh dgn paksa memaksa menggagahi: Dia tidak suka ~ orang-orang bawahannya. mengeraskan 1 menjadikan keras: Mereka ~ tanah liat itu dgn cara pembakaran. 2 menyaringkan suara menguatkan usaha dll. memperkeras menjadikan lebih atau bertambah keras. kekerasan 1 perbuatan yg keras kekuatan: Orang-orang yg bertujuan hendak menumbangkan kerajaan dgn ~ telah ditangkap. 2 keadaan atau sifat keras kekuatan kekukuhan: ~ kulitnya menyebabkan buah itu sukar dikupas.Kamus Pelajar Edisi Kedua,kata kerja,Moderate
